[2025-11-06 16:34:32 : INFO] - Full Cache Purge triggered by: plugin activation/deactivation 
[2025-11-06 16:36:51 : INFO] - Full Cache Purge triggered by: plugin activation/deactivation 
[2025-11-11 03:04:21 : INFO] - Cache for URL: https://partumdesign.com.mx/automax/ has been purged, triggered by action: wp_trash_post 
[2025-11-11 03:04:25 : INFO] - Cache for URL: https://partumdesign.com.mx/barron-relojeria/ has been purged, triggered by action: wp_trash_post 
[2025-11-11 03:04:42 : INFO] - Cache for URL: https://partumdesign.com.mx/sample-page/ has been purged, triggered by action: wp_trash_post 
[2025-11-11 03:39:21 : INFO] - Cache for URL: https://partumdesign.com.mx/?elementor_library=header-el-buen-fin has been purged, triggered by action: save_post 
[2025-11-11 03:39:21 : INFO] - Cache for author page URL: https://partumdesign.com.mx/author/partum-design-agency/ associated with post_type: elementor_library and Title: "Header El Buen Fin" has been purged, triggered by action: save_post 
[2025-11-11 03:39:21 : INFO] - Cache for URL: https://partumdesign.com.mx/?elementor_library=header-el-buen-fin has been purged, triggered by action: save_post 
[2025-11-11 03:39:21 : INFO] - Cache for author page URL: https://partumdesign.com.mx/author/partum-design-agency/ associated with post_type: elementor_library and Title: "Header El Buen Fin" has been purged, triggered by action: save_post 
[2025-11-11 03:39:21 : INFO] - Cache for URL: https://partumdesign.com.mx/?elementor_library=header-el-buen-fin has been purged, triggered by action: save_post 
[2025-11-11 03:39:21 : INFO] - Cache for author page URL: https://partumdesign.com.mx/author/partum-design-agency/ associated with post_type: elementor_library and Title: "Header El Buen Fin" has been purged, triggered by action: save_post 
[2025-11-11 03:40:03 : INFO] - Cache for URL: https://partumdesign.com.mx/ has been purged, triggered by action: save_post 
[2025-11-11 03:40:03 : INFO] - Cache for author page URL: https://partumdesign.com.mx/author/partum-design-agency/ associated with post_type: page and Title: "Home &#8211; Agencia de Marketing" has been purged, triggered by action: save_post 
[2025-11-11 03:40:03 : INFO] - Cache for URL: https://partumdesign.com.mx/ has been purged, triggered by action: save_post 
[2025-11-11 03:40:03 : INFO] - Cache for author page URL: https://partumdesign.com.mx/author/partum-design-agency/ associated with post_type: page and Title: "Home &#8211; Agencia de Marketing" has been purged, triggered by action: save_post 
[2025-11-11 03:40:03 : INFO] - Cache for URL: https://partumdesign.com.mx/ has been purged, triggered by action: save_post 
[2025-11-11 03:40:03 : INFO] - Cache for author page URL: https://partumdesign.com.mx/author/partum-design-agency/ associated with post_type: page and Title: "Home &#8211; Agencia de Marketing" has been purged, triggered by action: save_post 
[2025-11-11 04:15:22 : INFO] - Cache for URL: https://partumdesign.com.mx/buen-fin/ has been purged, triggered by action: save_post 
[2025-11-11 04:15:22 : INFO] - Cache for author page URL: https://partumdesign.com.mx/author/partum-design-agency/ associated with post_type: page and Title: "BUEN-FIN" has been purged, triggered by action: save_post 
[2025-11-11 04:15:22 : INFO] - Cache for URL: https://partumdesign.com.mx/buen-fin/ has been purged, triggered by action: save_post 
[2025-11-11 04:15:22 : INFO] - Cache for author page URL: https://partumdesign.com.mx/author/partum-design-agency/ associated with post_type: page and Title: "BUEN-FIN" has been purged, triggered by action: save_post 
[2025-11-11 04:15:22 : INFO] - Cache for URL: https://partumdesign.com.mx/buen-fin/ has been purged, triggered by action: save_post 
[2025-11-11 04:15:22 : INFO] - Cache for author page URL: https://partumdesign.com.mx/author/partum-design-agency/ associated with post_type: page and Title: "BUEN-FIN" has been purged, triggered by action: save_post 
[2025-11-11 04:25:59 : INFO] - Cache for URL: https://partumdesign.com.mx/quien-es-partum/ has been purged, triggered by action: save_post 
[2025-11-11 04:25:59 : INFO] - Cache for author page URL: https://partumdesign.com.mx/author/partum-design-agency/ associated with post_type: page and Title: "¿Quien es Partum?" has been purged, triggered by action: save_post 
[2025-11-11 04:26:01 : INFO] - Cache for URL: https://partumdesign.com.mx/quien-es-partum/ has been purged, triggered by action: save_post 
[2025-11-11 04:26:01 : INFO] - Cache for author page URL: https://partumdesign.com.mx/author/partum-design-agency/ associated with post_type: page and Title: "¿Quien es Partum?" has been purged, triggered by action: save_post 
[2025-11-11 04:27:19 : INFO] - Cache for URL: https://partumdesign.com.mx/buen-fin/ has been purged, triggered by action: save_post 
[2025-11-11 04:27:19 : INFO] - Cache for author page URL: https://partumdesign.com.mx/author/partum-design-agency/ associated with post_type: page and Title: "BUEN-FIN" has been purged, triggered by action: save_post 
[2025-11-11 04:27:19 : INFO] - Cache for URL: https://partumdesign.com.mx/buen-fin/ has been purged, triggered by action: save_post 
[2025-11-11 04:27:19 : INFO] - Cache for author page URL: https://partumdesign.com.mx/author/partum-design-agency/ associated with post_type: page and Title: "BUEN-FIN" has been purged, triggered by action: save_post 
[2025-11-11 04:27:19 : INFO] - Cache for URL: https://partumdesign.com.mx/buen-fin/ has been purged, triggered by action: save_post 
[2025-11-11 04:27:19 : INFO] - Cache for author page URL: https://partumdesign.com.mx/author/partum-design-agency/ associated with post_type: page and Title: "BUEN-FIN" has been purged, triggered by action: save_post 
[2025-11-11 04:40:05 : INFO] - Cache for URL: https://partumdesign.com.mx/buen-fin/ has been purged, triggered by action: save_post 
[2025-11-11 04:40:05 : INFO] - Cache for author page URL: https://partumdesign.com.mx/author/partum-design-agency/ associated with post_type: page and Title: "BUEN-FIN" has been purged, triggered by action: save_post 
[2025-11-11 04:40:05 : INFO] - Cache for URL: https://partumdesign.com.mx/buen-fin/ has been purged, triggered by action: save_post 
[2025-11-11 04:40:05 : INFO] - Cache for author page URL: https://partumdesign.com.mx/author/partum-design-agency/ associated with post_type: page and Title: "BUEN-FIN" has been purged, triggered by action: save_post 
[2025-11-11 04:40:05 : INFO] - Cache for URL: https://partumdesign.com.mx/buen-fin/ has been purged, triggered by action: save_post 
[2025-11-11 04:40:05 : INFO] - Cache for author page URL: https://partumdesign.com.mx/author/partum-design-agency/ associated with post_type: page and Title: "BUEN-FIN" has been purged, triggered by action: save_post 
[2025-11-11 04:41:05 : INFO] - Cache for URL: https://partumdesign.com.mx/quien-es-partum/ has been purged, triggered by action: save_post 
[2025-11-11 04:41:05 : INFO] - Cache for author page URL: https://partumdesign.com.mx/author/partum-design-agency/ associated with post_type: page and Title: "¿Quien es Partum?" has been purged, triggered by action: save_post 
[2025-11-11 04:41:06 : INFO] - Cache for URL: https://partumdesign.com.mx/quien-es-partum/ has been purged, triggered by action: save_post 
[2025-11-11 04:41:06 : INFO] - Cache for author page URL: https://partumdesign.com.mx/author/partum-design-agency/ associated with post_type: page and Title: "¿Quien es Partum?" has been purged, triggered by action: save_post 
[2025-11-11 04:51:09 : INFO] - Cache for URL: https://partumdesign.com.mx/buen-fin/ has been purged, triggered by action: save_post 
[2025-11-11 04:51:09 : INFO] - Cache for author page URL: https://partumdesign.com.mx/author/partum-design-agency/ associated with post_type: page and Title: "BUEN-FIN" has been purged, triggered by action: save_post 
[2025-11-11 04:51:10 : INFO] - Cache for URL: https://partumdesign.com.mx/buen-fin/ has been purged, triggered by action: save_post 
[2025-11-11 04:51:10 : INFO] - Cache for author page URL: https://partumdesign.com.mx/author/partum-design-agency/ associated with post_type: page and Title: "BUEN-FIN" has been purged, triggered by action: save_post 
[2025-11-11 04:51:10 : INFO] - Cache for URL: https://partumdesign.com.mx/buen-fin/ has been purged, triggered by action: save_post 
[2025-11-11 04:51:10 : INFO] - Cache for author page URL: https://partumdesign.com.mx/author/partum-design-agency/ associated with post_type: page and Title: "BUEN-FIN" has been purged, triggered by action: save_post 
[2025-11-11 04:55:22 : INFO] - Cache for URL: https://partumdesign.com.mx/buen-fin/ has been purged, triggered by action: save_post 
[2025-11-11 04:55:22 : INFO] - Cache for author page URL: https://partumdesign.com.mx/author/partum-design-agency/ associated with post_type: page and Title: "BUEN-FIN" has been purged, triggered by action: save_post 
[2025-11-11 04:55:22 : INFO] - Cache for URL: https://partumdesign.com.mx/buen-fin/ has been purged, triggered by action: save_post 
[2025-11-11 04:55:22 : INFO] - Cache for author page URL: https://partumdesign.com.mx/author/partum-design-agency/ associated with post_type: page and Title: "El Buen Fin 2025" has been purged, triggered by action: save_post 
[2025-11-11 04:55:22 : INFO] - Cache for URL: https://partumdesign.com.mx/buen-fin/ has been purged, triggered by action: save_post 
[2025-11-11 04:55:22 : INFO] - Cache for author page URL: https://partumdesign.com.mx/author/partum-design-agency/ associated with post_type: page and Title: "El Buen Fin 2025" has been purged, triggered by action: save_post 
[2025-11-11 05:01:21 : INFO] - Cache for URL: https://partumdesign.com.mx/buen-fin/ has been purged, triggered by action: save_post 
[2025-11-11 05:01:21 : INFO] - Cache for author page URL: https://partumdesign.com.mx/author/partum-design-agency/ associated with post_type: page and Title: "El Buen Fin 2025" has been purged, triggered by action: save_post 
[2025-11-11 05:01:21 : INFO] - Cache for URL: https://partumdesign.com.mx/buen-fin/ has been purged, triggered by action: save_post 
[2025-11-11 05:01:21 : INFO] - Cache for author page URL: https://partumdesign.com.mx/author/partum-design-agency/ associated with post_type: page and Title: "El Buen Fin 2025" has been purged, triggered by action: save_post 
[2025-11-11 05:01:21 : INFO] - Cache for URL: https://partumdesign.com.mx/buen-fin/ has been purged, triggered by action: save_post 
[2025-11-11 05:01:21 : INFO] - Cache for author page URL: https://partumdesign.com.mx/author/partum-design-agency/ associated with post_type: page and Title: "El Buen Fin 2025" has been purged, triggered by action: save_post 
[2025-11-11 05:02:57 : INFO] - Cache for URL: https://partumdesign.com.mx/buen-fin/ has been purged, triggered by action: save_post 
[2025-11-11 05:02:57 : INFO] - Cache for author page URL: https://partumdesign.com.mx/author/partum-design-agency/ associated with post_type: page and Title: "El Buen Fin 2025" has been purged, triggered by action: save_post 
[2025-11-11 05:02:58 : INFO] - Cache for URL: https://partumdesign.com.mx/buen-fin/ has been purged, triggered by action: save_post 
[2025-11-11 05:02:58 : INFO] - Cache for author page URL: https://partumdesign.com.mx/author/partum-design-agency/ associated with post_type: page and Title: "El Buen Fin 2025" has been purged, triggered by action: save_post 
[2025-11-11 05:02:58 : INFO] - Cache for URL: https://partumdesign.com.mx/buen-fin/ has been purged, triggered by action: save_post 
[2025-11-11 05:02:58 : INFO] - Cache for author page URL: https://partumdesign.com.mx/author/partum-design-agency/ associated with post_type: page and Title: "El Buen Fin 2025" has been purged, triggered by action: save_post 
[2025-11-11 05:46:31 : INFO] - Cache for URL: https://partumdesign.com.mx/buen-fin/ has been purged, triggered by action: save_post 
[2025-11-11 05:46:31 : INFO] - Cache for author page URL: https://partumdesign.com.mx/author/partum-design-agency/ associated with post_type: page and Title: "El Buen Fin 2025" has been purged, triggered by action: save_post 
[2025-11-11 05:46:32 : INFO] - Cache for URL: https://partumdesign.com.mx/buen-fin/ has been purged, triggered by action: save_post 
[2025-11-11 05:46:32 : INFO] - Cache for author page URL: https://partumdesign.com.mx/author/partum-design-agency/ associated with post_type: page and Title: "El Buen Fin 2025" has been purged, triggered by action: save_post 
[2025-11-11 05:46:32 : INFO] - Cache for URL: https://partumdesign.com.mx/buen-fin/ has been purged, triggered by action: save_post 
[2025-11-11 05:46:32 : INFO] - Cache for author page URL: https://partumdesign.com.mx/author/partum-design-agency/ associated with post_type: page and Title: "El Buen Fin 2025" has been purged, triggered by action: save_post 
[2025-11-11 05:56:51 : INFO] - Cache for URL: https://partumdesign.com.mx/buen-fin/ has been purged, triggered by action: save_post 
[2025-11-11 05:56:51 : INFO] - Cache for author page URL: https://partumdesign.com.mx/author/partum-design-agency/ associated with post_type: page and Title: "El Buen Fin 2025" has been purged, triggered by action: save_post 
[2025-11-11 05:56:52 : INFO] - Cache for URL: https://partumdesign.com.mx/buen-fin/ has been purged, triggered by action: save_post 
[2025-11-11 05:56:52 : INFO] - Cache for author page URL: https://partumdesign.com.mx/author/partum-design-agency/ associated with post_type: page and Title: "El Buen Fin 2025" has been purged, triggered by action: save_post 
[2025-11-11 05:56:52 : INFO] - Cache for URL: https://partumdesign.com.mx/buen-fin/ has been purged, triggered by action: save_post 
[2025-11-11 05:56:52 : INFO] - Cache for author page URL: https://partumdesign.com.mx/author/partum-design-agency/ associated with post_type: page and Title: "El Buen Fin 2025" has been purged, triggered by action: save_post 
[2025-11-11 06:12:07 : INFO] - Cache for URL: https://partumdesign.com.mx/buen-fin/ has been purged, triggered by action: save_post 
[2025-11-11 06:12:07 : INFO] - Cache for author page URL: https://partumdesign.com.mx/author/partum-design-agency/ associated with post_type: page and Title: "El Buen Fin 2025" has been purged, triggered by action: save_post 
[2025-11-11 06:12:07 : INFO] - Cache for URL: https://partumdesign.com.mx/buen-fin/ has been purged, triggered by action: save_post 
[2025-11-11 06:12:07 : INFO] - Cache for author page URL: https://partumdesign.com.mx/author/partum-design-agency/ associated with post_type: page and Title: "BUEN-FIN" has been purged, triggered by action: save_post 
[2025-11-11 06:12:07 : INFO] - Cache for URL: https://partumdesign.com.mx/buen-fin/ has been purged, triggered by action: save_post 
[2025-11-11 06:12:07 : INFO] - Cache for author page URL: https://partumdesign.com.mx/author/partum-design-agency/ associated with post_type: page and Title: "BUEN-FIN" has been purged, triggered by action: save_post 
[2025-11-11 06:39:09 : INFO] - Cache for URL: https://partumdesign.com.mx/buen-fin/ has been purged, triggered by action: save_post 
[2025-11-11 06:39:09 : INFO] - Cache for author page URL: https://partumdesign.com.mx/author/partum-design-agency/ associated with post_type: page and Title: "BUEN-FIN" has been purged, triggered by action: save_post 
[2025-11-11 06:39:09 : INFO] - Cache for URL: https://partumdesign.com.mx/buen-fin/ has been purged, triggered by action: save_post 
[2025-11-11 06:39:09 : INFO] - Cache for author page URL: https://partumdesign.com.mx/author/partum-design-agency/ associated with post_type: page and Title: "BUEN-FIN" has been purged, triggered by action: save_post 
[2025-11-11 06:39:10 : INFO] - Cache for URL: https://partumdesign.com.mx/buen-fin/ has been purged, triggered by action: save_post 
[2025-11-11 06:39:10 : INFO] - Cache for author page URL: https://partumdesign.com.mx/author/partum-design-agency/ associated with post_type: page and Title: "BUEN-FIN" has been purged, triggered by action: save_post 
[2025-11-11 06:40:02 : INFO] - Cache for URL: https://partumdesign.com.mx/buen-fin/ has been purged, triggered by action: save_post 
[2025-11-11 06:40:02 : INFO] - Cache for author page URL: https://partumdesign.com.mx/author/partum-design-agency/ associated with post_type: page and Title: "BUEN-FIN" has been purged, triggered by action: save_post 
[2025-11-11 06:40:02 : INFO] - Cache for URL: https://partumdesign.com.mx/buen-fin/ has been purged, triggered by action: save_post 
[2025-11-11 06:40:02 : INFO] - Cache for author page URL: https://partumdesign.com.mx/author/partum-design-agency/ associated with post_type: page and Title: "El Buen Fin 2025" has been purged, triggered by action: save_post 
[2025-11-11 06:40:03 : INFO] - Cache for URL: https://partumdesign.com.mx/buen-fin/ has been purged, triggered by action: save_post 
[2025-11-11 06:40:03 : INFO] - Cache for author page URL: https://partumdesign.com.mx/author/partum-design-agency/ associated with post_type: page and Title: "El Buen Fin 2025" has been purged, triggered by action: save_post 
[2025-11-11 06:44:11 : INFO] - Cache for URL: https://partumdesign.com.mx/buen-fin/ has been purged, triggered by action: save_post 
[2025-11-11 06:44:11 : INFO] - Cache for author page URL: https://partumdesign.com.mx/author/partum-design-agency/ associated with post_type: page and Title: "El Buen Fin 2025" has been purged, triggered by action: save_post 
[2025-11-11 06:44:11 : INFO] - Cache for URL: https://partumdesign.com.mx/buen-fin/ has been purged, triggered by action: save_post 
[2025-11-11 06:44:11 : INFO] - Cache for author page URL: https://partumdesign.com.mx/author/partum-design-agency/ associated with post_type: page and Title: "El Buen Fin 2025" has been purged, triggered by action: save_post 
[2025-11-11 06:44:11 : INFO] - Cache for URL: https://partumdesign.com.mx/buen-fin/ has been purged, triggered by action: save_post 
[2025-11-11 06:44:11 : INFO] - Cache for author page URL: https://partumdesign.com.mx/author/partum-design-agency/ associated with post_type: page and Title: "El Buen Fin 2025" has been purged, triggered by action: save_post 
[2025-11-11 06:45:25 : INFO] - Cache for URL: https://partumdesign.com.mx/buen-fin/ has been purged, triggered by action: save_post 
[2025-11-11 06:45:25 : INFO] - Cache for author page URL: https://partumdesign.com.mx/author/partum-design-agency/ associated with post_type: page and Title: "El Buen Fin 2025" has been purged, triggered by action: save_post 
[2025-11-11 06:45:25 : INFO] - Cache for URL: https://partumdesign.com.mx/buen-fin/ has been purged, triggered by action: save_post 
[2025-11-11 06:45:25 : INFO] - Cache for author page URL: https://partumdesign.com.mx/author/partum-design-agency/ associated with post_type: page and Title: "El Buen Fin 2025" has been purged, triggered by action: save_post 
[2025-11-11 06:45:25 : INFO] - Cache for URL: https://partumdesign.com.mx/buen-fin/ has been purged, triggered by action: save_post 
[2025-11-11 06:45:25 : INFO] - Cache for author page URL: https://partumdesign.com.mx/author/partum-design-agency/ associated with post_type: page and Title: "El Buen Fin 2025" has been purged, triggered by action: save_post 
[2025-11-11 06:59:48 : INFO] - Cache for URL: https://partumdesign.com.mx/buen-fin/ has been purged, triggered by action: save_post 
[2025-11-11 06:59:48 : INFO] - Cache for author page URL: https://partumdesign.com.mx/author/partum-design-agency/ associated with post_type: page and Title: "El Buen Fin 2025" has been purged, triggered by action: save_post 
[2025-11-11 06:59:48 : INFO] - Cache for URL: https://partumdesign.com.mx/buen-fin/ has been purged, triggered by action: save_post 
[2025-11-11 06:59:48 : INFO] - Cache for author page URL: https://partumdesign.com.mx/author/partum-design-agency/ associated with post_type: page and Title: "El Buen Fin 2025" has been purged, triggered by action: save_post 
[2025-11-11 06:59:48 : INFO] - Cache for URL: https://partumdesign.com.mx/buen-fin/ has been purged, triggered by action: save_post 
[2025-11-11 06:59:48 : INFO] - Cache for author page URL: https://partumdesign.com.mx/author/partum-design-agency/ associated with post_type: page and Title: "El Buen Fin 2025" has been purged, triggered by action: save_post 
[2025-11-13 23:07:42 : INFO] - Full Cache Purge triggered by: plugin activation/deactivation 
[2025-12-15 18:07:39 : INFO] - Cache for URL: https://partumdesign.com.mx/r/ has been purged, triggered by action: save_post 
[2025-12-15 18:07:39 : INFO] - Cache for author page URL: https://partumdesign.com.mx/author/partum-design-agency/ associated with post_type: page and Title: "R" has been purged, triggered by action: save_post 
[2025-12-15 18:07:39 : INFO] - Cache for URL: https://partumdesign.com.mx/r/ has been purged, triggered by action: save_post 
[2025-12-15 18:07:39 : INFO] - Cache for author page URL: https://partumdesign.com.mx/author/partum-design-agency/ associated with post_type: page and Title: "R" has been purged, triggered by action: save_post 
[2025-12-15 18:07:39 : INFO] - Cache for URL: https://partumdesign.com.mx/r/ has been purged, triggered by action: save_post 
[2025-12-15 18:07:39 : INFO] - Cache for author page URL: https://partumdesign.com.mx/author/partum-design-agency/ associated with post_type: page and Title: "R" has been purged, triggered by action: save_post 
[2025-12-15 18:18:20 : INFO] - Cache for URL: https://partumdesign.com.mx/r/ has been purged, triggered by action: save_post 
[2025-12-15 18:18:20 : INFO] - Cache for author page URL: https://partumdesign.com.mx/author/partum-design-agency/ associated with post_type: page and Title: "R" has been purged, triggered by action: save_post 
[2025-12-15 18:18:20 : INFO] - Cache for URL: https://partumdesign.com.mx/r/ has been purged, triggered by action: save_post 
[2025-12-15 18:18:20 : INFO] - Cache for author page URL: https://partumdesign.com.mx/author/partum-design-agency/ associated with post_type: page and Title: "R" has been purged, triggered by action: save_post 
[2025-12-15 18:18:21 : INFO] - Cache for URL: https://partumdesign.com.mx/r/ has been purged, triggered by action: save_post 
[2025-12-15 18:18:21 : INFO] - Cache for author page URL: https://partumdesign.com.mx/author/partum-design-agency/ associated with post_type: page and Title: "R" has been purged, triggered by action: save_post 
[2025-12-15 18:35:30 : INFO] - Cache for URL: https://partumdesign.com.mx/r/ has been purged, triggered by action: save_post 
[2025-12-15 18:35:30 : INFO] - Cache for author page URL: https://partumdesign.com.mx/author/partum-design-agency/ associated with post_type: page and Title: "R" has been purged, triggered by action: save_post 
[2025-12-15 18:35:30 : INFO] - Cache for URL: https://partumdesign.com.mx/r/ has been purged, triggered by action: save_post 
[2025-12-15 18:35:30 : INFO] - Cache for author page URL: https://partumdesign.com.mx/author/partum-design-agency/ associated with post_type: page and Title: "R" has been purged, triggered by action: save_post 
[2025-12-15 18:35:30 : INFO] - Cache for URL: https://partumdesign.com.mx/r/ has been purged, triggered by action: save_post 
[2025-12-15 18:35:30 : INFO] - Cache for author page URL: https://partumdesign.com.mx/author/partum-design-agency/ associated with post_type: page and Title: "R" has been purged, triggered by action: save_post 
[2025-12-15 22:21:47 : INFO] - Cache for URL: https://partumdesign.com.mx/?elementor_library=kit-por-defecto has been purged, triggered by action: save_post 
[2025-12-15 22:21:47 : INFO] - Cache for author page URL: https://partumdesign.com.mx/author/partum-design-agency/ associated with post_type: elementor_library and Title: "Kit por defecto" has been purged, triggered by action: save_post 
[2025-12-15 22:21:47 : INFO] - Cache for URL: https://partumdesign.com.mx/?elementor_library=kit-por-defecto has been purged, triggered by action: save_post 
[2025-12-15 22:21:47 : INFO] - Cache for author page URL: https://partumdesign.com.mx/author/partum-design-agency/ associated with post_type: elementor_library and Title: "Kit por defecto" has been purged, triggered by action: save_post 
[2025-12-15 22:21:47 : INFO] - Cache for URL: https://partumdesign.com.mx/?elementor_library=kit-por-defecto has been purged, triggered by action: save_post 
[2025-12-15 22:21:47 : INFO] - Cache for author page URL: https://partumdesign.com.mx/author/partum-design-agency/ associated with post_type: elementor_library and Title: "Kit por defecto" has been purged, triggered by action: save_post 
[2025-12-15 22:22:03 : INFO] - Cache for URL: https://partumdesign.com.mx/r/ has been purged, triggered by action: save_post 
[2025-12-15 22:22:03 : INFO] - Cache for author page URL: https://partumdesign.com.mx/author/partum-design-agency/ associated with post_type: page and Title: "R" has been purged, triggered by action: save_post 
[2025-12-15 22:22:03 : INFO] - Cache for URL: https://partumdesign.com.mx/r/ has been purged, triggered by action: save_post 
[2025-12-15 22:22:03 : INFO] - Cache for author page URL: https://partumdesign.com.mx/author/partum-design-agency/ associated with post_type: page and Title: "R" has been purged, triggered by action: save_post 
[2025-12-15 22:22:03 : INFO] - Cache for URL: https://partumdesign.com.mx/r/ has been purged, triggered by action: save_post 
[2025-12-15 22:22:03 : INFO] - Cache for author page URL: https://partumdesign.com.mx/author/partum-design-agency/ associated with post_type: page and Title: "R" has been purged, triggered by action: save_post 
[2025-12-16 23:29:25 : INFO] - Cache for URL: https://partumdesign.com.mx/?elementor_library=kit-por-defecto has been purged, triggered by action: save_post 
[2025-12-16 23:29:25 : INFO] - Cache for author page URL: https://partumdesign.com.mx/author/partum-design-agency/ associated with post_type: elementor_library and Title: "Kit por defecto" has been purged, triggered by action: save_post 
[2025-12-16 23:29:25 : INFO] - Cache for URL: https://partumdesign.com.mx/?elementor_library=kit-por-defecto has been purged, triggered by action: save_post 
[2025-12-16 23:29:25 : INFO] - Cache for author page URL: https://partumdesign.com.mx/author/partum-design-agency/ associated with post_type: elementor_library and Title: "Kit por defecto" has been purged, triggered by action: save_post 
[2025-12-16 23:29:25 : INFO] - Cache for URL: https://partumdesign.com.mx/?elementor_library=kit-por-defecto has been purged, triggered by action: save_post 
[2025-12-16 23:29:25 : INFO] - Cache for author page URL: https://partumdesign.com.mx/author/partum-design-agency/ associated with post_type: elementor_library and Title: "Kit por defecto" has been purged, triggered by action: save_post 
[2025-12-16 23:32:20 : INFO] - Cache for URL: https://partumdesign.com.mx/kafiserviciosaereos/ has been purged, triggered by action: save_post 
[2025-12-16 23:32:20 : INFO] - Cache for author page URL: https://partumdesign.com.mx/author/partum-design-agency/ associated with post_type: page and Title: "kafiserviciosaereos" has been purged, triggered by action: save_post 
[2025-12-16 23:32:20 : INFO] - Cache for URL: https://partumdesign.com.mx/kafiserviciosaereos/ has been purged, triggered by action: save_post 
[2025-12-16 23:32:20 : INFO] - Cache for author page URL: https://partumdesign.com.mx/author/partum-design-agency/ associated with post_type: page and Title: "kafiserviciosaereos" has been purged, triggered by action: save_post 
[2025-12-16 23:32:20 : INFO] - Cache for URL: https://partumdesign.com.mx/kafiserviciosaereos/ has been purged, triggered by action: save_post 
[2025-12-16 23:32:20 : INFO] - Cache for author page URL: https://partumdesign.com.mx/author/partum-design-agency/ associated with post_type: page and Title: "kafiserviciosaereos" has been purged, triggered by action: save_post 
[2025-12-16 23:33:12 : INFO] - Cache for URL: https://partumdesign.com.mx/kafiserviciosaereos/ has been purged, triggered by action: save_post 
[2025-12-16 23:33:12 : INFO] - Cache for author page URL: https://partumdesign.com.mx/author/partum-design-agency/ associated with post_type: page and Title: "KAFI Servicios Aéreos" has been purged, triggered by action: save_post 
[2025-12-17 23:33:31 : INFO] - Cache for URL: https://partumdesign.com.mx/kafiserviciosaereos/ has been purged, triggered by action: save_post 
[2025-12-17 23:33:31 : INFO] - Cache for author page URL: https://partumdesign.com.mx/author/partum-design-agency/ associated with post_type: page and Title: "KAFI Servicios Aéreos" has been purged, triggered by action: save_post 
[2025-12-17 23:33:31 : INFO] - Cache for URL: https://partumdesign.com.mx/kafiserviciosaereos/ has been purged, triggered by action: save_post 
[2025-12-17 23:33:31 : INFO] - Cache for author page URL: https://partumdesign.com.mx/author/partum-design-agency/ associated with post_type: page and Title: "KAFI Servicios Aéreos" has been purged, triggered by action: save_post 
[2025-12-17 23:33:31 : INFO] - Cache for URL: https://partumdesign.com.mx/kafiserviciosaereos/ has been purged, triggered by action: save_post 
[2025-12-17 23:33:31 : INFO] - Cache for author page URL: https://partumdesign.com.mx/author/partum-design-agency/ associated with post_type: page and Title: "KAFI Servicios Aéreos" has been purged, triggered by action: save_post 
[2025-12-17 23:37:39 : INFO] - Cache for URL: https://partumdesign.com.mx/kafiserviciosaereos/ has been purged, triggered by action: save_post 
[2025-12-17 23:37:39 : INFO] - Cache for author page URL: https://partumdesign.com.mx/author/partum-design-agency/ associated with post_type: page and Title: "KAFI Servicios Aéreos" has been purged, triggered by action: save_post 
[2025-12-17 23:37:39 : INFO] - Cache for URL: https://partumdesign.com.mx/kafiserviciosaereos/ has been purged, triggered by action: save_post 
[2025-12-17 23:37:39 : INFO] - Cache for author page URL: https://partumdesign.com.mx/author/partum-design-agency/ associated with post_type: page and Title: "KAFI Servicios Aéreos" has been purged, triggered by action: save_post 
[2025-12-17 23:37:39 : INFO] - Cache for URL: https://partumdesign.com.mx/kafiserviciosaereos/ has been purged, triggered by action: save_post 
[2025-12-17 23:37:39 : INFO] - Cache for author page URL: https://partumdesign.com.mx/author/partum-design-agency/ associated with post_type: page and Title: "KAFI Servicios Aéreos" has been purged, triggered by action: save_post 
[2025-12-22 15:24:22 : INFO] - Cache for URL: https://partumdesign.com.mx/kafiserviciosaereos/ has been purged, triggered by action: save_post 
[2025-12-22 15:24:22 : INFO] - Cache for author page URL: https://partumdesign.com.mx/author/partum-design-agency/ associated with post_type: page and Title: "KAFI Servicios Aéreos" has been purged, triggered by action: save_post 
[2025-12-22 15:24:22 : INFO] - Cache for URL: https://partumdesign.com.mx/kafiserviciosaereos/ has been purged, triggered by action: save_post 
[2025-12-22 15:24:22 : INFO] - Cache for author page URL: https://partumdesign.com.mx/author/partum-design-agency/ associated with post_type: page and Title: "KAFI Servicios Aéreos" has been purged, triggered by action: save_post 
[2025-12-22 15:24:22 : INFO] - Cache for URL: https://partumdesign.com.mx/kafiserviciosaereos/ has been purged, triggered by action: save_post 
[2025-12-22 15:24:22 : INFO] - Cache for author page URL: https://partumdesign.com.mx/author/partum-design-agency/ associated with post_type: page and Title: "KAFI Servicios Aéreos" has been purged, triggered by action: save_post 
[2025-12-22 17:18:55 : INFO] - Cache for URL: https://partumdesign.com.mx/kafiserviciosaereos/ has been purged, triggered by action: save_post 
[2025-12-22 17:18:55 : INFO] - Cache for author page URL: https://partumdesign.com.mx/author/partum-design-agency/ associated with post_type: page and Title: "KAFI Servicios Aéreos" has been purged, triggered by action: save_post 
[2025-12-22 17:18:55 : INFO] - Cache for URL: https://partumdesign.com.mx/kafiserviciosaereos/ has been purged, triggered by action: save_post 
[2025-12-22 17:18:55 : INFO] - Cache for author page URL: https://partumdesign.com.mx/author/partum-design-agency/ associated with post_type: page and Title: "KAFI Servicios Aéreos" has been purged, triggered by action: save_post 
[2025-12-22 17:18:55 : INFO] - Cache for URL: https://partumdesign.com.mx/kafiserviciosaereos/ has been purged, triggered by action: save_post 
[2025-12-22 17:18:55 : INFO] - Cache for author page URL: https://partumdesign.com.mx/author/partum-design-agency/ associated with post_type: page and Title: "KAFI Servicios Aéreos" has been purged, triggered by action: save_post 
[2025-12-22 17:21:54 : INFO] - Cache for URL: https://partumdesign.com.mx/kafiserviciosaereos/ has been purged, triggered by action: save_post 
[2025-12-22 17:21:54 : INFO] - Cache for author page URL: https://partumdesign.com.mx/author/partum-design-agency/ associated with post_type: page and Title: "KAFI Servicios Aéreos" has been purged, triggered by action: save_post 
[2025-12-22 17:21:54 : INFO] - Cache for URL: https://partumdesign.com.mx/kafiserviciosaereos/ has been purged, triggered by action: save_post 
[2025-12-22 17:21:54 : INFO] - Cache for author page URL: https://partumdesign.com.mx/author/partum-design-agency/ associated with post_type: page and Title: "KAFI Servicios Aéreos" has been purged, triggered by action: save_post 
[2025-12-22 17:21:54 : INFO] - Cache for URL: https://partumdesign.com.mx/kafiserviciosaereos/ has been purged, triggered by action: save_post 
[2025-12-22 17:21:54 : INFO] - Cache for author page URL: https://partumdesign.com.mx/author/partum-design-agency/ associated with post_type: page and Title: "KAFI Servicios Aéreos" has been purged, triggered by action: save_post 
[2026-01-19 22:43:25 : INFO] - Cache for URL: https://partumdesign.com.mx/?elementor_library=header-para-halloween has been purged, triggered by action: save_post 
[2026-01-19 22:43:25 : INFO] - Cache for author page URL: https://partumdesign.com.mx/author/partum-design-agency/ associated with post_type: elementor_library and Title: "HEADER PARA HALLOWEEN" has been purged, triggered by action: save_post 
[2026-01-19 22:43:26 : INFO] - Cache for URL: https://partumdesign.com.mx/?elementor_library=header-para-halloween has been purged, triggered by action: save_post 
[2026-01-19 22:43:26 : INFO] - Cache for author page URL: https://partumdesign.com.mx/author/partum-design-agency/ associated with post_type: elementor_library and Title: "HEADER PARA HALLOWEEN" has been purged, triggered by action: save_post 
[2026-01-19 22:43:26 : INFO] - Cache for URL: https://partumdesign.com.mx/?elementor_library=header-para-halloween has been purged, triggered by action: save_post 
[2026-01-19 22:43:26 : INFO] - Cache for author page URL: https://partumdesign.com.mx/author/partum-design-agency/ associated with post_type: elementor_library and Title: "HEADER PARA HALLOWEEN" has been purged, triggered by action: save_post 
[2026-01-19 22:48:17 : INFO] - Cache for URL: https://partumdesign.com.mx/?elementor_library=footer-el-buen-fin has been purged, triggered by action: save_post 
[2026-01-19 22:48:17 : INFO] - Cache for author page URL: https://partumdesign.com.mx/author/partum-design-agency/ associated with post_type: elementor_library and Title: "FOOTER EL BUEN FIN" has been purged, triggered by action: save_post 
[2026-01-19 22:48:17 : INFO] - Cache for URL: https://partumdesign.com.mx/?elementor_library=footer-el-buen-fin has been purged, triggered by action: save_post 
[2026-01-19 22:48:17 : INFO] - Cache for author page URL: https://partumdesign.com.mx/author/partum-design-agency/ associated with post_type: elementor_library and Title: "FOOTER EL BUEN FIN" has been purged, triggered by action: save_post 
[2026-01-19 22:48:18 : INFO] - Cache for URL: https://partumdesign.com.mx/?elementor_library=footer-el-buen-fin has been purged, triggered by action: save_post 
[2026-01-19 22:48:18 : INFO] - Cache for author page URL: https://partumdesign.com.mx/author/partum-design-agency/ associated with post_type: elementor_library and Title: "FOOTER EL BUEN FIN" has been purged, triggered by action: save_post 
[2026-01-21 20:45:45 : INFO] - Cache for URL: https://partumdesign.com.mx/inicio-rediseno/ has been purged, triggered by action: save_post 
[2026-01-21 20:45:45 : INFO] - Cache for author page URL: https://partumdesign.com.mx/author/maricruz-partum/ associated with post_type: page and Title: "Inicio Rediseño" has been purged, triggered by action: save_post 
[2026-01-21 20:45:46 : INFO] - Cache for URL: https://partumdesign.com.mx/inicio-rediseno/ has been purged, triggered by action: save_post 
[2026-01-21 20:45:46 : INFO] - Cache for author page URL: https://partumdesign.com.mx/author/maricruz-partum/ associated with post_type: page and Title: "Inicio Rediseño" has been purged, triggered by action: save_post 
[2026-01-21 20:53:43 : INFO] - Cache for URL: https://partumdesign.com.mx/inicio-rediseno/ has been purged, triggered by action: save_post 
[2026-01-21 20:53:43 : INFO] - Cache for author page URL: https://partumdesign.com.mx/author/maricruz-partum/ associated with post_type: page and Title: "Inicio Rediseño" has been purged, triggered by action: save_post 
[2026-01-21 20:53:43 : INFO] - Cache for URL: https://partumdesign.com.mx/inicio-rediseno/ has been purged, triggered by action: save_post 
[2026-01-21 20:53:43 : INFO] - Cache for author page URL: https://partumdesign.com.mx/author/maricruz-partum/ associated with post_type: page and Title: "Inicio Rediseño" has been purged, triggered by action: save_post 
[2026-01-21 20:53:43 : INFO] - Cache for URL: https://partumdesign.com.mx/inicio-rediseno/ has been purged, triggered by action: save_post 
[2026-01-21 20:53:43 : INFO] - Cache for author page URL: https://partumdesign.com.mx/author/maricruz-partum/ associated with post_type: page and Title: "Inicio Rediseño" has been purged, triggered by action: save_post 
[2026-01-21 21:03:42 : INFO] - Cache for URL: https://partumdesign.com.mx/inicio-rediseno/ has been purged, triggered by action: save_post 
[2026-01-21 21:03:42 : INFO] - Cache for author page URL: https://partumdesign.com.mx/author/maricruz-partum/ associated with post_type: page and Title: "Inicio Rediseño" has been purged, triggered by action: save_post 
[2026-01-21 21:03:42 : INFO] - Cache for URL: https://partumdesign.com.mx/inicio-rediseno/ has been purged, triggered by action: save_post 
[2026-01-21 21:03:42 : INFO] - Cache for author page URL: https://partumdesign.com.mx/author/maricruz-partum/ associated with post_type: page and Title: "Inicio Rediseño" has been purged, triggered by action: save_post 
[2026-01-21 21:03:42 : INFO] - Cache for URL: https://partumdesign.com.mx/inicio-rediseno/ has been purged, triggered by action: save_post 
[2026-01-21 21:03:42 : INFO] - Cache for author page URL: https://partumdesign.com.mx/author/maricruz-partum/ associated with post_type: page and Title: "Inicio Rediseño" has been purged, triggered by action: save_post 
[2026-01-21 21:06:15 : INFO] - Cache for URL: https://partumdesign.com.mx/inicio-rediseno/ has been purged, triggered by action: save_post 
[2026-01-21 21:06:15 : INFO] - Cache for author page URL: https://partumdesign.com.mx/author/maricruz-partum/ associated with post_type: page and Title: "Inicio Rediseño" has been purged, triggered by action: save_post 
[2026-01-21 21:06:15 : INFO] - Cache for URL: https://partumdesign.com.mx/inicio-rediseno/ has been purged, triggered by action: save_post 
[2026-01-21 21:06:15 : INFO] - Cache for author page URL: https://partumdesign.com.mx/author/maricruz-partum/ associated with post_type: page and Title: "Inicio Rediseño" has been purged, triggered by action: save_post 
[2026-01-21 21:06:15 : INFO] - Cache for URL: https://partumdesign.com.mx/inicio-rediseno/ has been purged, triggered by action: save_post 
[2026-01-21 21:06:15 : INFO] - Cache for author page URL: https://partumdesign.com.mx/author/maricruz-partum/ associated with post_type: page and Title: "Inicio Rediseño" has been purged, triggered by action: save_post 
[2026-01-21 21:42:29 : INFO] - Cache for URL: https://partumdesign.com.mx/inicio-rediseno/ has been purged, triggered by action: save_post 
[2026-01-21 21:42:29 : INFO] - Cache for author page URL: https://partumdesign.com.mx/author/maricruz-partum/ associated with post_type: page and Title: "Inicio Rediseño" has been purged, triggered by action: save_post 
[2026-01-21 21:42:29 : INFO] - Cache for URL: https://partumdesign.com.mx/inicio-rediseno/ has been purged, triggered by action: save_post 
[2026-01-21 21:42:29 : INFO] - Cache for author page URL: https://partumdesign.com.mx/author/maricruz-partum/ associated with post_type: page and Title: "Inicio Rediseño" has been purged, triggered by action: save_post 
[2026-01-21 21:42:29 : INFO] - Cache for URL: https://partumdesign.com.mx/inicio-rediseno/ has been purged, triggered by action: save_post 
[2026-01-21 21:42:29 : INFO] - Cache for author page URL: https://partumdesign.com.mx/author/maricruz-partum/ associated with post_type: page and Title: "Inicio Rediseño" has been purged, triggered by action: save_post 
[2026-01-21 21:43:02 : INFO] - Cache for URL: https://partumdesign.com.mx/inicio-rediseno/ has been purged, triggered by action: save_post 
[2026-01-21 21:43:02 : INFO] - Cache for author page URL: https://partumdesign.com.mx/author/maricruz-partum/ associated with post_type: page and Title: "Inicio Rediseño" has been purged, triggered by action: save_post 
[2026-01-21 21:43:02 : INFO] - Cache for URL: https://partumdesign.com.mx/inicio-rediseno/ has been purged, triggered by action: save_post 
[2026-01-21 21:43:02 : INFO] - Cache for author page URL: https://partumdesign.com.mx/author/maricruz-partum/ associated with post_type: page and Title: "Inicio Rediseño" has been purged, triggered by action: save_post 
[2026-01-21 21:43:02 : INFO] - Cache for URL: https://partumdesign.com.mx/inicio-rediseno/ has been purged, triggered by action: save_post 
[2026-01-21 21:43:02 : INFO] - Cache for author page URL: https://partumdesign.com.mx/author/maricruz-partum/ associated with post_type: page and Title: "Inicio Rediseño" has been purged, triggered by action: save_post 
[2026-01-21 21:48:35 : INFO] - Cache for URL: https://partumdesign.com.mx/inicio-rediseno/ has been purged, triggered by action: save_post 
[2026-01-21 21:48:35 : INFO] - Cache for author page URL: https://partumdesign.com.mx/author/maricruz-partum/ associated with post_type: page and Title: "Inicio Rediseño" has been purged, triggered by action: save_post 
[2026-01-21 21:48:36 : INFO] - Cache for URL: https://partumdesign.com.mx/inicio-rediseno/ has been purged, triggered by action: save_post 
[2026-01-21 21:48:36 : INFO] - Cache for author page URL: https://partumdesign.com.mx/author/maricruz-partum/ associated with post_type: page and Title: "Inicio Rediseño" has been purged, triggered by action: save_post 
[2026-01-21 21:48:36 : INFO] - Cache for URL: https://partumdesign.com.mx/inicio-rediseno/ has been purged, triggered by action: save_post 
[2026-01-21 21:48:36 : INFO] - Cache for author page URL: https://partumdesign.com.mx/author/maricruz-partum/ associated with post_type: page and Title: "Inicio Rediseño" has been purged, triggered by action: save_post 
[2026-01-21 21:55:22 : INFO] - Cache for URL: https://partumdesign.com.mx/inicio-rediseno/ has been purged, triggered by action: save_post 
[2026-01-21 21:55:22 : INFO] - Cache for author page URL: https://partumdesign.com.mx/author/maricruz-partum/ associated with post_type: page and Title: "Inicio Rediseño" has been purged, triggered by action: save_post 
[2026-01-21 21:55:23 : INFO] - Cache for URL: https://partumdesign.com.mx/inicio-rediseno/ has been purged, triggered by action: save_post 
[2026-01-21 21:55:23 : INFO] - Cache for author page URL: https://partumdesign.com.mx/author/maricruz-partum/ associated with post_type: page and Title: "Inicio Rediseño" has been purged, triggered by action: save_post 
[2026-01-21 21:55:23 : INFO] - Cache for URL: https://partumdesign.com.mx/inicio-rediseno/ has been purged, triggered by action: save_post 
[2026-01-21 21:55:23 : INFO] - Cache for author page URL: https://partumdesign.com.mx/author/maricruz-partum/ associated with post_type: page and Title: "Inicio Rediseño" has been purged, triggered by action: save_post 
[2026-01-21 22:05:44 : INFO] - Cache for URL: https://partumdesign.com.mx/inicio-rediseno/ has been purged, triggered by action: save_post 
[2026-01-21 22:05:44 : INFO] - Cache for author page URL: https://partumdesign.com.mx/author/maricruz-partum/ associated with post_type: page and Title: "Inicio Rediseño" has been purged, triggered by action: save_post 
[2026-01-21 22:05:44 : INFO] - Cache for URL: https://partumdesign.com.mx/inicio-rediseno/ has been purged, triggered by action: save_post 
[2026-01-21 22:05:44 : INFO] - Cache for author page URL: https://partumdesign.com.mx/author/maricruz-partum/ associated with post_type: page and Title: "Inicio Rediseño" has been purged, triggered by action: save_post 
[2026-01-21 22:05:44 : INFO] - Cache for URL: https://partumdesign.com.mx/inicio-rediseno/ has been purged, triggered by action: save_post 
[2026-01-21 22:05:44 : INFO] - Cache for author page URL: https://partumdesign.com.mx/author/maricruz-partum/ associated with post_type: page and Title: "Inicio Rediseño" has been purged, triggered by action: save_post 
[2026-01-21 22:14:34 : INFO] - Cache for URL: https://partumdesign.com.mx/inicio-rediseno/ has been purged, triggered by action: save_post 
[2026-01-21 22:14:34 : INFO] - Cache for author page URL: https://partumdesign.com.mx/author/maricruz-partum/ associated with post_type: page and Title: "Inicio Rediseño" has been purged, triggered by action: save_post 
[2026-01-21 22:14:34 : INFO] - Cache for URL: https://partumdesign.com.mx/inicio-rediseno/ has been purged, triggered by action: save_post 
[2026-01-21 22:14:34 : INFO] - Cache for author page URL: https://partumdesign.com.mx/author/maricruz-partum/ associated with post_type: page and Title: "Inicio Rediseño" has been purged, triggered by action: save_post 
[2026-01-21 22:14:34 : INFO] - Cache for URL: https://partumdesign.com.mx/inicio-rediseno/ has been purged, triggered by action: save_post 
[2026-01-21 22:14:34 : INFO] - Cache for author page URL: https://partumdesign.com.mx/author/maricruz-partum/ associated with post_type: page and Title: "Inicio Rediseño" has been purged, triggered by action: save_post 
[2026-01-21 22:15:56 : INFO] - Cache for URL: https://partumdesign.com.mx/inicio-rediseno/ has been purged, triggered by action: save_post 
[2026-01-21 22:15:56 : INFO] - Cache for author page URL: https://partumdesign.com.mx/author/maricruz-partum/ associated with post_type: page and Title: "Inicio Rediseño" has been purged, triggered by action: save_post 
[2026-01-21 22:15:56 : INFO] - Cache for URL: https://partumdesign.com.mx/inicio-rediseno/ has been purged, triggered by action: save_post 
[2026-01-21 22:15:56 : INFO] - Cache for author page URL: https://partumdesign.com.mx/author/maricruz-partum/ associated with post_type: page and Title: "Inicio Rediseño" has been purged, triggered by action: save_post 
[2026-01-21 22:15:56 : INFO] - Cache for URL: https://partumdesign.com.mx/inicio-rediseno/ has been purged, triggered by action: save_post 
[2026-01-21 22:15:56 : INFO] - Cache for author page URL: https://partumdesign.com.mx/author/maricruz-partum/ associated with post_type: page and Title: "Inicio Rediseño" has been purged, triggered by action: save_post 
[2026-01-21 22:18:16 : INFO] - Cache for URL: https://partumdesign.com.mx/inicio-rediseno/ has been purged, triggered by action: save_post 
[2026-01-21 22:18:16 : INFO] - Cache for author page URL: https://partumdesign.com.mx/author/maricruz-partum/ associated with post_type: page and Title: "Inicio Rediseño" has been purged, triggered by action: save_post 
[2026-01-21 22:18:16 : INFO] - Cache for URL: https://partumdesign.com.mx/inicio-rediseno/ has been purged, triggered by action: save_post 
[2026-01-21 22:18:16 : INFO] - Cache for author page URL: https://partumdesign.com.mx/author/maricruz-partum/ associated with post_type: page and Title: "Inicio Rediseño" has been purged, triggered by action: save_post 
[2026-01-21 22:18:17 : INFO] - Cache for URL: https://partumdesign.com.mx/inicio-rediseno/ has been purged, triggered by action: save_post 
[2026-01-21 22:18:17 : INFO] - Cache for author page URL: https://partumdesign.com.mx/author/maricruz-partum/ associated with post_type: page and Title: "Inicio Rediseño" has been purged, triggered by action: save_post 
[2026-01-21 22:28:28 : INFO] - Cache for URL: https://partumdesign.com.mx/inicio-rediseno/ has been purged, triggered by action: save_post 
[2026-01-21 22:28:28 : INFO] - Cache for author page URL: https://partumdesign.com.mx/author/maricruz-partum/ associated with post_type: page and Title: "Inicio Rediseño" has been purged, triggered by action: save_post 
[2026-01-21 22:28:28 : INFO] - Cache for URL: https://partumdesign.com.mx/inicio-rediseno/ has been purged, triggered by action: save_post 
[2026-01-21 22:28:28 : INFO] - Cache for author page URL: https://partumdesign.com.mx/author/maricruz-partum/ associated with post_type: page and Title: "Inicio Rediseño" has been purged, triggered by action: save_post 
[2026-01-21 22:28:28 : INFO] - Cache for URL: https://partumdesign.com.mx/inicio-rediseno/ has been purged, triggered by action: save_post 
[2026-01-21 22:28:28 : INFO] - Cache for author page URL: https://partumdesign.com.mx/author/maricruz-partum/ associated with post_type: page and Title: "Inicio Rediseño" has been purged, triggered by action: save_post 
[2026-01-21 22:51:42 : INFO] - Cache for URL: https://partumdesign.com.mx/inicio-rediseno/ has been purged, triggered by action: save_post 
[2026-01-21 22:51:42 : INFO] - Cache for author page URL: https://partumdesign.com.mx/author/maricruz-partum/ associated with post_type: page and Title: "Inicio Rediseño" has been purged, triggered by action: save_post 
[2026-01-21 22:51:42 : INFO] - Cache for URL: https://partumdesign.com.mx/inicio-rediseno/ has been purged, triggered by action: save_post 
[2026-01-21 22:51:42 : INFO] - Cache for author page URL: https://partumdesign.com.mx/author/maricruz-partum/ associated with post_type: page and Title: "Inicio Rediseño" has been purged, triggered by action: save_post 
[2026-01-21 22:51:42 : INFO] - Cache for URL: https://partumdesign.com.mx/inicio-rediseno/ has been purged, triggered by action: save_post 
[2026-01-21 22:51:42 : INFO] - Cache for author page URL: https://partumdesign.com.mx/author/maricruz-partum/ associated with post_type: page and Title: "Inicio Rediseño" has been purged, triggered by action: save_post 
[2026-01-21 22:51:52 : INFO] - Cache for URL: https://partumdesign.com.mx/inicio-rediseno/ has been purged, triggered by action: save_post 
[2026-01-21 22:51:52 : INFO] - Cache for author page URL: https://partumdesign.com.mx/author/maricruz-partum/ associated with post_type: page and Title: "Inicio Rediseño" has been purged, triggered by action: save_post 
[2026-01-21 22:51:52 : INFO] - Cache for URL: https://partumdesign.com.mx/inicio-rediseno/ has been purged, triggered by action: save_post 
[2026-01-21 22:51:52 : INFO] - Cache for author page URL: https://partumdesign.com.mx/author/maricruz-partum/ associated with post_type: page and Title: "Inicio Rediseño" has been purged, triggered by action: save_post 
[2026-01-21 22:51:53 : INFO] - Cache for URL: https://partumdesign.com.mx/inicio-rediseno/ has been purged, triggered by action: save_post 
[2026-01-21 22:51:53 : INFO] - Cache for author page URL: https://partumdesign.com.mx/author/maricruz-partum/ associated with post_type: page and Title: "Inicio Rediseño" has been purged, triggered by action: save_post 
[2026-01-21 22:56:54 : INFO] - Cache for URL: https://partumdesign.com.mx/inicio-rediseno/ has been purged, triggered by action: save_post 
[2026-01-21 22:56:54 : INFO] - Cache for author page URL: https://partumdesign.com.mx/author/maricruz-partum/ associated with post_type: page and Title: "Inicio Rediseño" has been purged, triggered by action: save_post 
[2026-01-21 22:56:54 : INFO] - Cache for URL: https://partumdesign.com.mx/inicio-rediseno/ has been purged, triggered by action: save_post 
[2026-01-21 22:56:54 : INFO] - Cache for author page URL: https://partumdesign.com.mx/author/maricruz-partum/ associated with post_type: page and Title: "Inicio Rediseño" has been purged, triggered by action: save_post 
[2026-01-21 22:56:54 : INFO] - Cache for URL: https://partumdesign.com.mx/inicio-rediseno/ has been purged, triggered by action: save_post 
[2026-01-21 22:56:54 : INFO] - Cache for author page URL: https://partumdesign.com.mx/author/maricruz-partum/ associated with post_type: page and Title: "Inicio Rediseño" has been purged, triggered by action: save_post 
[2026-01-21 23:03:09 : INFO] - Cache for URL: https://partumdesign.com.mx/inicio-rediseno/ has been purged, triggered by action: save_post 
[2026-01-21 23:03:09 : INFO] - Cache for author page URL: https://partumdesign.com.mx/author/maricruz-partum/ associated with post_type: page and Title: "Inicio Rediseño" has been purged, triggered by action: save_post 
[2026-01-21 23:03:09 : INFO] - Cache for URL: https://partumdesign.com.mx/inicio-rediseno/ has been purged, triggered by action: save_post 
[2026-01-21 23:03:09 : INFO] - Cache for author page URL: https://partumdesign.com.mx/author/maricruz-partum/ associated with post_type: page and Title: "Inicio Rediseño" has been purged, triggered by action: save_post 
[2026-01-21 23:03:10 : INFO] - Cache for URL: https://partumdesign.com.mx/inicio-rediseno/ has been purged, triggered by action: save_post 
[2026-01-21 23:03:10 : INFO] - Cache for author page URL: https://partumdesign.com.mx/author/maricruz-partum/ associated with post_type: page and Title: "Inicio Rediseño" has been purged, triggered by action: save_post 
[2026-01-21 23:08:06 : INFO] - Cache for URL: https://partumdesign.com.mx/inicio-rediseno/ has been purged, triggered by action: save_post 
[2026-01-21 23:08:06 : INFO] - Cache for author page URL: https://partumdesign.com.mx/author/maricruz-partum/ associated with post_type: page and Title: "Inicio Rediseño" has been purged, triggered by action: save_post 
[2026-01-21 23:08:06 : INFO] - Cache for URL: https://partumdesign.com.mx/inicio-rediseno/ has been purged, triggered by action: save_post 
[2026-01-21 23:08:06 : INFO] - Cache for author page URL: https://partumdesign.com.mx/author/maricruz-partum/ associated with post_type: page and Title: "Inicio Rediseño" has been purged, triggered by action: save_post 
[2026-01-21 23:08:07 : INFO] - Cache for URL: https://partumdesign.com.mx/inicio-rediseno/ has been purged, triggered by action: save_post 
[2026-01-21 23:08:07 : INFO] - Cache for author page URL: https://partumdesign.com.mx/author/maricruz-partum/ associated with post_type: page and Title: "Inicio Rediseño" has been purged, triggered by action: save_post 
[2026-01-21 23:13:18 : INFO] - Cache for URL: https://partumdesign.com.mx/inicio-rediseno/ has been purged, triggered by action: save_post 
[2026-01-21 23:13:18 : INFO] - Cache for author page URL: https://partumdesign.com.mx/author/maricruz-partum/ associated with post_type: page and Title: "Inicio Rediseño" has been purged, triggered by action: save_post 
[2026-01-21 23:13:18 : INFO] - Cache for URL: https://partumdesign.com.mx/inicio-rediseno/ has been purged, triggered by action: save_post 
[2026-01-21 23:13:18 : INFO] - Cache for author page URL: https://partumdesign.com.mx/author/maricruz-partum/ associated with post_type: page and Title: "Inicio Rediseño" has been purged, triggered by action: save_post 
[2026-01-21 23:13:18 : INFO] - Cache for URL: https://partumdesign.com.mx/inicio-rediseno/ has been purged, triggered by action: save_post 
[2026-01-21 23:13:18 : INFO] - Cache for author page URL: https://partumdesign.com.mx/author/maricruz-partum/ associated with post_type: page and Title: "Inicio Rediseño" has been purged, triggered by action: save_post 
[2026-01-21 23:36:47 : INFO] - Cache for URL: https://partumdesign.com.mx/inicio-rediseno/ has been purged, triggered by action: save_post 
[2026-01-21 23:36:47 : INFO] - Cache for author page URL: https://partumdesign.com.mx/author/maricruz-partum/ associated with post_type: page and Title: "Inicio Rediseño" has been purged, triggered by action: save_post 
[2026-01-21 23:36:47 : INFO] - Cache for URL: https://partumdesign.com.mx/inicio-rediseno/ has been purged, triggered by action: save_post 
[2026-01-21 23:36:47 : INFO] - Cache for author page URL: https://partumdesign.com.mx/author/maricruz-partum/ associated with post_type: page and Title: "Inicio Rediseño" has been purged, triggered by action: save_post 
[2026-01-21 23:36:48 : INFO] - Cache for URL: https://partumdesign.com.mx/inicio-rediseno/ has been purged, triggered by action: save_post 
[2026-01-21 23:36:48 : INFO] - Cache for author page URL: https://partumdesign.com.mx/author/maricruz-partum/ associated with post_type: page and Title: "Inicio Rediseño" has been purged, triggered by action: save_post 
[2026-01-21 23:39:20 : INFO] - Cache for URL: https://partumdesign.com.mx/inicio-rediseno/ has been purged, triggered by action: save_post 
[2026-01-21 23:39:20 : INFO] - Cache for author page URL: https://partumdesign.com.mx/author/maricruz-partum/ associated with post_type: page and Title: "Inicio Rediseño" has been purged, triggered by action: save_post 
[2026-01-21 23:39:20 : INFO] - Cache for URL: https://partumdesign.com.mx/inicio-rediseno/ has been purged, triggered by action: save_post 
[2026-01-21 23:39:20 : INFO] - Cache for author page URL: https://partumdesign.com.mx/author/maricruz-partum/ associated with post_type: page and Title: "Inicio Rediseño" has been purged, triggered by action: save_post 
[2026-01-21 23:39:20 : INFO] - Cache for URL: https://partumdesign.com.mx/inicio-rediseno/ has been purged, triggered by action: save_post 
[2026-01-21 23:39:20 : INFO] - Cache for author page URL: https://partumdesign.com.mx/author/maricruz-partum/ associated with post_type: page and Title: "Inicio Rediseño" has been purged, triggered by action: save_post 
[2026-01-21 23:41:45 : INFO] - Cache for URL: https://partumdesign.com.mx/inicio-rediseno/ has been purged, triggered by action: save_post 
[2026-01-21 23:41:45 : INFO] - Cache for author page URL: https://partumdesign.com.mx/author/maricruz-partum/ associated with post_type: page and Title: "Inicio Rediseño" has been purged, triggered by action: save_post 
[2026-01-21 23:41:45 : INFO] - Cache for URL: https://partumdesign.com.mx/inicio-rediseno/ has been purged, triggered by action: save_post 
[2026-01-21 23:41:45 : INFO] - Cache for author page URL: https://partumdesign.com.mx/author/maricruz-partum/ associated with post_type: page and Title: "Inicio Rediseño" has been purged, triggered by action: save_post 
[2026-01-21 23:41:45 : INFO] - Cache for URL: https://partumdesign.com.mx/inicio-rediseno/ has been purged, triggered by action: save_post 
[2026-01-21 23:41:45 : INFO] - Cache for author page URL: https://partumdesign.com.mx/author/maricruz-partum/ associated with post_type: page and Title: "Inicio Rediseño" has been purged, triggered by action: save_post 
[2026-01-21 23:43:11 : INFO] - Cache for URL: https://partumdesign.com.mx/inicio-rediseno/ has been purged, triggered by action: save_post 
[2026-01-21 23:43:11 : INFO] - Cache for author page URL: https://partumdesign.com.mx/author/maricruz-partum/ associated with post_type: page and Title: "Inicio Rediseño" has been purged, triggered by action: save_post 
[2026-01-21 23:43:11 : INFO] - Cache for URL: https://partumdesign.com.mx/inicio-rediseno/ has been purged, triggered by action: save_post 
[2026-01-21 23:43:11 : INFO] - Cache for author page URL: https://partumdesign.com.mx/author/maricruz-partum/ associated with post_type: page and Title: "Inicio Rediseño" has been purged, triggered by action: save_post 
[2026-01-21 23:43:11 : INFO] - Cache for URL: https://partumdesign.com.mx/inicio-rediseno/ has been purged, triggered by action: save_post 
[2026-01-21 23:43:11 : INFO] - Cache for author page URL: https://partumdesign.com.mx/author/maricruz-partum/ associated with post_type: page and Title: "Inicio Rediseño" has been purged, triggered by action: save_post 
[2026-01-21 23:47:53 : INFO] - Cache for URL: https://partumdesign.com.mx/inicio-rediseno/ has been purged, triggered by action: save_post 
[2026-01-21 23:47:53 : INFO] - Cache for author page URL: https://partumdesign.com.mx/author/maricruz-partum/ associated with post_type: page and Title: "Inicio Rediseño" has been purged, triggered by action: save_post 
[2026-01-21 23:47:54 : INFO] - Cache for URL: https://partumdesign.com.mx/inicio-rediseno/ has been purged, triggered by action: save_post 
[2026-01-21 23:47:54 : INFO] - Cache for author page URL: https://partumdesign.com.mx/author/maricruz-partum/ associated with post_type: page and Title: "Inicio Rediseño" has been purged, triggered by action: save_post 
[2026-01-21 23:47:54 : INFO] - Cache for URL: https://partumdesign.com.mx/inicio-rediseno/ has been purged, triggered by action: save_post 
[2026-01-21 23:47:54 : INFO] - Cache for author page URL: https://partumdesign.com.mx/author/maricruz-partum/ associated with post_type: page and Title: "Inicio Rediseño" has been purged, triggered by action: save_post 
[2026-01-21 23:51:42 : INFO] - Cache for URL: https://partumdesign.com.mx/inicio-rediseno/ has been purged, triggered by action: save_post 
[2026-01-21 23:51:42 : INFO] - Cache for author page URL: https://partumdesign.com.mx/author/maricruz-partum/ associated with post_type: page and Title: "Inicio Rediseño" has been purged, triggered by action: save_post 
[2026-01-21 23:51:42 : INFO] - Cache for URL: https://partumdesign.com.mx/inicio-rediseno/ has been purged, triggered by action: save_post 
[2026-01-21 23:51:42 : INFO] - Cache for author page URL: https://partumdesign.com.mx/author/maricruz-partum/ associated with post_type: page and Title: "Inicio Rediseño" has been purged, triggered by action: save_post 
[2026-01-21 23:51:42 : INFO] - Cache for URL: https://partumdesign.com.mx/inicio-rediseno/ has been purged, triggered by action: save_post 
[2026-01-21 23:51:42 : INFO] - Cache for author page URL: https://partumdesign.com.mx/author/maricruz-partum/ associated with post_type: page and Title: "Inicio Rediseño" has been purged, triggered by action: save_post 
[2026-01-22 17:17:38 : INFO] - Cache for URL: https://partumdesign.com.mx/quien-es-partum-rediseno/ has been purged, triggered by action: save_post 
[2026-01-22 17:17:38 : INFO] - Cache for author page URL: https://partumdesign.com.mx/author/maricruz-partum/ associated with post_type: page and Title: "¿Quién es partum? rediseño" has been purged, triggered by action: save_post 
[2026-01-22 17:17:38 : INFO] - Cache for URL: https://partumdesign.com.mx/quien-es-partum-rediseno/ has been purged, triggered by action: save_post 
[2026-01-22 17:17:38 : INFO] - Cache for author page URL: https://partumdesign.com.mx/author/maricruz-partum/ associated with post_type: page and Title: "¿Quién es partum? rediseño" has been purged, triggered by action: save_post 
[2026-01-22 17:17:39 : INFO] - Cache for URL: https://partumdesign.com.mx/quien-es-partum-rediseno/ has been purged, triggered by action: save_post 
[2026-01-22 17:17:39 : INFO] - Cache for author page URL: https://partumdesign.com.mx/author/maricruz-partum/ associated with post_type: page and Title: "¿Quién es partum? rediseño" has been purged, triggered by action: save_post 
[2026-01-22 17:21:49 : INFO] - Cache for URL: https://partumdesign.com.mx/quien-es-partum-rediseno/ has been purged, triggered by action: save_post 
[2026-01-22 17:21:49 : INFO] - Cache for author page URL: https://partumdesign.com.mx/author/maricruz-partum/ associated with post_type: page and Title: "¿Quién es partum? rediseño" has been purged, triggered by action: save_post 
[2026-01-22 17:21:50 : INFO] - Cache for URL: https://partumdesign.com.mx/quien-es-partum-rediseno/ has been purged, triggered by action: save_post 
[2026-01-22 17:21:50 : INFO] - Cache for author page URL: https://partumdesign.com.mx/author/maricruz-partum/ associated with post_type: page and Title: "¿Quién es partum? rediseño" has been purged, triggered by action: save_post 
[2026-01-22 17:21:51 : INFO] - Cache for URL: https://partumdesign.com.mx/quien-es-partum-rediseno/ has been purged, triggered by action: save_post 
[2026-01-22 17:21:51 : INFO] - Cache for author page URL: https://partumdesign.com.mx/author/maricruz-partum/ associated with post_type: page and Title: "¿Quién es partum? rediseño" has been purged, triggered by action: save_post 
[2026-01-22 17:24:55 : INFO] - Cache for URL: https://partumdesign.com.mx/quien-es-partum-rediseno/ has been purged, triggered by action: save_post 
[2026-01-22 17:24:55 : INFO] - Cache for author page URL: https://partumdesign.com.mx/author/maricruz-partum/ associated with post_type: page and Title: "¿Quién es partum? rediseño" has been purged, triggered by action: save_post 
[2026-01-22 17:24:56 : INFO] - Cache for URL: https://partumdesign.com.mx/quien-es-partum-rediseno/ has been purged, triggered by action: save_post 
[2026-01-22 17:24:56 : INFO] - Cache for author page URL: https://partumdesign.com.mx/author/maricruz-partum/ associated with post_type: page and Title: "¿Quién es partum? rediseño" has been purged, triggered by action: save_post 
[2026-01-22 17:24:56 : INFO] - Cache for URL: https://partumdesign.com.mx/quien-es-partum-rediseno/ has been purged, triggered by action: save_post 
[2026-01-22 17:24:56 : INFO] - Cache for author page URL: https://partumdesign.com.mx/author/maricruz-partum/ associated with post_type: page and Title: "¿Quién es partum? rediseño" has been purged, triggered by action: save_post 
[2026-01-22 17:31:56 : INFO] - Cache for URL: https://partumdesign.com.mx/quien-es-partum-rediseno/ has been purged, triggered by action: save_post 
[2026-01-22 17:31:56 : INFO] - Cache for author page URL: https://partumdesign.com.mx/author/maricruz-partum/ associated with post_type: page and Title: "¿Quién es partum? rediseño" has been purged, triggered by action: save_post 
[2026-01-22 17:31:56 : INFO] - Cache for URL: https://partumdesign.com.mx/quien-es-partum-rediseno/ has been purged, triggered by action: save_post 
[2026-01-22 17:31:56 : INFO] - Cache for author page URL: https://partumdesign.com.mx/author/maricruz-partum/ associated with post_type: page and Title: "¿Quién es partum? rediseño" has been purged, triggered by action: save_post 
[2026-01-22 17:31:57 : INFO] - Cache for URL: https://partumdesign.com.mx/quien-es-partum-rediseno/ has been purged, triggered by action: save_post 
[2026-01-22 17:31:57 : INFO] - Cache for author page URL: https://partumdesign.com.mx/author/maricruz-partum/ associated with post_type: page and Title: "¿Quién es partum? rediseño" has been purged, triggered by action: save_post 
[2026-01-22 17:36:31 : INFO] - Cache for URL: https://partumdesign.com.mx/quien-es-partum-rediseno/ has been purged, triggered by action: save_post 
[2026-01-22 17:36:31 : INFO] - Cache for author page URL: https://partumdesign.com.mx/author/maricruz-partum/ associated with post_type: page and Title: "¿Quién es partum? rediseño" has been purged, triggered by action: save_post 
[2026-01-22 17:36:32 : INFO] - Cache for URL: https://partumdesign.com.mx/quien-es-partum-rediseno/ has been purged, triggered by action: save_post 
[2026-01-22 17:36:32 : INFO] - Cache for author page URL: https://partumdesign.com.mx/author/maricruz-partum/ associated with post_type: page and Title: "¿Quién es partum? rediseño" has been purged, triggered by action: save_post 
[2026-01-22 17:36:32 : INFO] - Cache for URL: https://partumdesign.com.mx/quien-es-partum-rediseno/ has been purged, triggered by action: save_post 
[2026-01-22 17:36:32 : INFO] - Cache for author page URL: https://partumdesign.com.mx/author/maricruz-partum/ associated with post_type: page and Title: "¿Quién es partum? rediseño" has been purged, triggered by action: save_post 
[2026-01-22 17:37:12 : INFO] - Cache for URL: https://partumdesign.com.mx/quien-es-partum-rediseno/ has been purged, triggered by action: save_post 
[2026-01-22 17:37:12 : INFO] - Cache for author page URL: https://partumdesign.com.mx/author/maricruz-partum/ associated with post_type: page and Title: "¿Quién es partum? rediseño" has been purged, triggered by action: save_post 
[2026-01-22 17:37:13 : INFO] - Cache for URL: https://partumdesign.com.mx/quien-es-partum-rediseno/ has been purged, triggered by action: save_post 
[2026-01-22 17:37:13 : INFO] - Cache for author page URL: https://partumdesign.com.mx/author/maricruz-partum/ associated with post_type: page and Title: "¿Quién es partum? rediseño" has been purged, triggered by action: save_post 
[2026-01-22 17:37:13 : INFO] - Cache for URL: https://partumdesign.com.mx/quien-es-partum-rediseno/ has been purged, triggered by action: save_post 
[2026-01-22 17:37:13 : INFO] - Cache for author page URL: https://partumdesign.com.mx/author/maricruz-partum/ associated with post_type: page and Title: "¿Quién es partum? rediseño" has been purged, triggered by action: save_post 
[2026-01-22 17:40:10 : INFO] - Cache for URL: https://partumdesign.com.mx/quien-es-partum-rediseno/ has been purged, triggered by action: save_post 
[2026-01-22 17:40:10 : INFO] - Cache for author page URL: https://partumdesign.com.mx/author/maricruz-partum/ associated with post_type: page and Title: "¿Quién es partum? rediseño" has been purged, triggered by action: save_post 
[2026-01-22 17:40:11 : INFO] - Cache for URL: https://partumdesign.com.mx/quien-es-partum-rediseno/ has been purged, triggered by action: save_post 
[2026-01-22 17:40:11 : INFO] - Cache for author page URL: https://partumdesign.com.mx/author/maricruz-partum/ associated with post_type: page and Title: "¿Quién es partum? rediseño" has been purged, triggered by action: save_post 
[2026-01-22 17:40:12 : INFO] - Cache for URL: https://partumdesign.com.mx/quien-es-partum-rediseno/ has been purged, triggered by action: save_post 
[2026-01-22 17:40:12 : INFO] - Cache for author page URL: https://partumdesign.com.mx/author/maricruz-partum/ associated with post_type: page and Title: "¿Quién es partum? rediseño" has been purged, triggered by action: save_post 
[2026-01-22 17:50:55 : INFO] - Cache for URL: https://partumdesign.com.mx/quien-es-partum-rediseno/ has been purged, triggered by action: save_post 
[2026-01-22 17:50:55 : INFO] - Cache for author page URL: https://partumdesign.com.mx/author/maricruz-partum/ associated with post_type: page and Title: "¿Quién es partum? rediseño" has been purged, triggered by action: save_post 
[2026-01-22 17:50:56 : INFO] - Cache for URL: https://partumdesign.com.mx/quien-es-partum-rediseno/ has been purged, triggered by action: save_post 
[2026-01-22 17:50:56 : INFO] - Cache for author page URL: https://partumdesign.com.mx/author/maricruz-partum/ associated with post_type: page and Title: "¿Quién es partum? rediseño" has been purged, triggered by action: save_post 
[2026-01-22 17:50:56 : INFO] - Cache for URL: https://partumdesign.com.mx/quien-es-partum-rediseno/ has been purged, triggered by action: save_post 
[2026-01-22 17:50:56 : INFO] - Cache for author page URL: https://partumdesign.com.mx/author/maricruz-partum/ associated with post_type: page and Title: "¿Quién es partum? rediseño" has been purged, triggered by action: save_post 
[2026-01-22 18:04:18 : INFO] - Cache for URL: https://partumdesign.com.mx/quien-es-partum-rediseno/ has been purged, triggered by action: save_post 
[2026-01-22 18:04:18 : INFO] - Cache for author page URL: https://partumdesign.com.mx/author/maricruz-partum/ associated with post_type: page and Title: "¿Quién es partum? rediseño" has been purged, triggered by action: save_post 
[2026-01-22 18:04:18 : INFO] - Cache for URL: https://partumdesign.com.mx/quien-es-partum-rediseno/ has been purged, triggered by action: save_post 
[2026-01-22 18:04:18 : INFO] - Cache for author page URL: https://partumdesign.com.mx/author/maricruz-partum/ associated with post_type: page and Title: "¿Quién es partum? rediseño" has been purged, triggered by action: save_post 
[2026-01-22 18:04:18 : INFO] - Cache for URL: https://partumdesign.com.mx/quien-es-partum-rediseno/ has been purged, triggered by action: save_post 
[2026-01-22 18:04:18 : INFO] - Cache for author page URL: https://partumdesign.com.mx/author/maricruz-partum/ associated with post_type: page and Title: "¿Quién es partum? rediseño" has been purged, triggered by action: save_post 
[2026-01-22 18:09:44 : INFO] - Cache for URL: https://partumdesign.com.mx/quien-es-partum-rediseno/ has been purged, triggered by action: save_post 
[2026-01-22 18:09:44 : INFO] - Cache for author page URL: https://partumdesign.com.mx/author/maricruz-partum/ associated with post_type: page and Title: "¿Quién es partum? rediseño" has been purged, triggered by action: save_post 
[2026-01-22 18:09:46 : INFO] - Cache for URL: https://partumdesign.com.mx/quien-es-partum-rediseno/ has been purged, triggered by action: save_post 
[2026-01-22 18:09:46 : INFO] - Cache for author page URL: https://partumdesign.com.mx/author/maricruz-partum/ associated with post_type: page and Title: "¿Quién es partum? rediseño" has been purged, triggered by action: save_post 
[2026-01-22 18:09:47 : INFO] - Cache for URL: https://partumdesign.com.mx/quien-es-partum-rediseno/ has been purged, triggered by action: save_post 
[2026-01-22 18:09:47 : INFO] - Cache for author page URL: https://partumdesign.com.mx/author/maricruz-partum/ associated with post_type: page and Title: "¿Quién es partum? rediseño" has been purged, triggered by action: save_post 
[2026-01-22 18:11:13 : INFO] - Cache for URL: https://partumdesign.com.mx/quien-es-partum-rediseno/ has been purged, triggered by action: save_post 
[2026-01-22 18:11:13 : INFO] - Cache for author page URL: https://partumdesign.com.mx/author/maricruz-partum/ associated with post_type: page and Title: "¿Quién es partum? rediseño" has been purged, triggered by action: save_post 
[2026-01-22 18:11:14 : INFO] - Cache for URL: https://partumdesign.com.mx/quien-es-partum-rediseno/ has been purged, triggered by action: save_post 
[2026-01-22 18:11:14 : INFO] - Cache for author page URL: https://partumdesign.com.mx/author/maricruz-partum/ associated with post_type: page and Title: "¿Quién es partum? rediseño" has been purged, triggered by action: save_post 
[2026-01-22 18:11:14 : INFO] - Cache for URL: https://partumdesign.com.mx/quien-es-partum-rediseno/ has been purged, triggered by action: save_post 
[2026-01-22 18:11:14 : INFO] - Cache for author page URL: https://partumdesign.com.mx/author/maricruz-partum/ associated with post_type: page and Title: "¿Quién es partum? rediseño" has been purged, triggered by action: save_post 
[2026-01-22 18:14:13 : INFO] - Cache for URL: https://partumdesign.com.mx/quien-es-partum-rediseno/ has been purged, triggered by action: save_post 
[2026-01-22 18:14:13 : INFO] - Cache for author page URL: https://partumdesign.com.mx/author/maricruz-partum/ associated with post_type: page and Title: "¿Quién es partum? rediseño" has been purged, triggered by action: save_post 
[2026-01-22 18:14:13 : INFO] - Cache for URL: https://partumdesign.com.mx/quien-es-partum-rediseno/ has been purged, triggered by action: save_post 
[2026-01-22 18:14:13 : INFO] - Cache for author page URL: https://partumdesign.com.mx/author/maricruz-partum/ associated with post_type: page and Title: "¿Quién es partum? rediseño" has been purged, triggered by action: save_post 
[2026-01-22 18:14:14 : INFO] - Cache for URL: https://partumdesign.com.mx/quien-es-partum-rediseno/ has been purged, triggered by action: save_post 
[2026-01-22 18:14:14 : INFO] - Cache for author page URL: https://partumdesign.com.mx/author/maricruz-partum/ associated with post_type: page and Title: "¿Quién es partum? rediseño" has been purged, triggered by action: save_post 
[2026-01-22 18:15:45 : INFO] - Cache for URL: https://partumdesign.com.mx/quien-es-partum-rediseno/ has been purged, triggered by action: save_post 
[2026-01-22 18:15:45 : INFO] - Cache for author page URL: https://partumdesign.com.mx/author/maricruz-partum/ associated with post_type: page and Title: "¿Quién es partum? rediseño" has been purged, triggered by action: save_post 
[2026-01-22 18:15:47 : INFO] - Cache for URL: https://partumdesign.com.mx/quien-es-partum-rediseno/ has been purged, triggered by action: save_post 
[2026-01-22 18:15:47 : INFO] - Cache for author page URL: https://partumdesign.com.mx/author/maricruz-partum/ associated with post_type: page and Title: "¿Quién es partum? rediseño" has been purged, triggered by action: save_post 
[2026-01-22 18:15:47 : INFO] - Cache for URL: https://partumdesign.com.mx/quien-es-partum-rediseno/ has been purged, triggered by action: save_post 
[2026-01-22 18:15:47 : INFO] - Cache for author page URL: https://partumdesign.com.mx/author/maricruz-partum/ associated with post_type: page and Title: "¿Quién es partum? rediseño" has been purged, triggered by action: save_post 
[2026-01-22 18:21:54 : INFO] - Cache for URL: https://partumdesign.com.mx/quien-es-partum-rediseno/ has been purged, triggered by action: save_post 
[2026-01-22 18:21:54 : INFO] - Cache for author page URL: https://partumdesign.com.mx/author/maricruz-partum/ associated with post_type: page and Title: "¿Quién es partum? rediseño" has been purged, triggered by action: save_post 
[2026-01-22 18:21:54 : INFO] - Cache for URL: https://partumdesign.com.mx/quien-es-partum-rediseno/ has been purged, triggered by action: save_post 
[2026-01-22 18:21:54 : INFO] - Cache for author page URL: https://partumdesign.com.mx/author/maricruz-partum/ associated with post_type: page and Title: "¿Quién es partum? rediseño" has been purged, triggered by action: save_post 
[2026-01-22 18:21:55 : INFO] - Cache for URL: https://partumdesign.com.mx/quien-es-partum-rediseno/ has been purged, triggered by action: save_post 
[2026-01-22 18:21:55 : INFO] - Cache for author page URL: https://partumdesign.com.mx/author/maricruz-partum/ associated with post_type: page and Title: "¿Quién es partum? rediseño" has been purged, triggered by action: save_post 
[2026-01-22 18:23:34 : INFO] - Cache for URL: https://partumdesign.com.mx/quien-es-partum-rediseno/ has been purged, triggered by action: save_post 
[2026-01-22 18:23:34 : INFO] - Cache for author page URL: https://partumdesign.com.mx/author/maricruz-partum/ associated with post_type: page and Title: "¿Quién es partum? rediseño" has been purged, triggered by action: save_post 
[2026-01-22 18:23:34 : INFO] - Cache for URL: https://partumdesign.com.mx/quien-es-partum-rediseno/ has been purged, triggered by action: save_post 
[2026-01-22 18:23:34 : INFO] - Cache for author page URL: https://partumdesign.com.mx/author/maricruz-partum/ associated with post_type: page and Title: "¿Quién es partum? rediseño" has been purged, triggered by action: save_post 
[2026-01-22 18:23:35 : INFO] - Cache for URL: https://partumdesign.com.mx/quien-es-partum-rediseno/ has been purged, triggered by action: save_post 
[2026-01-22 18:23:35 : INFO] - Cache for author page URL: https://partumdesign.com.mx/author/maricruz-partum/ associated with post_type: page and Title: "¿Quién es partum? rediseño" has been purged, triggered by action: save_post 
[2026-01-27 00:02:00 : INFO] - Cache for URL: https://partumdesign.com.mx/inicio-rediseno/ has been purged, triggered by action: save_post 
[2026-01-27 00:02:00 : INFO] - Cache for author page URL: https://partumdesign.com.mx/author/maricruz-partum/ associated with post_type: page and Title: "Inicio Rediseño" has been purged, triggered by action: save_post 
[2026-01-27 00:02:01 : INFO] - Cache for URL: https://partumdesign.com.mx/inicio-rediseno/ has been purged, triggered by action: save_post 
[2026-01-27 00:02:01 : INFO] - Cache for author page URL: https://partumdesign.com.mx/author/maricruz-partum/ associated with post_type: page and Title: "Inicio Rediseño" has been purged, triggered by action: save_post 
[2026-01-27 00:02:01 : INFO] - Cache for URL: https://partumdesign.com.mx/inicio-rediseno/ has been purged, triggered by action: save_post 
[2026-01-27 00:02:01 : INFO] - Cache for author page URL: https://partumdesign.com.mx/author/maricruz-partum/ associated with post_type: page and Title: "Inicio Rediseño" has been purged, triggered by action: save_post 
[2026-01-27 00:04:31 : INFO] - Cache for URL: https://partumdesign.com.mx/inicio-rediseno/ has been purged, triggered by action: save_post 
[2026-01-27 00:04:31 : INFO] - Cache for author page URL: https://partumdesign.com.mx/author/maricruz-partum/ associated with post_type: page and Title: "Inicio Rediseño" has been purged, triggered by action: save_post 
[2026-01-27 00:04:32 : INFO] - Cache for URL: https://partumdesign.com.mx/inicio-rediseno/ has been purged, triggered by action: save_post 
[2026-01-27 00:04:32 : INFO] - Cache for author page URL: https://partumdesign.com.mx/author/maricruz-partum/ associated with post_type: page and Title: "Inicio Rediseño" has been purged, triggered by action: save_post 
[2026-01-27 00:04:32 : INFO] - Cache for URL: https://partumdesign.com.mx/inicio-rediseno/ has been purged, triggered by action: save_post 
[2026-01-27 00:04:32 : INFO] - Cache for author page URL: https://partumdesign.com.mx/author/maricruz-partum/ associated with post_type: page and Title: "Inicio Rediseño" has been purged, triggered by action: save_post 
[2026-01-27 00:06:07 : INFO] - Cache for URL: https://partumdesign.com.mx/inicio-rediseno/ has been purged, triggered by action: save_post 
[2026-01-27 00:06:07 : INFO] - Cache for author page URL: https://partumdesign.com.mx/author/maricruz-partum/ associated with post_type: page and Title: "Inicio Rediseño" has been purged, triggered by action: save_post 
[2026-01-27 00:06:07 : INFO] - Cache for URL: https://partumdesign.com.mx/inicio-rediseno/ has been purged, triggered by action: save_post 
[2026-01-27 00:06:07 : INFO] - Cache for author page URL: https://partumdesign.com.mx/author/maricruz-partum/ associated with post_type: page and Title: "Inicio Rediseño" has been purged, triggered by action: save_post 
[2026-01-27 00:06:08 : INFO] - Cache for URL: https://partumdesign.com.mx/inicio-rediseno/ has been purged, triggered by action: save_post 
[2026-01-27 00:06:08 : INFO] - Cache for author page URL: https://partumdesign.com.mx/author/maricruz-partum/ associated with post_type: page and Title: "Inicio Rediseño" has been purged, triggered by action: save_post 
[2026-01-27 00:10:39 : INFO] - Cache for URL: https://partumdesign.com.mx/inicio-rediseno/ has been purged, triggered by action: save_post 
[2026-01-27 00:10:39 : INFO] - Cache for author page URL: https://partumdesign.com.mx/author/maricruz-partum/ associated with post_type: page and Title: "Inicio Rediseño" has been purged, triggered by action: save_post 
[2026-01-27 00:10:39 : INFO] - Cache for URL: https://partumdesign.com.mx/inicio-rediseno/ has been purged, triggered by action: save_post 
[2026-01-27 00:10:39 : INFO] - Cache for author page URL: https://partumdesign.com.mx/author/maricruz-partum/ associated with post_type: page and Title: "Inicio Rediseño" has been purged, triggered by action: save_post 
[2026-01-27 00:10:39 : INFO] - Cache for URL: https://partumdesign.com.mx/inicio-rediseno/ has been purged, triggered by action: save_post 
[2026-01-27 00:10:39 : INFO] - Cache for author page URL: https://partumdesign.com.mx/author/maricruz-partum/ associated with post_type: page and Title: "Inicio Rediseño" has been purged, triggered by action: save_post 
[2026-01-28 17:00:10 : INFO] - Cache for URL: https://partumdesign.com.mx/inicio-rediseno/ has been purged, triggered by action: save_post 
[2026-01-28 17:00:10 : INFO] - Cache for author page URL: https://partumdesign.com.mx/author/maricruz-partum/ associated with post_type: page and Title: "Inicio Rediseño" has been purged, triggered by action: save_post 
[2026-01-28 17:00:10 : INFO] - Cache for URL: https://partumdesign.com.mx/inicio-rediseno/ has been purged, triggered by action: save_post 
[2026-01-28 17:00:10 : INFO] - Cache for author page URL: https://partumdesign.com.mx/author/maricruz-partum/ associated with post_type: page and Title: "Inicio Rediseño" has been purged, triggered by action: save_post 
[2026-01-28 17:00:10 : INFO] - Cache for URL: https://partumdesign.com.mx/inicio-rediseno/ has been purged, triggered by action: save_post 
[2026-01-28 17:00:10 : INFO] - Cache for author page URL: https://partumdesign.com.mx/author/maricruz-partum/ associated with post_type: page and Title: "Inicio Rediseño" has been purged, triggered by action: save_post 
[2026-01-28 18:27:26 : INFO] - Cache for URL: https://partumdesign.com.mx/inicio-rediseno/ has been purged, triggered by action: save_post 
[2026-01-28 18:27:26 : INFO] - Cache for author page URL: https://partumdesign.com.mx/author/maricruz-partum/ associated with post_type: page and Title: "Inicio Rediseño" has been purged, triggered by action: save_post 
[2026-01-28 18:27:26 : INFO] - Cache for URL: https://partumdesign.com.mx/inicio-rediseno/ has been purged, triggered by action: save_post 
[2026-01-28 18:27:26 : INFO] - Cache for author page URL: https://partumdesign.com.mx/author/maricruz-partum/ associated with post_type: page and Title: "Inicio Rediseño" has been purged, triggered by action: save_post 
[2026-01-28 18:27:26 : INFO] - Cache for URL: https://partumdesign.com.mx/inicio-rediseno/ has been purged, triggered by action: save_post 
[2026-01-28 18:27:26 : INFO] - Cache for author page URL: https://partumdesign.com.mx/author/maricruz-partum/ associated with post_type: page and Title: "Inicio Rediseño" has been purged, triggered by action: save_post 
[2026-01-28 19:26:04 : INFO] - Cache for URL: https://partumdesign.com.mx/inicio-rediseno/ has been purged, triggered by action: save_post 
[2026-01-28 19:26:04 : INFO] - Cache for author page URL: https://partumdesign.com.mx/author/maricruz-partum/ associated with post_type: page and Title: "Inicio Rediseño" has been purged, triggered by action: save_post 
[2026-01-28 19:26:04 : INFO] - Cache for URL: https://partumdesign.com.mx/inicio-rediseno/ has been purged, triggered by action: save_post 
[2026-01-28 19:26:04 : INFO] - Cache for author page URL: https://partumdesign.com.mx/author/maricruz-partum/ associated with post_type: page and Title: "Inicio Rediseño" has been purged, triggered by action: save_post 
[2026-01-28 19:26:04 : INFO] - Cache for URL: https://partumdesign.com.mx/inicio-rediseno/ has been purged, triggered by action: save_post 
[2026-01-28 19:26:04 : INFO] - Cache for author page URL: https://partumdesign.com.mx/author/maricruz-partum/ associated with post_type: page and Title: "Inicio Rediseño" has been purged, triggered by action: save_post 
[2026-01-28 19:28:57 : INFO] - Cache for URL: https://partumdesign.com.mx/inicio-rediseno/ has been purged, triggered by action: save_post 
[2026-01-28 19:28:57 : INFO] - Cache for author page URL: https://partumdesign.com.mx/author/maricruz-partum/ associated with post_type: page and Title: "Inicio Rediseño" has been purged, triggered by action: save_post 
[2026-01-28 19:28:58 : INFO] - Cache for URL: https://partumdesign.com.mx/inicio-rediseno/ has been purged, triggered by action: save_post 
[2026-01-28 19:28:58 : INFO] - Cache for author page URL: https://partumdesign.com.mx/author/maricruz-partum/ associated with post_type: page and Title: "Inicio Rediseño" has been purged, triggered by action: save_post 
[2026-01-28 19:28:58 : INFO] - Cache for URL: https://partumdesign.com.mx/inicio-rediseno/ has been purged, triggered by action: save_post 
[2026-01-28 19:28:58 : INFO] - Cache for author page URL: https://partumdesign.com.mx/author/maricruz-partum/ associated with post_type: page and Title: "Inicio Rediseño" has been purged, triggered by action: save_post 
[2026-01-28 19:30:33 : INFO] - Cache for URL: https://partumdesign.com.mx/inicio-rediseno/ has been purged, triggered by action: save_post 
[2026-01-28 19:30:33 : INFO] - Cache for author page URL: https://partumdesign.com.mx/author/maricruz-partum/ associated with post_type: page and Title: "Inicio Rediseño" has been purged, triggered by action: save_post 
[2026-01-28 19:30:33 : INFO] - Cache for URL: https://partumdesign.com.mx/inicio-rediseno/ has been purged, triggered by action: save_post 
[2026-01-28 19:30:33 : INFO] - Cache for author page URL: https://partumdesign.com.mx/author/maricruz-partum/ associated with post_type: page and Title: "Inicio Rediseño" has been purged, triggered by action: save_post 
[2026-01-28 19:30:34 : INFO] - Cache for URL: https://partumdesign.com.mx/inicio-rediseno/ has been purged, triggered by action: save_post 
[2026-01-28 19:30:34 : INFO] - Cache for author page URL: https://partumdesign.com.mx/author/maricruz-partum/ associated with post_type: page and Title: "Inicio Rediseño" has been purged, triggered by action: save_post 
[2026-01-28 19:31:09 : INFO] - Cache for URL: https://partumdesign.com.mx/inicio-rediseno/ has been purged, triggered by action: save_post 
[2026-01-28 19:31:09 : INFO] - Cache for author page URL: https://partumdesign.com.mx/author/maricruz-partum/ associated with post_type: page and Title: "Inicio Rediseño" has been purged, triggered by action: save_post 
[2026-01-28 19:31:09 : INFO] - Cache for URL: https://partumdesign.com.mx/inicio-rediseno/ has been purged, triggered by action: save_post 
[2026-01-28 19:31:09 : INFO] - Cache for author page URL: https://partumdesign.com.mx/author/maricruz-partum/ associated with post_type: page and Title: "Inicio Rediseño" has been purged, triggered by action: save_post 
[2026-01-28 19:31:09 : INFO] - Cache for URL: https://partumdesign.com.mx/inicio-rediseno/ has been purged, triggered by action: save_post 
[2026-01-28 19:31:09 : INFO] - Cache for author page URL: https://partumdesign.com.mx/author/maricruz-partum/ associated with post_type: page and Title: "Inicio Rediseño" has been purged, triggered by action: save_post 
[2026-01-28 19:32:14 : INFO] - Cache for URL: https://partumdesign.com.mx/inicio-rediseno/ has been purged, triggered by action: save_post 
[2026-01-28 19:32:14 : INFO] - Cache for author page URL: https://partumdesign.com.mx/author/maricruz-partum/ associated with post_type: page and Title: "Inicio Rediseño" has been purged, triggered by action: save_post 
[2026-01-28 19:32:15 : INFO] - Cache for URL: https://partumdesign.com.mx/inicio-rediseno/ has been purged, triggered by action: save_post 
[2026-01-28 19:32:15 : INFO] - Cache for author page URL: https://partumdesign.com.mx/author/maricruz-partum/ associated with post_type: page and Title: "Inicio Rediseño" has been purged, triggered by action: save_post 
[2026-01-28 19:32:15 : INFO] - Cache for URL: https://partumdesign.com.mx/inicio-rediseno/ has been purged, triggered by action: save_post 
[2026-01-28 19:32:15 : INFO] - Cache for author page URL: https://partumdesign.com.mx/author/maricruz-partum/ associated with post_type: page and Title: "Inicio Rediseño" has been purged, triggered by action: save_post 
[2026-01-28 19:51:14 : INFO] - Cache for URL: https://partumdesign.com.mx/inicio-rediseno/ has been purged, triggered by action: save_post 
[2026-01-28 19:51:14 : INFO] - Cache for author page URL: https://partumdesign.com.mx/author/maricruz-partum/ associated with post_type: page and Title: "Inicio Rediseño" has been purged, triggered by action: save_post 
[2026-01-28 19:51:14 : INFO] - Cache for URL: https://partumdesign.com.mx/inicio-rediseno/ has been purged, triggered by action: save_post 
[2026-01-28 19:51:14 : INFO] - Cache for author page URL: https://partumdesign.com.mx/author/maricruz-partum/ associated with post_type: page and Title: "Inicio Rediseño" has been purged, triggered by action: save_post 
[2026-01-28 19:51:14 : INFO] - Cache for URL: https://partumdesign.com.mx/inicio-rediseno/ has been purged, triggered by action: save_post 
[2026-01-28 19:51:14 : INFO] - Cache for author page URL: https://partumdesign.com.mx/author/maricruz-partum/ associated with post_type: page and Title: "Inicio Rediseño" has been purged, triggered by action: save_post 
[2026-01-28 20:04:24 : INFO] - Cache for URL: https://partumdesign.com.mx/inicio-rediseno/ has been purged, triggered by action: save_post 
[2026-01-28 20:04:24 : INFO] - Cache for author page URL: https://partumdesign.com.mx/author/maricruz-partum/ associated with post_type: page and Title: "Inicio Rediseño" has been purged, triggered by action: save_post 
[2026-01-28 20:04:25 : INFO] - Cache for URL: https://partumdesign.com.mx/inicio-rediseno/ has been purged, triggered by action: save_post 
[2026-01-28 20:04:25 : INFO] - Cache for author page URL: https://partumdesign.com.mx/author/maricruz-partum/ associated with post_type: page and Title: "Inicio Rediseño" has been purged, triggered by action: save_post 
[2026-01-28 20:04:26 : INFO] - Cache for URL: https://partumdesign.com.mx/inicio-rediseno/ has been purged, triggered by action: save_post 
[2026-01-28 20:04:26 : INFO] - Cache for author page URL: https://partumdesign.com.mx/author/maricruz-partum/ associated with post_type: page and Title: "Inicio Rediseño" has been purged, triggered by action: save_post 
[2026-01-28 20:07:55 : INFO] - Cache for URL: https://partumdesign.com.mx/inicio-rediseno/ has been purged, triggered by action: save_post 
[2026-01-28 20:07:55 : INFO] - Cache for author page URL: https://partumdesign.com.mx/author/maricruz-partum/ associated with post_type: page and Title: "Inicio Rediseño" has been purged, triggered by action: save_post 
[2026-01-28 20:07:55 : INFO] - Cache for URL: https://partumdesign.com.mx/inicio-rediseno/ has been purged, triggered by action: save_post 
[2026-01-28 20:07:55 : INFO] - Cache for author page URL: https://partumdesign.com.mx/author/maricruz-partum/ associated with post_type: page and Title: "Inicio Rediseño" has been purged, triggered by action: save_post 
[2026-01-28 20:07:55 : INFO] - Cache for URL: https://partumdesign.com.mx/inicio-rediseno/ has been purged, triggered by action: save_post 
[2026-01-28 20:07:55 : INFO] - Cache for author page URL: https://partumdesign.com.mx/author/maricruz-partum/ associated with post_type: page and Title: "Inicio Rediseño" has been purged, triggered by action: save_post 
[2026-01-28 20:09:06 : INFO] - Cache for URL: https://partumdesign.com.mx/inicio-rediseno/ has been purged, triggered by action: save_post 
[2026-01-28 20:09:06 : INFO] - Cache for author page URL: https://partumdesign.com.mx/author/maricruz-partum/ associated with post_type: page and Title: "Inicio Rediseño" has been purged, triggered by action: save_post 
[2026-01-28 20:09:07 : INFO] - Cache for URL: https://partumdesign.com.mx/inicio-rediseno/ has been purged, triggered by action: save_post 
[2026-01-28 20:09:07 : INFO] - Cache for author page URL: https://partumdesign.com.mx/author/maricruz-partum/ associated with post_type: page and Title: "Inicio Rediseño" has been purged, triggered by action: save_post 
[2026-01-28 20:09:07 : INFO] - Cache for URL: https://partumdesign.com.mx/inicio-rediseno/ has been purged, triggered by action: save_post 
[2026-01-28 20:09:07 : INFO] - Cache for author page URL: https://partumdesign.com.mx/author/maricruz-partum/ associated with post_type: page and Title: "Inicio Rediseño" has been purged, triggered by action: save_post 
[2026-01-28 20:19:33 : INFO] - Cache for URL: https://partumdesign.com.mx/inicio-rediseno/ has been purged, triggered by action: save_post 
[2026-01-28 20:19:33 : INFO] - Cache for author page URL: https://partumdesign.com.mx/author/maricruz-partum/ associated with post_type: page and Title: "Inicio Rediseño" has been purged, triggered by action: save_post 
[2026-01-28 20:19:33 : INFO] - Cache for URL: https://partumdesign.com.mx/inicio-rediseno/ has been purged, triggered by action: save_post 
[2026-01-28 20:19:33 : INFO] - Cache for author page URL: https://partumdesign.com.mx/author/maricruz-partum/ associated with post_type: page and Title: "Inicio Rediseño" has been purged, triggered by action: save_post 
[2026-01-28 20:19:33 : INFO] - Cache for URL: https://partumdesign.com.mx/inicio-rediseno/ has been purged, triggered by action: save_post 
[2026-01-28 20:19:33 : INFO] - Cache for author page URL: https://partumdesign.com.mx/author/maricruz-partum/ associated with post_type: page and Title: "Inicio Rediseño" has been purged, triggered by action: save_post 
[2026-01-28 20:25:13 : INFO] - Cache for URL: https://partumdesign.com.mx/inicio-rediseno/ has been purged, triggered by action: save_post 
[2026-01-28 20:25:13 : INFO] - Cache for author page URL: https://partumdesign.com.mx/author/maricruz-partum/ associated with post_type: page and Title: "Inicio Rediseño" has been purged, triggered by action: save_post 
[2026-01-28 20:25:14 : INFO] - Cache for URL: https://partumdesign.com.mx/inicio-rediseno/ has been purged, triggered by action: save_post 
[2026-01-28 20:25:14 : INFO] - Cache for author page URL: https://partumdesign.com.mx/author/maricruz-partum/ associated with post_type: page and Title: "Inicio Rediseño" has been purged, triggered by action: save_post 
[2026-01-28 20:25:14 : INFO] - Cache for URL: https://partumdesign.com.mx/inicio-rediseno/ has been purged, triggered by action: save_post 
[2026-01-28 20:25:14 : INFO] - Cache for author page URL: https://partumdesign.com.mx/author/maricruz-partum/ associated with post_type: page and Title: "Inicio Rediseño" has been purged, triggered by action: save_post 
[2026-01-28 20:27:20 : INFO] - Cache for URL: https://partumdesign.com.mx/inicio-rediseno/ has been purged, triggered by action: save_post 
[2026-01-28 20:27:20 : INFO] - Cache for author page URL: https://partumdesign.com.mx/author/maricruz-partum/ associated with post_type: page and Title: "Inicio Rediseño" has been purged, triggered by action: save_post 
[2026-01-28 20:27:20 : INFO] - Cache for URL: https://partumdesign.com.mx/inicio-rediseno/ has been purged, triggered by action: save_post 
[2026-01-28 20:27:20 : INFO] - Cache for author page URL: https://partumdesign.com.mx/author/maricruz-partum/ associated with post_type: page and Title: "Inicio Rediseño" has been purged, triggered by action: save_post 
[2026-01-28 20:27:20 : INFO] - Cache for URL: https://partumdesign.com.mx/inicio-rediseno/ has been purged, triggered by action: save_post 
[2026-01-28 20:27:20 : INFO] - Cache for author page URL: https://partumdesign.com.mx/author/maricruz-partum/ associated with post_type: page and Title: "Inicio Rediseño" has been purged, triggered by action: save_post 
[2026-01-28 20:33:48 : INFO] - Cache for URL: https://partumdesign.com.mx/inicio-rediseno/ has been purged, triggered by action: save_post 
[2026-01-28 20:33:48 : INFO] - Cache for author page URL: https://partumdesign.com.mx/author/maricruz-partum/ associated with post_type: page and Title: "Inicio Rediseño" has been purged, triggered by action: save_post 
[2026-01-28 20:33:49 : INFO] - Cache for URL: https://partumdesign.com.mx/inicio-rediseno/ has been purged, triggered by action: save_post 
[2026-01-28 20:33:49 : INFO] - Cache for author page URL: https://partumdesign.com.mx/author/maricruz-partum/ associated with post_type: page and Title: "Inicio Rediseño" has been purged, triggered by action: save_post 
[2026-01-28 20:33:49 : INFO] - Cache for URL: https://partumdesign.com.mx/inicio-rediseno/ has been purged, triggered by action: save_post 
[2026-01-28 20:33:49 : INFO] - Cache for author page URL: https://partumdesign.com.mx/author/maricruz-partum/ associated with post_type: page and Title: "Inicio Rediseño" has been purged, triggered by action: save_post 
[2026-01-28 21:03:58 : INFO] - Cache for URL: https://partumdesign.com.mx/inicio-rediseno/ has been purged, triggered by action: save_post 
[2026-01-28 21:03:58 : INFO] - Cache for author page URL: https://partumdesign.com.mx/author/maricruz-partum/ associated with post_type: page and Title: "Inicio Rediseño" has been purged, triggered by action: save_post 
[2026-01-28 21:03:59 : INFO] - Cache for URL: https://partumdesign.com.mx/inicio-rediseno/ has been purged, triggered by action: save_post 
[2026-01-28 21:03:59 : INFO] - Cache for author page URL: https://partumdesign.com.mx/author/maricruz-partum/ associated with post_type: page and Title: "Inicio Rediseño" has been purged, triggered by action: save_post 
[2026-01-28 21:04:02 : INFO] - Cache for URL: https://partumdesign.com.mx/inicio-rediseno/ has been purged, triggered by action: save_post 
[2026-01-28 21:04:02 : INFO] - Cache for author page URL: https://partumdesign.com.mx/author/maricruz-partum/ associated with post_type: page and Title: "Inicio Rediseño" has been purged, triggered by action: save_post 
[2026-01-28 21:08:54 : INFO] - Cache for URL: https://partumdesign.com.mx/inicio-rediseno/ has been purged, triggered by action: save_post 
[2026-01-28 21:08:54 : INFO] - Cache for author page URL: https://partumdesign.com.mx/author/maricruz-partum/ associated with post_type: page and Title: "Inicio Rediseño" has been purged, triggered by action: save_post 
[2026-01-28 21:08:55 : INFO] - Cache for URL: https://partumdesign.com.mx/inicio-rediseno/ has been purged, triggered by action: save_post 
[2026-01-28 21:08:55 : INFO] - Cache for author page URL: https://partumdesign.com.mx/author/maricruz-partum/ associated with post_type: page and Title: "Inicio Rediseño" has been purged, triggered by action: save_post 
[2026-01-28 21:08:55 : INFO] - Cache for URL: https://partumdesign.com.mx/inicio-rediseno/ has been purged, triggered by action: save_post 
[2026-01-28 21:08:55 : INFO] - Cache for author page URL: https://partumdesign.com.mx/author/maricruz-partum/ associated with post_type: page and Title: "Inicio Rediseño" has been purged, triggered by action: save_post 
[2026-01-28 21:17:27 : INFO] - Cache for URL: https://partumdesign.com.mx/inicio-rediseno/ has been purged, triggered by action: save_post 
[2026-01-28 21:17:27 : INFO] - Cache for author page URL: https://partumdesign.com.mx/author/maricruz-partum/ associated with post_type: page and Title: "Inicio Rediseño" has been purged, triggered by action: save_post 
[2026-01-28 21:17:28 : INFO] - Cache for URL: https://partumdesign.com.mx/inicio-rediseno/ has been purged, triggered by action: save_post 
[2026-01-28 21:17:28 : INFO] - Cache for author page URL: https://partumdesign.com.mx/author/maricruz-partum/ associated with post_type: page and Title: "Inicio Rediseño" has been purged, triggered by action: save_post 
[2026-01-28 21:17:28 : INFO] - Cache for URL: https://partumdesign.com.mx/inicio-rediseno/ has been purged, triggered by action: save_post 
[2026-01-28 21:17:28 : INFO] - Cache for author page URL: https://partumdesign.com.mx/author/maricruz-partum/ associated with post_type: page and Title: "Inicio Rediseño" has been purged, triggered by action: save_post 
[2026-01-28 21:19:37 : INFO] - Cache for URL: https://partumdesign.com.mx/inicio-rediseno/ has been purged, triggered by action: save_post 
[2026-01-28 21:19:37 : INFO] - Cache for author page URL: https://partumdesign.com.mx/author/maricruz-partum/ associated with post_type: page and Title: "Inicio Rediseño" has been purged, triggered by action: save_post 
[2026-01-28 21:19:37 : INFO] - Cache for URL: https://partumdesign.com.mx/inicio-rediseno/ has been purged, triggered by action: save_post 
[2026-01-28 21:19:37 : INFO] - Cache for author page URL: https://partumdesign.com.mx/author/maricruz-partum/ associated with post_type: page and Title: "Inicio Rediseño" has been purged, triggered by action: save_post 
[2026-01-28 21:19:37 : INFO] - Cache for URL: https://partumdesign.com.mx/inicio-rediseno/ has been purged, triggered by action: save_post 
[2026-01-28 21:19:37 : INFO] - Cache for author page URL: https://partumdesign.com.mx/author/maricruz-partum/ associated with post_type: page and Title: "Inicio Rediseño" has been purged, triggered by action: save_post 
[2026-01-28 21:23:40 : INFO] - Cache for URL: https://partumdesign.com.mx/inicio-rediseno/ has been purged, triggered by action: save_post 
[2026-01-28 21:23:40 : INFO] - Cache for author page URL: https://partumdesign.com.mx/author/maricruz-partum/ associated with post_type: page and Title: "Inicio Rediseño" has been purged, triggered by action: save_post 
[2026-01-28 21:23:40 : INFO] - Cache for URL: https://partumdesign.com.mx/inicio-rediseno/ has been purged, triggered by action: save_post 
[2026-01-28 21:23:40 : INFO] - Cache for author page URL: https://partumdesign.com.mx/author/maricruz-partum/ associated with post_type: page and Title: "Inicio Rediseño" has been purged, triggered by action: save_post 
[2026-01-28 21:23:40 : INFO] - Cache for URL: https://partumdesign.com.mx/inicio-rediseno/ has been purged, triggered by action: save_post 
[2026-01-28 21:23:40 : INFO] - Cache for author page URL: https://partumdesign.com.mx/author/maricruz-partum/ associated with post_type: page and Title: "Inicio Rediseño" has been purged, triggered by action: save_post 
[2026-01-28 21:31:03 : INFO] - Cache for URL: https://partumdesign.com.mx/inicio-rediseno/ has been purged, triggered by action: save_post 
[2026-01-28 21:31:03 : INFO] - Cache for author page URL: https://partumdesign.com.mx/author/maricruz-partum/ associated with post_type: page and Title: "Inicio Rediseño" has been purged, triggered by action: save_post 
[2026-01-28 21:31:04 : INFO] - Cache for URL: https://partumdesign.com.mx/inicio-rediseno/ has been purged, triggered by action: save_post 
[2026-01-28 21:31:04 : INFO] - Cache for author page URL: https://partumdesign.com.mx/author/maricruz-partum/ associated with post_type: page and Title: "Inicio Rediseño" has been purged, triggered by action: save_post 
[2026-01-28 21:31:04 : INFO] - Cache for URL: https://partumdesign.com.mx/inicio-rediseno/ has been purged, triggered by action: save_post 
[2026-01-28 21:31:04 : INFO] - Cache for author page URL: https://partumdesign.com.mx/author/maricruz-partum/ associated with post_type: page and Title: "Inicio Rediseño" has been purged, triggered by action: save_post 
[2026-01-28 21:34:20 : INFO] - Cache for URL: https://partumdesign.com.mx/inicio-rediseno/ has been purged, triggered by action: save_post 
[2026-01-28 21:34:20 : INFO] - Cache for author page URL: https://partumdesign.com.mx/author/maricruz-partum/ associated with post_type: page and Title: "Inicio Rediseño" has been purged, triggered by action: save_post 
[2026-01-28 21:34:20 : INFO] - Cache for URL: https://partumdesign.com.mx/inicio-rediseno/ has been purged, triggered by action: save_post 
[2026-01-28 21:34:20 : INFO] - Cache for author page URL: https://partumdesign.com.mx/author/maricruz-partum/ associated with post_type: page and Title: "Inicio Rediseño" has been purged, triggered by action: save_post 
[2026-01-28 21:34:20 : INFO] - Cache for URL: https://partumdesign.com.mx/inicio-rediseno/ has been purged, triggered by action: save_post 
[2026-01-28 21:34:20 : INFO] - Cache for author page URL: https://partumdesign.com.mx/author/maricruz-partum/ associated with post_type: page and Title: "Inicio Rediseño" has been purged, triggered by action: save_post 
[2026-01-28 21:36:48 : INFO] - Cache for URL: https://partumdesign.com.mx/inicio-rediseno/ has been purged, triggered by action: save_post 
[2026-01-28 21:36:48 : INFO] - Cache for author page URL: https://partumdesign.com.mx/author/maricruz-partum/ associated with post_type: page and Title: "Inicio Rediseño" has been purged, triggered by action: save_post 
[2026-01-28 21:36:49 : INFO] - Cache for URL: https://partumdesign.com.mx/inicio-rediseno/ has been purged, triggered by action: save_post 
[2026-01-28 21:36:49 : INFO] - Cache for author page URL: https://partumdesign.com.mx/author/maricruz-partum/ associated with post_type: page and Title: "Inicio Rediseño" has been purged, triggered by action: save_post 
[2026-01-28 21:36:49 : INFO] - Cache for URL: https://partumdesign.com.mx/inicio-rediseno/ has been purged, triggered by action: save_post 
[2026-01-28 21:36:49 : INFO] - Cache for author page URL: https://partumdesign.com.mx/author/maricruz-partum/ associated with post_type: page and Title: "Inicio Rediseño" has been purged, triggered by action: save_post 
[2026-01-28 21:43:51 : INFO] - Cache for URL: https://partumdesign.com.mx/inicio-rediseno/ has been purged, triggered by action: save_post 
[2026-01-28 21:43:51 : INFO] - Cache for author page URL: https://partumdesign.com.mx/author/maricruz-partum/ associated with post_type: page and Title: "Inicio Rediseño" has been purged, triggered by action: save_post 
[2026-01-28 21:43:52 : INFO] - Cache for URL: https://partumdesign.com.mx/inicio-rediseno/ has been purged, triggered by action: save_post 
[2026-01-28 21:43:52 : INFO] - Cache for author page URL: https://partumdesign.com.mx/author/maricruz-partum/ associated with post_type: page and Title: "Inicio Rediseño" has been purged, triggered by action: save_post 
[2026-01-28 21:43:52 : INFO] - Cache for URL: https://partumdesign.com.mx/inicio-rediseno/ has been purged, triggered by action: save_post 
[2026-01-28 21:43:52 : INFO] - Cache for author page URL: https://partumdesign.com.mx/author/maricruz-partum/ associated with post_type: page and Title: "Inicio Rediseño" has been purged, triggered by action: save_post 
[2026-01-28 21:48:58 : INFO] - Cache for URL: https://partumdesign.com.mx/inicio-rediseno/ has been purged, triggered by action: save_post 
[2026-01-28 21:48:58 : INFO] - Cache for author page URL: https://partumdesign.com.mx/author/maricruz-partum/ associated with post_type: page and Title: "Inicio Rediseño" has been purged, triggered by action: save_post 
[2026-01-28 21:48:59 : INFO] - Cache for URL: https://partumdesign.com.mx/inicio-rediseno/ has been purged, triggered by action: save_post 
[2026-01-28 21:48:59 : INFO] - Cache for author page URL: https://partumdesign.com.mx/author/maricruz-partum/ associated with post_type: page and Title: "Inicio Rediseño" has been purged, triggered by action: save_post 
[2026-01-28 21:49:00 : INFO] - Cache for URL: https://partumdesign.com.mx/inicio-rediseno/ has been purged, triggered by action: save_post 
[2026-01-28 21:49:00 : INFO] - Cache for author page URL: https://partumdesign.com.mx/author/maricruz-partum/ associated with post_type: page and Title: "Inicio Rediseño" has been purged, triggered by action: save_post 
[2026-01-28 21:57:41 : INFO] - Cache for URL: https://partumdesign.com.mx/inicio-rediseno/ has been purged, triggered by action: save_post 
[2026-01-28 21:57:41 : INFO] - Cache for author page URL: https://partumdesign.com.mx/author/maricruz-partum/ associated with post_type: page and Title: "Inicio Rediseño" has been purged, triggered by action: save_post 
[2026-01-28 21:57:41 : INFO] - Cache for URL: https://partumdesign.com.mx/inicio-rediseno/ has been purged, triggered by action: save_post 
[2026-01-28 21:57:41 : INFO] - Cache for author page URL: https://partumdesign.com.mx/author/maricruz-partum/ associated with post_type: page and Title: "Inicio Rediseño" has been purged, triggered by action: save_post 
[2026-01-28 21:57:41 : INFO] - Cache for URL: https://partumdesign.com.mx/inicio-rediseno/ has been purged, triggered by action: save_post 
[2026-01-28 21:57:41 : INFO] - Cache for author page URL: https://partumdesign.com.mx/author/maricruz-partum/ associated with post_type: page and Title: "Inicio Rediseño" has been purged, triggered by action: save_post 
[2026-01-28 23:19:31 : INFO] - Cache for URL: https://partumdesign.com.mx/inicio-rediseno/ has been purged, triggered by action: save_post 
[2026-01-28 23:19:31 : INFO] - Cache for author page URL: https://partumdesign.com.mx/author/maricruz-partum/ associated with post_type: page and Title: "Inicio Rediseño" has been purged, triggered by action: save_post 
[2026-01-28 23:19:32 : INFO] - Cache for URL: https://partumdesign.com.mx/inicio-rediseno/ has been purged, triggered by action: save_post 
[2026-01-28 23:19:32 : INFO] - Cache for author page URL: https://partumdesign.com.mx/author/maricruz-partum/ associated with post_type: page and Title: "Inicio Rediseño" has been purged, triggered by action: save_post 
[2026-01-28 23:19:32 : INFO] - Cache for URL: https://partumdesign.com.mx/inicio-rediseno/ has been purged, triggered by action: save_post 
[2026-01-28 23:19:32 : INFO] - Cache for author page URL: https://partumdesign.com.mx/author/maricruz-partum/ associated with post_type: page and Title: "Inicio Rediseño" has been purged, triggered by action: save_post 
[2026-01-28 23:20:21 : INFO] - Cache for URL: https://partumdesign.com.mx/inicio-rediseno/ has been purged, triggered by action: save_post 
[2026-01-28 23:20:21 : INFO] - Cache for author page URL: https://partumdesign.com.mx/author/maricruz-partum/ associated with post_type: page and Title: "Inicio Rediseño" has been purged, triggered by action: save_post 
[2026-01-28 23:20:22 : INFO] - Cache for URL: https://partumdesign.com.mx/inicio-rediseno/ has been purged, triggered by action: save_post 
[2026-01-28 23:20:22 : INFO] - Cache for author page URL: https://partumdesign.com.mx/author/maricruz-partum/ associated with post_type: page and Title: "Inicio Rediseño" has been purged, triggered by action: save_post 
[2026-01-28 23:20:22 : INFO] - Cache for URL: https://partumdesign.com.mx/inicio-rediseno/ has been purged, triggered by action: save_post 
[2026-01-28 23:20:22 : INFO] - Cache for author page URL: https://partumdesign.com.mx/author/maricruz-partum/ associated with post_type: page and Title: "Inicio Rediseño" has been purged, triggered by action: save_post 
[2026-01-28 23:23:00 : INFO] - Cache for URL: https://partumdesign.com.mx/inicio-rediseno/ has been purged, triggered by action: save_post 
[2026-01-28 23:23:00 : INFO] - Cache for author page URL: https://partumdesign.com.mx/author/maricruz-partum/ associated with post_type: page and Title: "Inicio Rediseño" has been purged, triggered by action: save_post 
[2026-01-28 23:23:00 : INFO] - Cache for URL: https://partumdesign.com.mx/inicio-rediseno/ has been purged, triggered by action: save_post 
[2026-01-28 23:23:00 : INFO] - Cache for author page URL: https://partumdesign.com.mx/author/maricruz-partum/ associated with post_type: page and Title: "Inicio Rediseño" has been purged, triggered by action: save_post 
[2026-01-28 23:23:01 : INFO] - Cache for URL: https://partumdesign.com.mx/inicio-rediseno/ has been purged, triggered by action: save_post 
[2026-01-28 23:23:01 : INFO] - Cache for author page URL: https://partumdesign.com.mx/author/maricruz-partum/ associated with post_type: page and Title: "Inicio Rediseño" has been purged, triggered by action: save_post 
[2026-01-28 23:24:08 : INFO] - Cache for URL: https://partumdesign.com.mx/inicio-rediseno/ has been purged, triggered by action: save_post 
[2026-01-28 23:24:08 : INFO] - Cache for author page URL: https://partumdesign.com.mx/author/maricruz-partum/ associated with post_type: page and Title: "Inicio Rediseño" has been purged, triggered by action: save_post 
[2026-01-28 23:24:08 : INFO] - Cache for URL: https://partumdesign.com.mx/inicio-rediseno/ has been purged, triggered by action: save_post 
[2026-01-28 23:24:08 : INFO] - Cache for author page URL: https://partumdesign.com.mx/author/maricruz-partum/ associated with post_type: page and Title: "Inicio Rediseño" has been purged, triggered by action: save_post 
[2026-01-28 23:24:09 : INFO] - Cache for URL: https://partumdesign.com.mx/inicio-rediseno/ has been purged, triggered by action: save_post 
[2026-01-28 23:24:09 : INFO] - Cache for author page URL: https://partumdesign.com.mx/author/maricruz-partum/ associated with post_type: page and Title: "Inicio Rediseño" has been purged, triggered by action: save_post 
[2026-01-28 23:27:15 : INFO] - Cache for URL: https://partumdesign.com.mx/inicio-rediseno/ has been purged, triggered by action: save_post 
[2026-01-28 23:27:15 : INFO] - Cache for author page URL: https://partumdesign.com.mx/author/maricruz-partum/ associated with post_type: page and Title: "Inicio Rediseño" has been purged, triggered by action: save_post 
[2026-01-28 23:27:15 : INFO] - Cache for URL: https://partumdesign.com.mx/inicio-rediseno/ has been purged, triggered by action: save_post 
[2026-01-28 23:27:15 : INFO] - Cache for author page URL: https://partumdesign.com.mx/author/maricruz-partum/ associated with post_type: page and Title: "Inicio Rediseño" has been purged, triggered by action: save_post 
[2026-01-28 23:27:16 : INFO] - Cache for URL: https://partumdesign.com.mx/inicio-rediseno/ has been purged, triggered by action: save_post 
[2026-01-28 23:27:16 : INFO] - Cache for author page URL: https://partumdesign.com.mx/author/maricruz-partum/ associated with post_type: page and Title: "Inicio Rediseño" has been purged, triggered by action: save_post 
[2026-01-28 23:27:55 : INFO] - Cache for URL: https://partumdesign.com.mx/inicio-rediseno/ has been purged, triggered by action: save_post 
[2026-01-28 23:27:55 : INFO] - Cache for author page URL: https://partumdesign.com.mx/author/maricruz-partum/ associated with post_type: page and Title: "Inicio Rediseño" has been purged, triggered by action: save_post 
[2026-01-28 23:27:55 : INFO] - Cache for URL: https://partumdesign.com.mx/inicio-rediseno/ has been purged, triggered by action: save_post 
[2026-01-28 23:27:55 : INFO] - Cache for author page URL: https://partumdesign.com.mx/author/maricruz-partum/ associated with post_type: page and Title: "Inicio Rediseño" has been purged, triggered by action: save_post 
[2026-01-28 23:27:55 : INFO] - Cache for URL: https://partumdesign.com.mx/inicio-rediseno/ has been purged, triggered by action: save_post 
[2026-01-28 23:27:55 : INFO] - Cache for author page URL: https://partumdesign.com.mx/author/maricruz-partum/ associated with post_type: page and Title: "Inicio Rediseño" has been purged, triggered by action: save_post 
[2026-01-28 23:42:21 : INFO] - Cache for URL: https://partumdesign.com.mx/inicio-rediseno/ has been purged, triggered by action: save_post 
[2026-01-28 23:42:21 : INFO] - Cache for author page URL: https://partumdesign.com.mx/author/maricruz-partum/ associated with post_type: page and Title: "Inicio Rediseño" has been purged, triggered by action: save_post 
[2026-01-28 23:42:21 : INFO] - Cache for URL: https://partumdesign.com.mx/inicio-rediseno/ has been purged, triggered by action: save_post 
[2026-01-28 23:42:21 : INFO] - Cache for author page URL: https://partumdesign.com.mx/author/maricruz-partum/ associated with post_type: page and Title: "Inicio Rediseño" has been purged, triggered by action: save_post 
[2026-01-28 23:42:22 : INFO] - Cache for URL: https://partumdesign.com.mx/inicio-rediseno/ has been purged, triggered by action: save_post 
[2026-01-28 23:42:22 : INFO] - Cache for author page URL: https://partumdesign.com.mx/author/maricruz-partum/ associated with post_type: page and Title: "Inicio Rediseño" has been purged, triggered by action: save_post 
[2026-01-28 23:50:20 : INFO] - Cache for URL: https://partumdesign.com.mx/inicio-rediseno/ has been purged, triggered by action: save_post 
[2026-01-28 23:50:20 : INFO] - Cache for author page URL: https://partumdesign.com.mx/author/maricruz-partum/ associated with post_type: page and Title: "Inicio Rediseño" has been purged, triggered by action: save_post 
[2026-01-28 23:50:21 : INFO] - Cache for URL: https://partumdesign.com.mx/inicio-rediseno/ has been purged, triggered by action: save_post 
[2026-01-28 23:50:21 : INFO] - Cache for author page URL: https://partumdesign.com.mx/author/maricruz-partum/ associated with post_type: page and Title: "Inicio Rediseño" has been purged, triggered by action: save_post 
[2026-01-28 23:50:22 : INFO] - Cache for URL: https://partumdesign.com.mx/inicio-rediseno/ has been purged, triggered by action: save_post 
[2026-01-28 23:50:22 : INFO] - Cache for author page URL: https://partumdesign.com.mx/author/maricruz-partum/ associated with post_type: page and Title: "Inicio Rediseño" has been purged, triggered by action: save_post 
[2026-01-28 23:52:09 : INFO] - Cache for URL: https://partumdesign.com.mx/inicio-rediseno/ has been purged, triggered by action: save_post 
[2026-01-28 23:52:09 : INFO] - Cache for author page URL: https://partumdesign.com.mx/author/maricruz-partum/ associated with post_type: page and Title: "Inicio Rediseño" has been purged, triggered by action: save_post 
[2026-01-28 23:52:09 : INFO] - Cache for URL: https://partumdesign.com.mx/inicio-rediseno/ has been purged, triggered by action: save_post 
[2026-01-28 23:52:09 : INFO] - Cache for author page URL: https://partumdesign.com.mx/author/maricruz-partum/ associated with post_type: page and Title: "Inicio Rediseño" has been purged, triggered by action: save_post 
[2026-01-28 23:52:10 : INFO] - Cache for URL: https://partumdesign.com.mx/inicio-rediseno/ has been purged, triggered by action: save_post 
[2026-01-28 23:52:10 : INFO] - Cache for author page URL: https://partumdesign.com.mx/author/maricruz-partum/ associated with post_type: page and Title: "Inicio Rediseño" has been purged, triggered by action: save_post 
[2026-01-28 23:53:27 : INFO] - Cache for URL: https://partumdesign.com.mx/inicio-rediseno/ has been purged, triggered by action: save_post 
[2026-01-28 23:53:27 : INFO] - Cache for author page URL: https://partumdesign.com.mx/author/maricruz-partum/ associated with post_type: page and Title: "Inicio Rediseño" has been purged, triggered by action: save_post 
[2026-01-28 23:53:28 : INFO] - Cache for URL: https://partumdesign.com.mx/inicio-rediseno/ has been purged, triggered by action: save_post 
[2026-01-28 23:53:28 : INFO] - Cache for author page URL: https://partumdesign.com.mx/author/maricruz-partum/ associated with post_type: page and Title: "Inicio Rediseño" has been purged, triggered by action: save_post 
[2026-01-28 23:53:28 : INFO] - Cache for URL: https://partumdesign.com.mx/inicio-rediseno/ has been purged, triggered by action: save_post 
[2026-01-28 23:53:28 : INFO] - Cache for author page URL: https://partumdesign.com.mx/author/maricruz-partum/ associated with post_type: page and Title: "Inicio Rediseño" has been purged, triggered by action: save_post 
[2026-01-28 23:55:50 : INFO] - Cache for URL: https://partumdesign.com.mx/inicio-rediseno/ has been purged, triggered by action: save_post 
[2026-01-28 23:55:50 : INFO] - Cache for author page URL: https://partumdesign.com.mx/author/maricruz-partum/ associated with post_type: page and Title: "Inicio Rediseño" has been purged, triggered by action: save_post 
[2026-01-28 23:55:51 : INFO] - Cache for URL: https://partumdesign.com.mx/inicio-rediseno/ has been purged, triggered by action: save_post 
[2026-01-28 23:55:51 : INFO] - Cache for author page URL: https://partumdesign.com.mx/author/maricruz-partum/ associated with post_type: page and Title: "Inicio Rediseño" has been purged, triggered by action: save_post 
[2026-01-28 23:55:51 : INFO] - Cache for URL: https://partumdesign.com.mx/inicio-rediseno/ has been purged, triggered by action: save_post 
[2026-01-28 23:55:51 : INFO] - Cache for author page URL: https://partumdesign.com.mx/author/maricruz-partum/ associated with post_type: page and Title: "Inicio Rediseño" has been purged, triggered by action: save_post 
[2026-01-28 23:57:11 : INFO] - Cache for URL: https://partumdesign.com.mx/inicio-rediseno/ has been purged, triggered by action: save_post 
[2026-01-28 23:57:11 : INFO] - Cache for author page URL: https://partumdesign.com.mx/author/maricruz-partum/ associated with post_type: page and Title: "Inicio Rediseño" has been purged, triggered by action: save_post 
[2026-01-28 23:57:12 : INFO] - Cache for URL: https://partumdesign.com.mx/inicio-rediseno/ has been purged, triggered by action: save_post 
[2026-01-28 23:57:12 : INFO] - Cache for author page URL: https://partumdesign.com.mx/author/maricruz-partum/ associated with post_type: page and Title: "Inicio Rediseño" has been purged, triggered by action: save_post 
[2026-01-28 23:57:12 : INFO] - Cache for URL: https://partumdesign.com.mx/inicio-rediseno/ has been purged, triggered by action: save_post 
[2026-01-28 23:57:12 : INFO] - Cache for author page URL: https://partumdesign.com.mx/author/maricruz-partum/ associated with post_type: page and Title: "Inicio Rediseño" has been purged, triggered by action: save_post 
[2026-01-28 23:58:36 : INFO] - Cache for URL: https://partumdesign.com.mx/inicio-rediseno/ has been purged, triggered by action: save_post 
[2026-01-28 23:58:36 : INFO] - Cache for author page URL: https://partumdesign.com.mx/author/maricruz-partum/ associated with post_type: page and Title: "Inicio Rediseño" has been purged, triggered by action: save_post 
[2026-01-28 23:58:36 : INFO] - Cache for URL: https://partumdesign.com.mx/inicio-rediseno/ has been purged, triggered by action: save_post 
[2026-01-28 23:58:36 : INFO] - Cache for author page URL: https://partumdesign.com.mx/author/maricruz-partum/ associated with post_type: page and Title: "Inicio Rediseño" has been purged, triggered by action: save_post 
[2026-01-28 23:58:36 : INFO] - Cache for URL: https://partumdesign.com.mx/inicio-rediseno/ has been purged, triggered by action: save_post 
[2026-01-28 23:58:36 : INFO] - Cache for author page URL: https://partumdesign.com.mx/author/maricruz-partum/ associated with post_type: page and Title: "Inicio Rediseño" has been purged, triggered by action: save_post 
[2026-01-29 00:02:02 : INFO] - Cache for URL: https://partumdesign.com.mx/inicio-rediseno/ has been purged, triggered by action: save_post 
[2026-01-29 00:02:02 : INFO] - Cache for author page URL: https://partumdesign.com.mx/author/maricruz-partum/ associated with post_type: page and Title: "Inicio Rediseño" has been purged, triggered by action: save_post 
[2026-01-29 00:02:02 : INFO] - Cache for URL: https://partumdesign.com.mx/inicio-rediseno/ has been purged, triggered by action: save_post 
[2026-01-29 00:02:02 : INFO] - Cache for author page URL: https://partumdesign.com.mx/author/maricruz-partum/ associated with post_type: page and Title: "Inicio Rediseño" has been purged, triggered by action: save_post 
[2026-01-29 00:02:03 : INFO] - Cache for URL: https://partumdesign.com.mx/inicio-rediseno/ has been purged, triggered by action: save_post 
[2026-01-29 00:02:03 : INFO] - Cache for author page URL: https://partumdesign.com.mx/author/maricruz-partum/ associated with post_type: page and Title: "Inicio Rediseño" has been purged, triggered by action: save_post 
[2026-01-29 00:03:50 : INFO] - Cache for URL: https://partumdesign.com.mx/inicio-rediseno/ has been purged, triggered by action: save_post 
[2026-01-29 00:03:50 : INFO] - Cache for author page URL: https://partumdesign.com.mx/author/maricruz-partum/ associated with post_type: page and Title: "Inicio Rediseño" has been purged, triggered by action: save_post 
[2026-01-29 00:03:51 : INFO] - Cache for URL: https://partumdesign.com.mx/inicio-rediseno/ has been purged, triggered by action: save_post 
[2026-01-29 00:03:51 : INFO] - Cache for author page URL: https://partumdesign.com.mx/author/maricruz-partum/ associated with post_type: page and Title: "Inicio Rediseño" has been purged, triggered by action: save_post 
[2026-01-29 00:03:52 : INFO] - Cache for URL: https://partumdesign.com.mx/inicio-rediseno/ has been purged, triggered by action: save_post 
[2026-01-29 00:03:52 : INFO] - Cache for author page URL: https://partumdesign.com.mx/author/maricruz-partum/ associated with post_type: page and Title: "Inicio Rediseño" has been purged, triggered by action: save_post 
[2026-01-29 00:04:21 : INFO] - Cache for URL: https://partumdesign.com.mx/inicio-rediseno/ has been purged, triggered by action: save_post 
[2026-01-29 00:04:21 : INFO] - Cache for author page URL: https://partumdesign.com.mx/author/maricruz-partum/ associated with post_type: page and Title: "Inicio Rediseño" has been purged, triggered by action: save_post 
[2026-01-29 00:04:21 : INFO] - Cache for URL: https://partumdesign.com.mx/inicio-rediseno/ has been purged, triggered by action: save_post 
[2026-01-29 00:04:21 : INFO] - Cache for author page URL: https://partumdesign.com.mx/author/maricruz-partum/ associated with post_type: page and Title: "Inicio Rediseño" has been purged, triggered by action: save_post 
[2026-01-29 00:04:21 : INFO] - Cache for URL: https://partumdesign.com.mx/inicio-rediseno/ has been purged, triggered by action: save_post 
[2026-01-29 00:04:21 : INFO] - Cache for author page URL: https://partumdesign.com.mx/author/maricruz-partum/ associated with post_type: page and Title: "Inicio Rediseño" has been purged, triggered by action: save_post 
[2026-01-29 00:07:24 : INFO] - Cache for URL: https://partumdesign.com.mx/inicio-rediseno/ has been purged, triggered by action: save_post 
[2026-01-29 00:07:24 : INFO] - Cache for author page URL: https://partumdesign.com.mx/author/maricruz-partum/ associated with post_type: page and Title: "Inicio Rediseño" has been purged, triggered by action: save_post 
[2026-01-29 00:07:24 : INFO] - Cache for URL: https://partumdesign.com.mx/inicio-rediseno/ has been purged, triggered by action: save_post 
[2026-01-29 00:07:24 : INFO] - Cache for author page URL: https://partumdesign.com.mx/author/maricruz-partum/ associated with post_type: page and Title: "Inicio Rediseño" has been purged, triggered by action: save_post 
[2026-01-29 00:07:24 : INFO] - Cache for URL: https://partumdesign.com.mx/inicio-rediseno/ has been purged, triggered by action: save_post 
[2026-01-29 00:07:24 : INFO] - Cache for author page URL: https://partumdesign.com.mx/author/maricruz-partum/ associated with post_type: page and Title: "Inicio Rediseño" has been purged, triggered by action: save_post 
[2026-01-29 00:07:52 : INFO] - Cache for URL: https://partumdesign.com.mx/inicio-rediseno/ has been purged, triggered by action: save_post 
[2026-01-29 00:07:52 : INFO] - Cache for author page URL: https://partumdesign.com.mx/author/maricruz-partum/ associated with post_type: page and Title: "Inicio Rediseño" has been purged, triggered by action: save_post 
[2026-01-29 00:07:53 : INFO] - Cache for URL: https://partumdesign.com.mx/inicio-rediseno/ has been purged, triggered by action: save_post 
[2026-01-29 00:07:53 : INFO] - Cache for author page URL: https://partumdesign.com.mx/author/maricruz-partum/ associated with post_type: page and Title: "Inicio Rediseño" has been purged, triggered by action: save_post 
[2026-01-29 00:07:53 : INFO] - Cache for URL: https://partumdesign.com.mx/inicio-rediseno/ has been purged, triggered by action: save_post 
[2026-01-29 00:07:53 : INFO] - Cache for author page URL: https://partumdesign.com.mx/author/maricruz-partum/ associated with post_type: page and Title: "Inicio Rediseño" has been purged, triggered by action: save_post 
[2026-01-29 00:15:16 : INFO] - Cache for URL: https://partumdesign.com.mx/inicio-rediseno/ has been purged, triggered by action: save_post 
[2026-01-29 00:15:16 : INFO] - Cache for author page URL: https://partumdesign.com.mx/author/maricruz-partum/ associated with post_type: page and Title: "Inicio Rediseño" has been purged, triggered by action: save_post 
[2026-01-29 00:15:16 : INFO] - Cache for URL: https://partumdesign.com.mx/inicio-rediseno/ has been purged, triggered by action: save_post 
[2026-01-29 00:15:16 : INFO] - Cache for author page URL: https://partumdesign.com.mx/author/maricruz-partum/ associated with post_type: page and Title: "Inicio Rediseño" has been purged, triggered by action: save_post 
[2026-01-29 00:15:16 : INFO] - Cache for URL: https://partumdesign.com.mx/inicio-rediseno/ has been purged, triggered by action: save_post 
[2026-01-29 00:15:16 : INFO] - Cache for author page URL: https://partumdesign.com.mx/author/maricruz-partum/ associated with post_type: page and Title: "Inicio Rediseño" has been purged, triggered by action: save_post 
[2026-01-29 00:20:41 : INFO] - Cache for URL: https://partumdesign.com.mx/inicio-rediseno/ has been purged, triggered by action: save_post 
[2026-01-29 00:20:41 : INFO] - Cache for author page URL: https://partumdesign.com.mx/author/maricruz-partum/ associated with post_type: page and Title: "Inicio Rediseño" has been purged, triggered by action: save_post 
[2026-01-29 00:20:42 : INFO] - Cache for URL: https://partumdesign.com.mx/inicio-rediseno/ has been purged, triggered by action: save_post 
[2026-01-29 00:20:42 : INFO] - Cache for author page URL: https://partumdesign.com.mx/author/maricruz-partum/ associated with post_type: page and Title: "Inicio Rediseño" has been purged, triggered by action: save_post 
[2026-01-29 00:20:42 : INFO] - Cache for URL: https://partumdesign.com.mx/inicio-rediseno/ has been purged, triggered by action: save_post 
[2026-01-29 00:20:42 : INFO] - Cache for author page URL: https://partumdesign.com.mx/author/maricruz-partum/ associated with post_type: page and Title: "Inicio Rediseño" has been purged, triggered by action: save_post 
[2026-01-29 00:24:10 : INFO] - Cache for URL: https://partumdesign.com.mx/inicio-rediseno/ has been purged, triggered by action: save_post 
[2026-01-29 00:24:10 : INFO] - Cache for author page URL: https://partumdesign.com.mx/author/maricruz-partum/ associated with post_type: page and Title: "Inicio Rediseño" has been purged, triggered by action: save_post 
[2026-01-29 00:24:10 : INFO] - Cache for URL: https://partumdesign.com.mx/inicio-rediseno/ has been purged, triggered by action: save_post 
[2026-01-29 00:24:10 : INFO] - Cache for author page URL: https://partumdesign.com.mx/author/maricruz-partum/ associated with post_type: page and Title: "Inicio Rediseño" has been purged, triggered by action: save_post 
[2026-01-29 00:24:10 : INFO] - Cache for URL: https://partumdesign.com.mx/inicio-rediseno/ has been purged, triggered by action: save_post 
[2026-01-29 00:24:10 : INFO] - Cache for author page URL: https://partumdesign.com.mx/author/maricruz-partum/ associated with post_type: page and Title: "Inicio Rediseño" has been purged, triggered by action: save_post 
[2026-01-29 00:27:10 : INFO] - Cache for URL: https://partumdesign.com.mx/inicio-rediseno/ has been purged, triggered by action: save_post 
[2026-01-29 00:27:10 : INFO] - Cache for author page URL: https://partumdesign.com.mx/author/maricruz-partum/ associated with post_type: page and Title: "Inicio Rediseño" has been purged, triggered by action: save_post 
[2026-01-29 00:27:11 : INFO] - Cache for URL: https://partumdesign.com.mx/inicio-rediseno/ has been purged, triggered by action: save_post 
[2026-01-29 00:27:11 : INFO] - Cache for author page URL: https://partumdesign.com.mx/author/maricruz-partum/ associated with post_type: page and Title: "Inicio Rediseño" has been purged, triggered by action: save_post 
[2026-01-29 00:27:11 : INFO] - Cache for URL: https://partumdesign.com.mx/inicio-rediseno/ has been purged, triggered by action: save_post 
[2026-01-29 00:27:11 : INFO] - Cache for author page URL: https://partumdesign.com.mx/author/maricruz-partum/ associated with post_type: page and Title: "Inicio Rediseño" has been purged, triggered by action: save_post 
[2026-01-29 00:35:17 : INFO] - Cache for URL: https://partumdesign.com.mx/inicio-rediseno/ has been purged, triggered by action: save_post 
[2026-01-29 00:35:17 : INFO] - Cache for author page URL: https://partumdesign.com.mx/author/maricruz-partum/ associated with post_type: page and Title: "Inicio Rediseño" has been purged, triggered by action: save_post 
[2026-01-29 00:35:17 : INFO] - Cache for URL: https://partumdesign.com.mx/inicio-rediseno/ has been purged, triggered by action: save_post 
[2026-01-29 00:35:17 : INFO] - Cache for author page URL: https://partumdesign.com.mx/author/maricruz-partum/ associated with post_type: page and Title: "Inicio Rediseño" has been purged, triggered by action: save_post 
[2026-01-29 00:35:18 : INFO] - Cache for URL: https://partumdesign.com.mx/inicio-rediseno/ has been purged, triggered by action: save_post 
[2026-01-29 00:35:18 : INFO] - Cache for author page URL: https://partumdesign.com.mx/author/maricruz-partum/ associated with post_type: page and Title: "Inicio Rediseño" has been purged, triggered by action: save_post 
[2026-01-29 00:36:13 : INFO] - Full Cache Purge triggered by: plugin activation/deactivation 
[2026-01-29 00:39:46 : INFO] - Cache for URL: https://partumdesign.com.mx/inicio-rediseno/ has been purged, triggered by action: save_post 
[2026-01-29 00:39:46 : INFO] - Cache for author page URL: https://partumdesign.com.mx/author/maricruz-partum/ associated with post_type: page and Title: "Inicio Rediseño" has been purged, triggered by action: save_post 
[2026-01-29 00:39:47 : INFO] - Cache for URL: https://partumdesign.com.mx/inicio-rediseno/ has been purged, triggered by action: save_post 
[2026-01-29 00:39:47 : INFO] - Cache for author page URL: https://partumdesign.com.mx/author/maricruz-partum/ associated with post_type: page and Title: "Inicio Rediseño" has been purged, triggered by action: save_post 
[2026-01-29 00:39:47 : INFO] - Cache for URL: https://partumdesign.com.mx/inicio-rediseno/ has been purged, triggered by action: save_post 
[2026-01-29 00:39:47 : INFO] - Cache for author page URL: https://partumdesign.com.mx/author/maricruz-partum/ associated with post_type: page and Title: "Inicio Rediseño" has been purged, triggered by action: save_post 
[2026-01-29 00:40:37 : INFO] - Cache for URL: https://partumdesign.com.mx/inicio-rediseno/ has been purged, triggered by action: save_post 
[2026-01-29 00:40:37 : INFO] - Cache for author page URL: https://partumdesign.com.mx/author/maricruz-partum/ associated with post_type: page and Title: "Inicio Rediseño" has been purged, triggered by action: save_post 
[2026-01-29 00:40:37 : INFO] - Cache for URL: https://partumdesign.com.mx/inicio-rediseno/ has been purged, triggered by action: save_post 
[2026-01-29 00:40:37 : INFO] - Cache for author page URL: https://partumdesign.com.mx/author/maricruz-partum/ associated with post_type: page and Title: "Inicio Rediseño" has been purged, triggered by action: save_post 
[2026-01-29 00:40:37 : INFO] - Cache for URL: https://partumdesign.com.mx/inicio-rediseno/ has been purged, triggered by action: save_post 
[2026-01-29 00:40:37 : INFO] - Cache for author page URL: https://partumdesign.com.mx/author/maricruz-partum/ associated with post_type: page and Title: "Inicio Rediseño" has been purged, triggered by action: save_post 
[2026-01-29 00:45:53 : INFO] - Cache for URL: https://partumdesign.com.mx/inicio-rediseno/ has been purged, triggered by action: save_post 
[2026-01-29 00:45:53 : INFO] - Cache for author page URL: https://partumdesign.com.mx/author/maricruz-partum/ associated with post_type: page and Title: "Inicio Rediseño" has been purged, triggered by action: save_post 
[2026-01-29 00:45:53 : INFO] - Cache for URL: https://partumdesign.com.mx/inicio-rediseno/ has been purged, triggered by action: save_post 
[2026-01-29 00:45:53 : INFO] - Cache for author page URL: https://partumdesign.com.mx/author/maricruz-partum/ associated with post_type: page and Title: "Inicio Rediseño" has been purged, triggered by action: save_post 
[2026-01-29 00:45:53 : INFO] - Cache for URL: https://partumdesign.com.mx/inicio-rediseno/ has been purged, triggered by action: save_post 
[2026-01-29 00:45:53 : INFO] - Cache for author page URL: https://partumdesign.com.mx/author/maricruz-partum/ associated with post_type: page and Title: "Inicio Rediseño" has been purged, triggered by action: save_post 
[2026-01-29 17:22:46 : INFO] - Cache for URL: https://partumdesign.com.mx/quien-es-partum-rediseno/ has been purged, triggered by action: save_post 
[2026-01-29 17:22:46 : INFO] - Cache for author page URL: https://partumdesign.com.mx/author/maricruz-partum/ associated with post_type: page and Title: "¿Quién es partum? rediseño" has been purged, triggered by action: save_post 
[2026-01-29 17:22:47 : INFO] - Cache for URL: https://partumdesign.com.mx/quien-es-partum-rediseno/ has been purged, triggered by action: save_post 
[2026-01-29 17:22:47 : INFO] - Cache for author page URL: https://partumdesign.com.mx/author/maricruz-partum/ associated with post_type: page and Title: "¿Quién es partum? rediseño" has been purged, triggered by action: save_post 
[2026-01-29 17:22:47 : INFO] - Cache for URL: https://partumdesign.com.mx/quien-es-partum-rediseno/ has been purged, triggered by action: save_post 
[2026-01-29 17:22:47 : INFO] - Cache for author page URL: https://partumdesign.com.mx/author/maricruz-partum/ associated with post_type: page and Title: "¿Quién es partum? rediseño" has been purged, triggered by action: save_post 
[2026-01-29 17:24:54 : INFO] - Cache for URL: https://partumdesign.com.mx/quien-es-partum-rediseno/ has been purged, triggered by action: save_post 
[2026-01-29 17:24:54 : INFO] - Cache for author page URL: https://partumdesign.com.mx/author/maricruz-partum/ associated with post_type: page and Title: "¿Quién es partum? rediseño" has been purged, triggered by action: save_post 
[2026-01-29 17:24:54 : INFO] - Cache for URL: https://partumdesign.com.mx/quien-es-partum-rediseno/ has been purged, triggered by action: save_post 
[2026-01-29 17:24:54 : INFO] - Cache for author page URL: https://partumdesign.com.mx/author/maricruz-partum/ associated with post_type: page and Title: "¿Quién es partum? rediseño" has been purged, triggered by action: save_post 
[2026-01-29 17:24:55 : INFO] - Cache for URL: https://partumdesign.com.mx/quien-es-partum-rediseno/ has been purged, triggered by action: save_post 
[2026-01-29 17:24:55 : INFO] - Cache for author page URL: https://partumdesign.com.mx/author/maricruz-partum/ associated with post_type: page and Title: "¿Quién es partum? rediseño" has been purged, triggered by action: save_post 
[2026-01-29 17:59:51 : INFO] - Cache for URL: https://partumdesign.com.mx/quien-es-partum-rediseno/ has been purged, triggered by action: save_post 
[2026-01-29 17:59:51 : INFO] - Cache for author page URL: https://partumdesign.com.mx/author/maricruz-partum/ associated with post_type: page and Title: "¿Quién es partum? rediseño" has been purged, triggered by action: save_post 
[2026-01-29 17:59:51 : INFO] - Cache for URL: https://partumdesign.com.mx/quien-es-partum-rediseno/ has been purged, triggered by action: save_post 
[2026-01-29 17:59:51 : INFO] - Cache for author page URL: https://partumdesign.com.mx/author/maricruz-partum/ associated with post_type: page and Title: "¿Quién es partum? rediseño" has been purged, triggered by action: save_post 
[2026-01-29 17:59:51 : INFO] - Cache for URL: https://partumdesign.com.mx/quien-es-partum-rediseno/ has been purged, triggered by action: save_post 
[2026-01-29 17:59:51 : INFO] - Cache for author page URL: https://partumdesign.com.mx/author/maricruz-partum/ associated with post_type: page and Title: "¿Quién es partum? rediseño" has been purged, triggered by action: save_post 
[2026-01-29 18:18:06 : INFO] - Cache for URL: https://partumdesign.com.mx/quien-es-partum-rediseno/ has been purged, triggered by action: save_post 
[2026-01-29 18:18:06 : INFO] - Cache for author page URL: https://partumdesign.com.mx/author/maricruz-partum/ associated with post_type: page and Title: "¿Quién es partum? rediseño" has been purged, triggered by action: save_post 
[2026-01-29 18:18:07 : INFO] - Cache for URL: https://partumdesign.com.mx/quien-es-partum-rediseno/ has been purged, triggered by action: save_post 
[2026-01-29 18:18:07 : INFO] - Cache for author page URL: https://partumdesign.com.mx/author/maricruz-partum/ associated with post_type: page and Title: "¿Quién es partum? rediseño" has been purged, triggered by action: save_post 
[2026-01-29 18:18:07 : INFO] - Cache for URL: https://partumdesign.com.mx/quien-es-partum-rediseno/ has been purged, triggered by action: save_post 
[2026-01-29 18:18:07 : INFO] - Cache for author page URL: https://partumdesign.com.mx/author/maricruz-partum/ associated with post_type: page and Title: "¿Quién es partum? rediseño" has been purged, triggered by action: save_post 
[2026-01-29 19:37:48 : INFO] - Cache for URL: https://partumdesign.com.mx/quien-es-partum-rediseno/ has been purged, triggered by action: save_post 
[2026-01-29 19:37:48 : INFO] - Cache for author page URL: https://partumdesign.com.mx/author/maricruz-partum/ associated with post_type: page and Title: "¿Quién es partum? rediseño" has been purged, triggered by action: save_post 
[2026-01-29 19:37:49 : INFO] - Cache for URL: https://partumdesign.com.mx/quien-es-partum-rediseno/ has been purged, triggered by action: save_post 
[2026-01-29 19:37:49 : INFO] - Cache for author page URL: https://partumdesign.com.mx/author/maricruz-partum/ associated with post_type: page and Title: "¿Quién es partum? rediseño" has been purged, triggered by action: save_post 
[2026-01-29 19:37:49 : INFO] - Cache for URL: https://partumdesign.com.mx/quien-es-partum-rediseno/ has been purged, triggered by action: save_post 
[2026-01-29 19:37:49 : INFO] - Cache for author page URL: https://partumdesign.com.mx/author/maricruz-partum/ associated with post_type: page and Title: "¿Quién es partum? rediseño" has been purged, triggered by action: save_post 
[2026-01-29 22:19:16 : INFO] - Cache for URL: https://partumdesign.com.mx/quien-es-partum-rediseno/ has been purged, triggered by action: save_post 
[2026-01-29 22:19:16 : INFO] - Cache for author page URL: https://partumdesign.com.mx/author/maricruz-partum/ associated with post_type: page and Title: "¿Quién es partum? rediseño" has been purged, triggered by action: save_post 
[2026-01-29 22:19:18 : INFO] - Cache for URL: https://partumdesign.com.mx/quien-es-partum-rediseno/ has been purged, triggered by action: save_post 
[2026-01-29 22:19:18 : INFO] - Cache for author page URL: https://partumdesign.com.mx/author/maricruz-partum/ associated with post_type: page and Title: "¿Quién es partum? rediseño" has been purged, triggered by action: save_post 
[2026-01-29 22:19:20 : INFO] - Cache for URL: https://partumdesign.com.mx/quien-es-partum-rediseno/ has been purged, triggered by action: save_post 
[2026-01-29 22:19:20 : INFO] - Cache for author page URL: https://partumdesign.com.mx/author/maricruz-partum/ associated with post_type: page and Title: "¿Quién es partum? rediseño" has been purged, triggered by action: save_post 
[2026-01-29 22:23:46 : INFO] - Cache for URL: https://partumdesign.com.mx/quien-es-partum-rediseno/ has been purged, triggered by action: save_post 
[2026-01-29 22:23:46 : INFO] - Cache for author page URL: https://partumdesign.com.mx/author/maricruz-partum/ associated with post_type: page and Title: "¿Quién es partum? rediseño" has been purged, triggered by action: save_post 
[2026-01-29 22:23:47 : INFO] - Cache for URL: https://partumdesign.com.mx/quien-es-partum-rediseno/ has been purged, triggered by action: save_post 
[2026-01-29 22:23:47 : INFO] - Cache for author page URL: https://partumdesign.com.mx/author/maricruz-partum/ associated with post_type: page and Title: "¿Quién es partum? rediseño" has been purged, triggered by action: save_post 
[2026-01-29 22:23:48 : INFO] - Cache for URL: https://partumdesign.com.mx/quien-es-partum-rediseno/ has been purged, triggered by action: save_post 
[2026-01-29 22:23:48 : INFO] - Cache for author page URL: https://partumdesign.com.mx/author/maricruz-partum/ associated with post_type: page and Title: "¿Quién es partum? rediseño" has been purged, triggered by action: save_post 
[2026-01-29 22:38:03 : INFO] - Cache for URL: https://partumdesign.com.mx/quien-es-partum-rediseno/ has been purged, triggered by action: save_post 
[2026-01-29 22:38:03 : INFO] - Cache for author page URL: https://partumdesign.com.mx/author/maricruz-partum/ associated with post_type: page and Title: "¿Quién es partum? rediseño" has been purged, triggered by action: save_post 
[2026-01-29 22:38:04 : INFO] - Cache for URL: https://partumdesign.com.mx/quien-es-partum-rediseno/ has been purged, triggered by action: save_post 
[2026-01-29 22:38:04 : INFO] - Cache for author page URL: https://partumdesign.com.mx/author/maricruz-partum/ associated with post_type: page and Title: "¿Quién es partum? rediseño" has been purged, triggered by action: save_post 
[2026-01-29 22:38:04 : INFO] - Cache for URL: https://partumdesign.com.mx/quien-es-partum-rediseno/ has been purged, triggered by action: save_post 
[2026-01-29 22:38:04 : INFO] - Cache for author page URL: https://partumdesign.com.mx/author/maricruz-partum/ associated with post_type: page and Title: "¿Quién es partum? rediseño" has been purged, triggered by action: save_post 
[2026-01-29 23:02:11 : INFO] - Cache for URL: https://partumdesign.com.mx/quien-es-partum-rediseno/ has been purged, triggered by action: save_post 
[2026-01-29 23:02:11 : INFO] - Cache for author page URL: https://partumdesign.com.mx/author/maricruz-partum/ associated with post_type: page and Title: "¿Quién es partum? rediseño" has been purged, triggered by action: save_post 
[2026-01-29 23:02:11 : INFO] - Cache for URL: https://partumdesign.com.mx/quien-es-partum-rediseno/ has been purged, triggered by action: save_post 
[2026-01-29 23:02:11 : INFO] - Cache for author page URL: https://partumdesign.com.mx/author/maricruz-partum/ associated with post_type: page and Title: "¿Quién es partum? rediseño" has been purged, triggered by action: save_post 
[2026-01-29 23:02:12 : INFO] - Cache for URL: https://partumdesign.com.mx/quien-es-partum-rediseno/ has been purged, triggered by action: save_post 
[2026-01-29 23:02:12 : INFO] - Cache for author page URL: https://partumdesign.com.mx/author/maricruz-partum/ associated with post_type: page and Title: "¿Quién es partum? rediseño" has been purged, triggered by action: save_post 
[2026-01-29 23:39:11 : INFO] - Cache for URL: https://partumdesign.com.mx/contacto2/ has been purged, triggered by action: save_post 
[2026-01-29 23:39:11 : INFO] - Cache for author page URL: https://partumdesign.com.mx/author/maricruz-partum/ associated with post_type: page and Title: "contacto2" has been purged, triggered by action: save_post 
[2026-01-29 23:39:12 : INFO] - Cache for URL: https://partumdesign.com.mx/contacto2/ has been purged, triggered by action: save_post 
[2026-01-29 23:39:12 : INFO] - Cache for author page URL: https://partumdesign.com.mx/author/maricruz-partum/ associated with post_type: page and Title: "contacto2" has been purged, triggered by action: save_post 
[2026-01-29 23:39:12 : INFO] - Cache for URL: https://partumdesign.com.mx/contacto2/ has been purged, triggered by action: save_post 
[2026-01-29 23:39:12 : INFO] - Cache for author page URL: https://partumdesign.com.mx/author/maricruz-partum/ associated with post_type: page and Title: "contacto2" has been purged, triggered by action: save_post 
[2026-01-29 23:58:54 : INFO] - Cache for URL: https://partumdesign.com.mx/quien-es-partum-rediseno/ has been purged, triggered by action: save_post 
[2026-01-29 23:58:54 : INFO] - Cache for author page URL: https://partumdesign.com.mx/author/maricruz-partum/ associated with post_type: page and Title: "¿Quién es partum? rediseño" has been purged, triggered by action: save_post 
[2026-01-29 23:58:56 : INFO] - Cache for URL: https://partumdesign.com.mx/quien-es-partum-rediseno/ has been purged, triggered by action: save_post 
[2026-01-29 23:58:56 : INFO] - Cache for author page URL: https://partumdesign.com.mx/author/maricruz-partum/ associated with post_type: page and Title: "¿Quién es partum? rediseño" has been purged, triggered by action: save_post 
[2026-01-29 23:58:57 : INFO] - Cache for URL: https://partumdesign.com.mx/quien-es-partum-rediseno/ has been purged, triggered by action: save_post 
[2026-01-29 23:58:57 : INFO] - Cache for author page URL: https://partumdesign.com.mx/author/maricruz-partum/ associated with post_type: page and Title: "¿Quién es partum? rediseño" has been purged, triggered by action: save_post 
[2026-01-30 16:49:25 : INFO] - Cache for URL: https://partumdesign.com.mx/inicio-rediseno/ has been purged, triggered by action: save_post 
[2026-01-30 16:49:25 : INFO] - Cache for author page URL: https://partumdesign.com.mx/author/maricruz-partum/ associated with post_type: page and Title: "Inicio Rediseño" has been purged, triggered by action: save_post 
[2026-01-30 16:49:26 : INFO] - Cache for URL: https://partumdesign.com.mx/inicio-rediseno/ has been purged, triggered by action: save_post 
[2026-01-30 16:49:26 : INFO] - Cache for author page URL: https://partumdesign.com.mx/author/maricruz-partum/ associated with post_type: page and Title: "Inicio Rediseño" has been purged, triggered by action: save_post 
[2026-01-30 16:49:26 : INFO] - Cache for URL: https://partumdesign.com.mx/inicio-rediseno/ has been purged, triggered by action: save_post 
[2026-01-30 16:49:26 : INFO] - Cache for author page URL: https://partumdesign.com.mx/author/maricruz-partum/ associated with post_type: page and Title: "Inicio Rediseño" has been purged, triggered by action: save_post 
[2026-01-30 18:11:34 : INFO] - Cache for URL: https://partumdesign.com.mx/inicio-rediseno/ has been purged, triggered by action: save_post 
[2026-01-30 18:11:34 : INFO] - Cache for author page URL: https://partumdesign.com.mx/author/maricruz-partum/ associated with post_type: page and Title: "Inicio Rediseño" has been purged, triggered by action: save_post 
[2026-01-30 18:11:34 : INFO] - Cache for URL: https://partumdesign.com.mx/inicio-rediseno/ has been purged, triggered by action: save_post 
[2026-01-30 18:11:34 : INFO] - Cache for author page URL: https://partumdesign.com.mx/author/maricruz-partum/ associated with post_type: page and Title: "Inicio Rediseño" has been purged, triggered by action: save_post 
[2026-01-30 18:11:35 : INFO] - Cache for URL: https://partumdesign.com.mx/inicio-rediseno/ has been purged, triggered by action: save_post 
[2026-01-30 18:11:35 : INFO] - Cache for author page URL: https://partumdesign.com.mx/author/maricruz-partum/ associated with post_type: page and Title: "Inicio Rediseño" has been purged, triggered by action: save_post 
[2026-01-30 18:27:28 : INFO] - Cache for URL: https://partumdesign.com.mx/inicio-rediseno/ has been purged, triggered by action: save_post 
[2026-01-30 18:27:28 : INFO] - Cache for author page URL: https://partumdesign.com.mx/author/maricruz-partum/ associated with post_type: page and Title: "Inicio Rediseño" has been purged, triggered by action: save_post 
[2026-01-30 18:27:28 : INFO] - Cache for URL: https://partumdesign.com.mx/inicio-rediseno/ has been purged, triggered by action: save_post 
[2026-01-30 18:27:28 : INFO] - Cache for author page URL: https://partumdesign.com.mx/author/maricruz-partum/ associated with post_type: page and Title: "Inicio Rediseño" has been purged, triggered by action: save_post 
[2026-01-30 18:27:28 : INFO] - Cache for URL: https://partumdesign.com.mx/inicio-rediseno/ has been purged, triggered by action: save_post 
[2026-01-30 18:27:28 : INFO] - Cache for author page URL: https://partumdesign.com.mx/author/maricruz-partum/ associated with post_type: page and Title: "Inicio Rediseño" has been purged, triggered by action: save_post 
[2026-01-30 18:29:43 : INFO] - Cache for URL: https://partumdesign.com.mx/inicio-rediseno/ has been purged, triggered by action: save_post 
[2026-01-30 18:29:43 : INFO] - Cache for author page URL: https://partumdesign.com.mx/author/maricruz-partum/ associated with post_type: page and Title: "Inicio Rediseño" has been purged, triggered by action: save_post 
[2026-01-30 18:29:44 : INFO] - Cache for URL: https://partumdesign.com.mx/inicio-rediseno/ has been purged, triggered by action: save_post 
[2026-01-30 18:29:44 : INFO] - Cache for author page URL: https://partumdesign.com.mx/author/maricruz-partum/ associated with post_type: page and Title: "Inicio Rediseño" has been purged, triggered by action: save_post 
[2026-01-30 18:29:44 : INFO] - Cache for URL: https://partumdesign.com.mx/inicio-rediseno/ has been purged, triggered by action: save_post 
[2026-01-30 18:29:44 : INFO] - Cache for author page URL: https://partumdesign.com.mx/author/maricruz-partum/ associated with post_type: page and Title: "Inicio Rediseño" has been purged, triggered by action: save_post 
[2026-01-30 18:39:25 : INFO] - Cache for URL: https://partumdesign.com.mx/inicio-rediseno/ has been purged, triggered by action: save_post 
[2026-01-30 18:39:25 : INFO] - Cache for author page URL: https://partumdesign.com.mx/author/maricruz-partum/ associated with post_type: page and Title: "Inicio Rediseño" has been purged, triggered by action: save_post 
[2026-01-30 18:39:26 : INFO] - Cache for URL: https://partumdesign.com.mx/inicio-rediseno/ has been purged, triggered by action: save_post 
[2026-01-30 18:39:26 : INFO] - Cache for author page URL: https://partumdesign.com.mx/author/maricruz-partum/ associated with post_type: page and Title: "Inicio Rediseño" has been purged, triggered by action: save_post 
[2026-01-30 18:39:26 : INFO] - Cache for URL: https://partumdesign.com.mx/inicio-rediseno/ has been purged, triggered by action: save_post 
[2026-01-30 18:39:26 : INFO] - Cache for author page URL: https://partumdesign.com.mx/author/maricruz-partum/ associated with post_type: page and Title: "Inicio Rediseño" has been purged, triggered by action: save_post 
[2026-01-30 18:43:52 : INFO] - Cache for URL: https://partumdesign.com.mx/inicio-rediseno/ has been purged, triggered by action: save_post 
[2026-01-30 18:43:52 : INFO] - Cache for author page URL: https://partumdesign.com.mx/author/maricruz-partum/ associated with post_type: page and Title: "Inicio Rediseño" has been purged, triggered by action: save_post 
[2026-01-30 18:43:52 : INFO] - Cache for URL: https://partumdesign.com.mx/inicio-rediseno/ has been purged, triggered by action: save_post 
[2026-01-30 18:43:52 : INFO] - Cache for author page URL: https://partumdesign.com.mx/author/maricruz-partum/ associated with post_type: page and Title: "Inicio Rediseño" has been purged, triggered by action: save_post 
[2026-01-30 18:43:53 : INFO] - Cache for URL: https://partumdesign.com.mx/inicio-rediseno/ has been purged, triggered by action: save_post 
[2026-01-30 18:43:53 : INFO] - Cache for author page URL: https://partumdesign.com.mx/author/maricruz-partum/ associated with post_type: page and Title: "Inicio Rediseño" has been purged, triggered by action: save_post 
[2026-01-30 18:50:51 : INFO] - Cache for URL: https://partumdesign.com.mx/inicio-rediseno/ has been purged, triggered by action: save_post 
[2026-01-30 18:50:51 : INFO] - Cache for author page URL: https://partumdesign.com.mx/author/maricruz-partum/ associated with post_type: page and Title: "Inicio Rediseño" has been purged, triggered by action: save_post 
[2026-01-30 18:50:51 : INFO] - Cache for URL: https://partumdesign.com.mx/inicio-rediseno/ has been purged, triggered by action: save_post 
[2026-01-30 18:50:51 : INFO] - Cache for author page URL: https://partumdesign.com.mx/author/maricruz-partum/ associated with post_type: page and Title: "Inicio Rediseño" has been purged, triggered by action: save_post 
[2026-01-30 18:50:52 : INFO] - Cache for URL: https://partumdesign.com.mx/inicio-rediseno/ has been purged, triggered by action: save_post 
[2026-01-30 18:50:52 : INFO] - Cache for author page URL: https://partumdesign.com.mx/author/maricruz-partum/ associated with post_type: page and Title: "Inicio Rediseño" has been purged, triggered by action: save_post 
[2026-01-30 18:53:49 : INFO] - Cache for URL: https://partumdesign.com.mx/inicio-rediseno/ has been purged, triggered by action: save_post 
[2026-01-30 18:53:49 : INFO] - Cache for author page URL: https://partumdesign.com.mx/author/maricruz-partum/ associated with post_type: page and Title: "Inicio Rediseño" has been purged, triggered by action: save_post 
[2026-01-30 18:53:53 : INFO] - Cache for URL: https://partumdesign.com.mx/inicio-rediseno/ has been purged, triggered by action: save_post 
[2026-01-30 18:53:53 : INFO] - Cache for author page URL: https://partumdesign.com.mx/author/maricruz-partum/ associated with post_type: page and Title: "Inicio Rediseño" has been purged, triggered by action: save_post 
[2026-01-30 18:53:59 : INFO] - Cache for URL: https://partumdesign.com.mx/inicio-rediseno/ has been purged, triggered by action: save_post 
[2026-01-30 18:53:59 : INFO] - Cache for author page URL: https://partumdesign.com.mx/author/maricruz-partum/ associated with post_type: page and Title: "Inicio Rediseño" has been purged, triggered by action: save_post 
[2026-01-30 18:56:38 : INFO] - Cache for URL: https://partumdesign.com.mx/inicio-rediseno/ has been purged, triggered by action: save_post 
[2026-01-30 18:56:38 : INFO] - Cache for author page URL: https://partumdesign.com.mx/author/maricruz-partum/ associated with post_type: page and Title: "Inicio Rediseño" has been purged, triggered by action: save_post 
[2026-01-30 18:56:39 : INFO] - Cache for URL: https://partumdesign.com.mx/inicio-rediseno/ has been purged, triggered by action: save_post 
[2026-01-30 18:56:39 : INFO] - Cache for author page URL: https://partumdesign.com.mx/author/maricruz-partum/ associated with post_type: page and Title: "Inicio Rediseño" has been purged, triggered by action: save_post 
[2026-01-30 18:56:40 : INFO] - Cache for URL: https://partumdesign.com.mx/inicio-rediseno/ has been purged, triggered by action: save_post 
[2026-01-30 18:56:40 : INFO] - Cache for author page URL: https://partumdesign.com.mx/author/maricruz-partum/ associated with post_type: page and Title: "Inicio Rediseño" has been purged, triggered by action: save_post 
[2026-01-30 19:40:13 : INFO] - Cache for URL: https://partumdesign.com.mx/quien-es-partum-rediseno/ has been purged, triggered by action: save_post 
[2026-01-30 19:40:13 : INFO] - Cache for author page URL: https://partumdesign.com.mx/author/maricruz-partum/ associated with post_type: page and Title: "¿Quién es partum? rediseño" has been purged, triggered by action: save_post 
[2026-01-30 19:40:14 : INFO] - Cache for URL: https://partumdesign.com.mx/quien-es-partum-rediseno/ has been purged, triggered by action: save_post 
[2026-01-30 19:40:14 : INFO] - Cache for author page URL: https://partumdesign.com.mx/author/maricruz-partum/ associated with post_type: page and Title: "¿Quién es partum? rediseño" has been purged, triggered by action: save_post 
[2026-01-30 19:40:15 : INFO] - Cache for URL: https://partumdesign.com.mx/quien-es-partum-rediseno/ has been purged, triggered by action: save_post 
[2026-01-30 19:40:15 : INFO] - Cache for author page URL: https://partumdesign.com.mx/author/maricruz-partum/ associated with post_type: page and Title: "¿Quién es partum? rediseño" has been purged, triggered by action: save_post 
[2026-01-30 19:59:16 : INFO] - Cache for URL: https://partumdesign.com.mx/quien-es-partum-rediseno/ has been purged, triggered by action: save_post 
[2026-01-30 19:59:16 : INFO] - Cache for author page URL: https://partumdesign.com.mx/author/maricruz-partum/ associated with post_type: page and Title: "¿Quién es partum? rediseño" has been purged, triggered by action: save_post 
[2026-01-30 19:59:16 : INFO] - Cache for URL: https://partumdesign.com.mx/quien-es-partum-rediseno/ has been purged, triggered by action: save_post 
[2026-01-30 19:59:16 : INFO] - Cache for author page URL: https://partumdesign.com.mx/author/maricruz-partum/ associated with post_type: page and Title: "¿Quién es partum? rediseño" has been purged, triggered by action: save_post 
[2026-01-30 19:59:16 : INFO] - Cache for URL: https://partumdesign.com.mx/quien-es-partum-rediseno/ has been purged, triggered by action: save_post 
[2026-01-30 19:59:16 : INFO] - Cache for author page URL: https://partumdesign.com.mx/author/maricruz-partum/ associated with post_type: page and Title: "¿Quién es partum? rediseño" has been purged, triggered by action: save_post 
[2026-01-30 20:37:44 : INFO] - Cache for URL: https://partumdesign.com.mx/quien-es-partum-rediseno/ has been purged, triggered by action: save_post 
[2026-01-30 20:37:44 : INFO] - Cache for author page URL: https://partumdesign.com.mx/author/maricruz-partum/ associated with post_type: page and Title: "¿Quién es partum? rediseño" has been purged, triggered by action: save_post 
[2026-01-30 20:37:44 : INFO] - Cache for URL: https://partumdesign.com.mx/quien-es-partum-rediseno/ has been purged, triggered by action: save_post 
[2026-01-30 20:37:44 : INFO] - Cache for author page URL: https://partumdesign.com.mx/author/maricruz-partum/ associated with post_type: page and Title: "¿Quién es partum? rediseño" has been purged, triggered by action: save_post 
[2026-01-30 20:37:45 : INFO] - Cache for URL: https://partumdesign.com.mx/quien-es-partum-rediseno/ has been purged, triggered by action: save_post 
[2026-01-30 20:37:45 : INFO] - Cache for author page URL: https://partumdesign.com.mx/author/maricruz-partum/ associated with post_type: page and Title: "¿Quién es partum? rediseño" has been purged, triggered by action: save_post 
[2026-01-30 20:40:36 : INFO] - Cache for URL: https://partumdesign.com.mx/quien-es-partum-rediseno/ has been purged, triggered by action: save_post 
[2026-01-30 20:40:36 : INFO] - Cache for author page URL: https://partumdesign.com.mx/author/maricruz-partum/ associated with post_type: page and Title: "¿Quién es partum? rediseño" has been purged, triggered by action: save_post 
[2026-01-30 20:40:38 : INFO] - Cache for URL: https://partumdesign.com.mx/quien-es-partum-rediseno/ has been purged, triggered by action: save_post 
[2026-01-30 20:40:38 : INFO] - Cache for author page URL: https://partumdesign.com.mx/author/maricruz-partum/ associated with post_type: page and Title: "¿Quién es partum? rediseño" has been purged, triggered by action: save_post 
[2026-01-30 20:40:38 : INFO] - Cache for URL: https://partumdesign.com.mx/quien-es-partum-rediseno/ has been purged, triggered by action: save_post 
[2026-01-30 20:40:38 : INFO] - Cache for author page URL: https://partumdesign.com.mx/author/maricruz-partum/ associated with post_type: page and Title: "¿Quién es partum? rediseño" has been purged, triggered by action: save_post 
[2026-01-30 20:45:28 : INFO] - Cache for URL: https://partumdesign.com.mx/quien-es-partum-rediseno/ has been purged, triggered by action: save_post 
[2026-01-30 20:45:28 : INFO] - Cache for author page URL: https://partumdesign.com.mx/author/maricruz-partum/ associated with post_type: page and Title: "¿Quién es partum? rediseño" has been purged, triggered by action: save_post 
[2026-01-30 20:45:32 : INFO] - Cache for URL: https://partumdesign.com.mx/quien-es-partum-rediseno/ has been purged, triggered by action: save_post 
[2026-01-30 20:45:32 : INFO] - Cache for author page URL: https://partumdesign.com.mx/author/maricruz-partum/ associated with post_type: page and Title: "¿Quién es partum? rediseño" has been purged, triggered by action: save_post 
[2026-01-30 20:45:34 : INFO] - Cache for URL: https://partumdesign.com.mx/quien-es-partum-rediseno/ has been purged, triggered by action: save_post 
[2026-01-30 20:45:34 : INFO] - Cache for author page URL: https://partumdesign.com.mx/author/maricruz-partum/ associated with post_type: page and Title: "¿Quién es partum? rediseño" has been purged, triggered by action: save_post 
[2026-01-30 20:48:17 : INFO] - Cache for URL: https://partumdesign.com.mx/quien-es-partum-rediseno/ has been purged, triggered by action: save_post 
[2026-01-30 20:48:17 : INFO] - Cache for author page URL: https://partumdesign.com.mx/author/maricruz-partum/ associated with post_type: page and Title: "¿Quién es partum? rediseño" has been purged, triggered by action: save_post 
[2026-01-30 20:48:18 : INFO] - Cache for URL: https://partumdesign.com.mx/quien-es-partum-rediseno/ has been purged, triggered by action: save_post 
[2026-01-30 20:48:18 : INFO] - Cache for author page URL: https://partumdesign.com.mx/author/maricruz-partum/ associated with post_type: page and Title: "¿Quién es partum? rediseño" has been purged, triggered by action: save_post 
[2026-01-30 20:48:18 : INFO] - Cache for URL: https://partumdesign.com.mx/quien-es-partum-rediseno/ has been purged, triggered by action: save_post 
[2026-01-30 20:48:18 : INFO] - Cache for author page URL: https://partumdesign.com.mx/author/maricruz-partum/ associated with post_type: page and Title: "¿Quién es partum? rediseño" has been purged, triggered by action: save_post 
[2026-01-30 21:04:28 : INFO] - Cache for URL: https://partumdesign.com.mx/nosotros/ has been purged, triggered by action: save_post 
[2026-01-30 21:04:29 : INFO] - Cache for author page URL: https://partumdesign.com.mx/author/maricruz-partum/ associated with post_type: page and Title: "Nosotros" has been purged, triggered by action: save_post 
[2026-01-30 21:04:30 : INFO] - Cache for URL: https://partumdesign.com.mx/nosotros/ has been purged, triggered by action: save_post 
[2026-01-30 21:04:30 : INFO] - Cache for author page URL: https://partumdesign.com.mx/author/maricruz-partum/ associated with post_type: page and Title: "Nosotros" has been purged, triggered by action: save_post 
[2026-01-30 21:04:30 : INFO] - Cache for URL: https://partumdesign.com.mx/nosotros/ has been purged, triggered by action: save_post 
[2026-01-30 21:04:30 : INFO] - Cache for author page URL: https://partumdesign.com.mx/author/maricruz-partum/ associated with post_type: page and Title: "Nosotros" has been purged, triggered by action: save_post 
[2026-01-30 21:17:10 : INFO] - Cache for URL: https://partumdesign.com.mx/nosotros/ has been purged, triggered by action: save_post 
[2026-01-30 21:17:10 : INFO] - Cache for author page URL: https://partumdesign.com.mx/author/maricruz-partum/ associated with post_type: page and Title: "Nosotros" has been purged, triggered by action: save_post 
[2026-01-30 21:17:10 : INFO] - Cache for URL: https://partumdesign.com.mx/nosotros/ has been purged, triggered by action: save_post 
[2026-01-30 21:17:10 : INFO] - Cache for author page URL: https://partumdesign.com.mx/author/maricruz-partum/ associated with post_type: page and Title: "Nosotros" has been purged, triggered by action: save_post 
[2026-01-30 21:17:11 : INFO] - Cache for URL: https://partumdesign.com.mx/nosotros/ has been purged, triggered by action: save_post 
[2026-01-30 21:17:11 : INFO] - Cache for author page URL: https://partumdesign.com.mx/author/maricruz-partum/ associated with post_type: page and Title: "Nosotros" has been purged, triggered by action: save_post 
[2026-01-30 21:17:50 : INFO] - Cache for URL: https://partumdesign.com.mx/nosotros/ has been purged, triggered by action: save_post 
[2026-01-30 21:17:50 : INFO] - Cache for author page URL: https://partumdesign.com.mx/author/maricruz-partum/ associated with post_type: page and Title: "Nosotros" has been purged, triggered by action: save_post 
[2026-01-30 21:17:51 : INFO] - Cache for URL: https://partumdesign.com.mx/nosotros/ has been purged, triggered by action: save_post 
[2026-01-30 21:17:51 : INFO] - Cache for author page URL: https://partumdesign.com.mx/author/maricruz-partum/ associated with post_type: page and Title: "Nosotros" has been purged, triggered by action: save_post 
[2026-01-30 21:17:51 : INFO] - Cache for URL: https://partumdesign.com.mx/nosotros/ has been purged, triggered by action: save_post 
[2026-01-30 21:17:51 : INFO] - Cache for author page URL: https://partumdesign.com.mx/author/maricruz-partum/ associated with post_type: page and Title: "Nosotros" has been purged, triggered by action: save_post 
[2026-01-30 21:20:03 : INFO] - Cache for URL: https://partumdesign.com.mx/nosotros/ has been purged, triggered by action: save_post 
[2026-01-30 21:20:03 : INFO] - Cache for author page URL: https://partumdesign.com.mx/author/maricruz-partum/ associated with post_type: page and Title: "Nosotros" has been purged, triggered by action: save_post 
[2026-01-30 21:20:04 : INFO] - Cache for URL: https://partumdesign.com.mx/nosotros/ has been purged, triggered by action: save_post 
[2026-01-30 21:20:04 : INFO] - Cache for author page URL: https://partumdesign.com.mx/author/maricruz-partum/ associated with post_type: page and Title: "Nosotros" has been purged, triggered by action: save_post 
[2026-01-30 21:20:04 : INFO] - Cache for URL: https://partumdesign.com.mx/nosotros/ has been purged, triggered by action: save_post 
[2026-01-30 21:20:04 : INFO] - Cache for author page URL: https://partumdesign.com.mx/author/maricruz-partum/ associated with post_type: page and Title: "Nosotros" has been purged, triggered by action: save_post 
[2026-01-30 21:30:54 : INFO] - Cache for URL: https://partumdesign.com.mx/nosotros/ has been purged, triggered by action: save_post 
[2026-01-30 21:30:54 : INFO] - Cache for author page URL: https://partumdesign.com.mx/author/maricruz-partum/ associated with post_type: page and Title: "Nosotros" has been purged, triggered by action: save_post 
[2026-01-30 21:30:55 : INFO] - Cache for URL: https://partumdesign.com.mx/nosotros/ has been purged, triggered by action: save_post 
[2026-01-30 21:30:55 : INFO] - Cache for author page URL: https://partumdesign.com.mx/author/maricruz-partum/ associated with post_type: page and Title: "Nosotros" has been purged, triggered by action: save_post 
[2026-01-30 21:30:55 : INFO] - Cache for URL: https://partumdesign.com.mx/nosotros/ has been purged, triggered by action: save_post 
[2026-01-30 21:30:55 : INFO] - Cache for author page URL: https://partumdesign.com.mx/author/maricruz-partum/ associated with post_type: page and Title: "Nosotros" has been purged, triggered by action: save_post 
[2026-01-30 21:50:05 : INFO] - Cache for URL: https://partumdesign.com.mx/nosotros/ has been purged, triggered by action: save_post 
[2026-01-30 21:50:05 : INFO] - Cache for author page URL: https://partumdesign.com.mx/author/maricruz-partum/ associated with post_type: page and Title: "Nosotros" has been purged, triggered by action: save_post 
[2026-01-30 21:50:06 : INFO] - Cache for URL: https://partumdesign.com.mx/nosotros/ has been purged, triggered by action: save_post 
[2026-01-30 21:50:06 : INFO] - Cache for author page URL: https://partumdesign.com.mx/author/maricruz-partum/ associated with post_type: page and Title: "Nosotros" has been purged, triggered by action: save_post 
[2026-01-30 21:50:07 : INFO] - Cache for URL: https://partumdesign.com.mx/nosotros/ has been purged, triggered by action: save_post 
[2026-01-30 21:50:07 : INFO] - Cache for author page URL: https://partumdesign.com.mx/author/maricruz-partum/ associated with post_type: page and Title: "Nosotros" has been purged, triggered by action: save_post 
[2026-01-30 22:00:52 : INFO] - Cache for URL: https://partumdesign.com.mx/nosotros/ has been purged, triggered by action: save_post 
[2026-01-30 22:00:52 : INFO] - Cache for author page URL: https://partumdesign.com.mx/author/maricruz-partum/ associated with post_type: page and Title: "Nosotros" has been purged, triggered by action: save_post 
[2026-01-30 22:00:53 : INFO] - Cache for URL: https://partumdesign.com.mx/nosotros/ has been purged, triggered by action: save_post 
[2026-01-30 22:00:53 : INFO] - Cache for author page URL: https://partumdesign.com.mx/author/maricruz-partum/ associated with post_type: page and Title: "Nosotros" has been purged, triggered by action: save_post 
[2026-01-30 22:00:53 : INFO] - Cache for URL: https://partumdesign.com.mx/nosotros/ has been purged, triggered by action: save_post 
[2026-01-30 22:00:53 : INFO] - Cache for author page URL: https://partumdesign.com.mx/author/maricruz-partum/ associated with post_type: page and Title: "Nosotros" has been purged, triggered by action: save_post 
[2026-01-30 23:07:08 : INFO] - Cache for URL: https://partumdesign.com.mx/?elementor_library=elementor-header-1647 has been purged, triggered by action: save_post 
[2026-01-30 23:07:08 : INFO] - Cache for author page URL: https://partumdesign.com.mx/author/maricruz-partum/ associated with post_type: elementor_library and Title: "Elementor Header #1647" has been purged, triggered by action: save_post 
[2026-01-30 23:07:08 : INFO] - Cache for URL: https://partumdesign.com.mx/?elementor_library=elementor-header-1647 has been purged, triggered by action: save_post 
[2026-01-30 23:07:08 : INFO] - Cache for author page URL: https://partumdesign.com.mx/author/maricruz-partum/ associated with post_type: elementor_library and Title: "Elementor Header #1647" has been purged, triggered by action: save_post 
[2026-01-30 23:07:09 : INFO] - Cache for URL: https://partumdesign.com.mx/?elementor_library=elementor-header-1647 has been purged, triggered by action: save_post 
[2026-01-30 23:07:09 : INFO] - Cache for author page URL: https://partumdesign.com.mx/author/maricruz-partum/ associated with post_type: elementor_library and Title: "Elementor Header #1647" has been purged, triggered by action: save_post 
[2026-01-30 23:08:13 : INFO] - Cache for URL: https://partumdesign.com.mx/?elementor_library=elementor-header-1647 has been purged, triggered by action: save_post 
[2026-01-30 23:08:13 : INFO] - Cache for author page URL: https://partumdesign.com.mx/author/maricruz-partum/ associated with post_type: elementor_library and Title: "Elementor Header #1647" has been purged, triggered by action: save_post 
[2026-01-30 23:08:13 : INFO] - Cache for URL: https://partumdesign.com.mx/?elementor_library=elementor-header-1647 has been purged, triggered by action: save_post 
[2026-01-30 23:08:13 : INFO] - Cache for author page URL: https://partumdesign.com.mx/author/maricruz-partum/ associated with post_type: elementor_library and Title: "Elementor Header #1647" has been purged, triggered by action: save_post 
[2026-01-30 23:08:14 : INFO] - Cache for URL: https://partumdesign.com.mx/?elementor_library=elementor-header-1647 has been purged, triggered by action: save_post 
[2026-01-30 23:08:14 : INFO] - Cache for author page URL: https://partumdesign.com.mx/author/maricruz-partum/ associated with post_type: elementor_library and Title: "Elementor Header #1647" has been purged, triggered by action: save_post 
[2026-01-30 23:18:57 : INFO] - Cache for URL: https://partumdesign.com.mx/?elementor_library=elementor-header-1647 has been purged, triggered by action: save_post 
[2026-01-30 23:18:57 : INFO] - Cache for author page URL: https://partumdesign.com.mx/author/maricruz-partum/ associated with post_type: elementor_library and Title: "Elementor Header #1647" has been purged, triggered by action: save_post 
[2026-01-30 23:18:57 : INFO] - Cache for URL: https://partumdesign.com.mx/?elementor_library=elementor-header-1647 has been purged, triggered by action: save_post 
[2026-01-30 23:18:57 : INFO] - Cache for author page URL: https://partumdesign.com.mx/author/maricruz-partum/ associated with post_type: elementor_library and Title: "Elementor Header #1647" has been purged, triggered by action: save_post 
[2026-01-30 23:18:57 : INFO] - Cache for URL: https://partumdesign.com.mx/?elementor_library=elementor-header-1647 has been purged, triggered by action: save_post 
[2026-01-30 23:18:57 : INFO] - Cache for author page URL: https://partumdesign.com.mx/author/maricruz-partum/ associated with post_type: elementor_library and Title: "Elementor Header #1647" has been purged, triggered by action: save_post 
[2026-01-30 23:35:12 : INFO] - Cache for URL: https://partumdesign.com.mx/?elementor_library=elementor-header-1647 has been purged, triggered by action: save_post 
[2026-01-30 23:35:12 : INFO] - Cache for author page URL: https://partumdesign.com.mx/author/maricruz-partum/ associated with post_type: elementor_library and Title: "Elementor Header #1647" has been purged, triggered by action: save_post 
[2026-01-30 23:35:12 : INFO] - Cache for URL: https://partumdesign.com.mx/?elementor_library=elementor-header-1647 has been purged, triggered by action: save_post 
[2026-01-30 23:35:12 : INFO] - Cache for author page URL: https://partumdesign.com.mx/author/maricruz-partum/ associated with post_type: elementor_library and Title: "Elementor Header #1647" has been purged, triggered by action: save_post 
[2026-01-30 23:35:12 : INFO] - Cache for URL: https://partumdesign.com.mx/?elementor_library=elementor-header-1647 has been purged, triggered by action: save_post 
[2026-01-30 23:35:12 : INFO] - Cache for author page URL: https://partumdesign.com.mx/author/maricruz-partum/ associated with post_type: elementor_library and Title: "Elementor Header #1647" has been purged, triggered by action: save_post 
[2026-01-30 23:36:03 : INFO] - Cache for URL: https://partumdesign.com.mx/?elementor_library=elementor-header-1647 has been purged, triggered by action: save_post 
[2026-01-30 23:36:03 : INFO] - Cache for author page URL: https://partumdesign.com.mx/author/maricruz-partum/ associated with post_type: elementor_library and Title: "Elementor Header #1647" has been purged, triggered by action: save_post 
[2026-01-30 23:36:04 : INFO] - Cache for URL: https://partumdesign.com.mx/?elementor_library=elementor-header-1647 has been purged, triggered by action: save_post 
[2026-01-30 23:36:04 : INFO] - Cache for author page URL: https://partumdesign.com.mx/author/maricruz-partum/ associated with post_type: elementor_library and Title: "Elementor Header #1647" has been purged, triggered by action: save_post 
[2026-01-30 23:36:04 : INFO] - Cache for URL: https://partumdesign.com.mx/?elementor_library=elementor-header-1647 has been purged, triggered by action: save_post 
[2026-01-30 23:36:04 : INFO] - Cache for author page URL: https://partumdesign.com.mx/author/maricruz-partum/ associated with post_type: elementor_library and Title: "Elementor Header #1647" has been purged, triggered by action: save_post 
[2026-01-30 23:37:16 : INFO] - Cache for URL: https://partumdesign.com.mx/?elementor_library=elementor-header-1647 has been purged, triggered by action: save_post 
[2026-01-30 23:37:16 : INFO] - Cache for author page URL: https://partumdesign.com.mx/author/maricruz-partum/ associated with post_type: elementor_library and Title: "HEADER REDISEÑO" has been purged, triggered by action: save_post 
[2026-01-30 23:59:49 : INFO] - Cache for URL: https://partumdesign.com.mx/?elementor_library=elementor-footer-1664 has been purged, triggered by action: save_post 
[2026-01-30 23:59:49 : INFO] - Cache for author page URL: https://partumdesign.com.mx/author/maricruz-partum/ associated with post_type: elementor_library and Title: "Elementor Footer #1664" has been purged, triggered by action: save_post 
[2026-01-30 23:59:49 : INFO] - Cache for URL: https://partumdesign.com.mx/?elementor_library=elementor-footer-1664 has been purged, triggered by action: save_post 
[2026-01-30 23:59:49 : INFO] - Cache for author page URL: https://partumdesign.com.mx/author/maricruz-partum/ associated with post_type: elementor_library and Title: "Elementor Footer #1664" has been purged, triggered by action: save_post 
[2026-01-30 23:59:50 : INFO] - Cache for URL: https://partumdesign.com.mx/?elementor_library=elementor-footer-1664 has been purged, triggered by action: save_post 
[2026-01-30 23:59:50 : INFO] - Cache for author page URL: https://partumdesign.com.mx/author/maricruz-partum/ associated with post_type: elementor_library and Title: "Elementor Footer #1664" has been purged, triggered by action: save_post 
[2026-01-31 00:07:06 : INFO] - Cache for URL: https://partumdesign.com.mx/?elementor_library=elementor-footer-1664 has been purged, triggered by action: save_post 
[2026-01-31 00:07:06 : INFO] - Cache for author page URL: https://partumdesign.com.mx/author/maricruz-partum/ associated with post_type: elementor_library and Title: "footer rediseño" has been purged, triggered by action: save_post 
[2026-01-31 00:14:25 : INFO] - Cache for URL: https://partumdesign.com.mx/?elementor_library=elementor-footer-1664 has been purged, triggered by action: save_post 
[2026-01-31 00:14:25 : INFO] - Cache for author page URL: https://partumdesign.com.mx/author/maricruz-partum/ associated with post_type: elementor_library and Title: "footer rediseño" has been purged, triggered by action: save_post 
[2026-01-31 00:14:26 : INFO] - Cache for URL: https://partumdesign.com.mx/?elementor_library=elementor-footer-1664 has been purged, triggered by action: save_post 
[2026-01-31 00:14:26 : INFO] - Cache for author page URL: https://partumdesign.com.mx/author/maricruz-partum/ associated with post_type: elementor_library and Title: "footer rediseño" has been purged, triggered by action: save_post 
[2026-01-31 00:14:26 : INFO] - Cache for URL: https://partumdesign.com.mx/?elementor_library=elementor-footer-1664 has been purged, triggered by action: save_post 
[2026-01-31 00:14:26 : INFO] - Cache for author page URL: https://partumdesign.com.mx/author/maricruz-partum/ associated with post_type: elementor_library and Title: "footer rediseño" has been purged, triggered by action: save_post 
[2026-01-31 00:30:59 : INFO] - Cache for URL: https://partumdesign.com.mx/?elementor_library=elementor-footer-1664 has been purged, triggered by action: save_post 
[2026-01-31 00:30:59 : INFO] - Cache for author page URL: https://partumdesign.com.mx/author/maricruz-partum/ associated with post_type: elementor_library and Title: "footer rediseño" has been purged, triggered by action: save_post 
[2026-01-31 00:30:59 : INFO] - Cache for URL: https://partumdesign.com.mx/?elementor_library=elementor-footer-1664 has been purged, triggered by action: save_post 
[2026-01-31 00:30:59 : INFO] - Cache for author page URL: https://partumdesign.com.mx/author/maricruz-partum/ associated with post_type: elementor_library and Title: "footer rediseño" has been purged, triggered by action: save_post 
[2026-01-31 00:30:59 : INFO] - Cache for URL: https://partumdesign.com.mx/?elementor_library=elementor-footer-1664 has been purged, triggered by action: save_post 
[2026-01-31 00:30:59 : INFO] - Cache for author page URL: https://partumdesign.com.mx/author/maricruz-partum/ associated with post_type: elementor_library and Title: "footer rediseño" has been purged, triggered by action: save_post 
[2026-01-31 00:54:21 : INFO] - Cache for URL: https://partumdesign.com.mx/contacto2/ has been purged, triggered by action: save_post 
[2026-01-31 00:54:21 : INFO] - Cache for author page URL: https://partumdesign.com.mx/author/maricruz-partum/ associated with post_type: page and Title: "contacto2" has been purged, triggered by action: save_post 
[2026-01-31 00:54:22 : INFO] - Cache for URL: https://partumdesign.com.mx/contacto2/ has been purged, triggered by action: save_post 
[2026-01-31 00:54:22 : INFO] - Cache for author page URL: https://partumdesign.com.mx/author/maricruz-partum/ associated with post_type: page and Title: "contacto2" has been purged, triggered by action: save_post 
[2026-01-31 00:54:22 : INFO] - Cache for URL: https://partumdesign.com.mx/contacto2/ has been purged, triggered by action: save_post 
[2026-01-31 00:54:22 : INFO] - Cache for author page URL: https://partumdesign.com.mx/author/maricruz-partum/ associated with post_type: page and Title: "contacto2" has been purged, triggered by action: save_post 
[2026-01-31 01:30:37 : INFO] - Cache for URL: https://partumdesign.com.mx/contacto2/ has been purged, triggered by action: save_post 
[2026-01-31 01:30:37 : INFO] - Cache for author page URL: https://partumdesign.com.mx/author/maricruz-partum/ associated with post_type: page and Title: "contacto2" has been purged, triggered by action: save_post 
[2026-01-31 01:30:37 : INFO] - Cache for URL: https://partumdesign.com.mx/contacto2/ has been purged, triggered by action: save_post 
[2026-01-31 01:30:37 : INFO] - Cache for author page URL: https://partumdesign.com.mx/author/maricruz-partum/ associated with post_type: page and Title: "contacto2" has been purged, triggered by action: save_post 
[2026-01-31 01:30:37 : INFO] - Cache for URL: https://partumdesign.com.mx/contacto2/ has been purged, triggered by action: save_post 
[2026-01-31 01:30:37 : INFO] - Cache for author page URL: https://partumdesign.com.mx/author/maricruz-partum/ associated with post_type: page and Title: "contacto2" has been purged, triggered by action: save_post 
[2026-01-31 01:33:30 : INFO] - Cache for URL: https://partumdesign.com.mx/contacto2/ has been purged, triggered by action: save_post 
[2026-01-31 01:33:30 : INFO] - Cache for author page URL: https://partumdesign.com.mx/author/maricruz-partum/ associated with post_type: page and Title: "contacto2" has been purged, triggered by action: save_post 
[2026-01-31 01:33:31 : INFO] - Cache for URL: https://partumdesign.com.mx/contacto2/ has been purged, triggered by action: save_post 
[2026-01-31 01:33:31 : INFO] - Cache for author page URL: https://partumdesign.com.mx/author/maricruz-partum/ associated with post_type: page and Title: "contacto2" has been purged, triggered by action: save_post 
[2026-01-31 01:33:31 : INFO] - Cache for URL: https://partumdesign.com.mx/contacto2/ has been purged, triggered by action: save_post 
[2026-01-31 01:33:31 : INFO] - Cache for author page URL: https://partumdesign.com.mx/author/maricruz-partum/ associated with post_type: page and Title: "contacto2" has been purged, triggered by action: save_post 
[2026-02-03 19:00:51 : INFO] - Cache for URL: https://partumdesign.com.mx/?elementor_library=elementor-footer-1664 has been purged, triggered by action: save_post 
[2026-02-03 19:00:51 : INFO] - Cache for author page URL: https://partumdesign.com.mx/author/maricruz-partum/ associated with post_type: elementor_library and Title: "footer rediseño" has been purged, triggered by action: save_post 
[2026-02-03 19:00:51 : INFO] - Cache for URL: https://partumdesign.com.mx/?elementor_library=elementor-footer-1664 has been purged, triggered by action: save_post 
[2026-02-03 19:00:51 : INFO] - Cache for author page URL: https://partumdesign.com.mx/author/maricruz-partum/ associated with post_type: elementor_library and Title: "footer rediseño" has been purged, triggered by action: save_post 
[2026-02-03 19:00:51 : INFO] - Cache for URL: https://partumdesign.com.mx/?elementor_library=elementor-footer-1664 has been purged, triggered by action: save_post 
[2026-02-03 19:00:51 : INFO] - Cache for author page URL: https://partumdesign.com.mx/author/maricruz-partum/ associated with post_type: elementor_library and Title: "footer rediseño" has been purged, triggered by action: save_post 
[2026-02-03 21:17:36 : INFO] - Cache for URL: https://partumdesign.com.mx/nosotros/ has been purged, triggered by action: save_post 
[2026-02-03 21:17:36 : INFO] - Cache for author page URL: https://partumdesign.com.mx/author/maricruz-partum/ associated with post_type: page and Title: "Nosotros" has been purged, triggered by action: save_post 
[2026-02-03 21:17:37 : INFO] - Cache for URL: https://partumdesign.com.mx/nosotros/ has been purged, triggered by action: save_post 
[2026-02-03 21:17:37 : INFO] - Cache for author page URL: https://partumdesign.com.mx/author/maricruz-partum/ associated with post_type: page and Title: "Nosotros" has been purged, triggered by action: save_post 
[2026-02-03 21:17:37 : INFO] - Cache for URL: https://partumdesign.com.mx/nosotros/ has been purged, triggered by action: save_post 
[2026-02-03 21:17:37 : INFO] - Cache for author page URL: https://partumdesign.com.mx/author/maricruz-partum/ associated with post_type: page and Title: "Nosotros" has been purged, triggered by action: save_post 
[2026-02-03 21:21:23 : INFO] - Cache for URL: https://partumdesign.com.mx/nosotros/ has been purged, triggered by action: save_post 
[2026-02-03 21:21:23 : INFO] - Cache for author page URL: https://partumdesign.com.mx/author/maricruz-partum/ associated with post_type: page and Title: "Nosotros" has been purged, triggered by action: save_post 
[2026-02-03 21:21:24 : INFO] - Cache for URL: https://partumdesign.com.mx/nosotros/ has been purged, triggered by action: save_post 
[2026-02-03 21:21:24 : INFO] - Cache for author page URL: https://partumdesign.com.mx/author/maricruz-partum/ associated with post_type: page and Title: "Nosotros" has been purged, triggered by action: save_post 
[2026-02-03 21:21:24 : INFO] - Cache for URL: https://partumdesign.com.mx/nosotros/ has been purged, triggered by action: save_post 
[2026-02-03 21:21:24 : INFO] - Cache for author page URL: https://partumdesign.com.mx/author/maricruz-partum/ associated with post_type: page and Title: "Nosotros" has been purged, triggered by action: save_post 
[2026-02-03 21:28:19 : INFO] - Cache for URL: https://partumdesign.com.mx/nosotros/ has been purged, triggered by action: save_post 
[2026-02-03 21:28:19 : INFO] - Cache for author page URL: https://partumdesign.com.mx/author/maricruz-partum/ associated with post_type: page and Title: "Nosotros" has been purged, triggered by action: save_post 
[2026-02-03 21:28:19 : INFO] - Cache for URL: https://partumdesign.com.mx/nosotros/ has been purged, triggered by action: save_post 
[2026-02-03 21:28:19 : INFO] - Cache for author page URL: https://partumdesign.com.mx/author/maricruz-partum/ associated with post_type: page and Title: "Nosotros" has been purged, triggered by action: save_post 
[2026-02-03 21:28:20 : INFO] - Cache for URL: https://partumdesign.com.mx/nosotros/ has been purged, triggered by action: save_post 
[2026-02-03 21:28:20 : INFO] - Cache for author page URL: https://partumdesign.com.mx/author/maricruz-partum/ associated with post_type: page and Title: "Nosotros" has been purged, triggered by action: save_post 
[2026-02-03 21:31:27 : INFO] - Cache for URL: https://partumdesign.com.mx/nosotros/ has been purged, triggered by action: save_post 
[2026-02-03 21:31:27 : INFO] - Cache for author page URL: https://partumdesign.com.mx/author/maricruz-partum/ associated with post_type: page and Title: "Nosotros" has been purged, triggered by action: save_post 
[2026-02-03 21:31:27 : INFO] - Cache for URL: https://partumdesign.com.mx/nosotros/ has been purged, triggered by action: save_post 
[2026-02-03 21:31:27 : INFO] - Cache for author page URL: https://partumdesign.com.mx/author/maricruz-partum/ associated with post_type: page and Title: "Nosotros" has been purged, triggered by action: save_post 
[2026-02-03 21:31:27 : INFO] - Cache for URL: https://partumdesign.com.mx/nosotros/ has been purged, triggered by action: save_post 
[2026-02-03 21:31:27 : INFO] - Cache for author page URL: https://partumdesign.com.mx/author/maricruz-partum/ associated with post_type: page and Title: "Nosotros" has been purged, triggered by action: save_post 
[2026-02-03 22:04:11 : INFO] - Cache for URL: https://partumdesign.com.mx/nosotros/ has been purged, triggered by action: save_post 
[2026-02-03 22:04:11 : INFO] - Cache for author page URL: https://partumdesign.com.mx/author/maricruz-partum/ associated with post_type: page and Title: "Nosotros" has been purged, triggered by action: save_post 
[2026-02-03 22:04:11 : INFO] - Cache for URL: https://partumdesign.com.mx/nosotros/ has been purged, triggered by action: save_post 
[2026-02-03 22:04:11 : INFO] - Cache for author page URL: https://partumdesign.com.mx/author/maricruz-partum/ associated with post_type: page and Title: "Nosotros" has been purged, triggered by action: save_post 
[2026-02-03 22:04:11 : INFO] - Cache for URL: https://partumdesign.com.mx/nosotros/ has been purged, triggered by action: save_post 
[2026-02-03 22:04:11 : INFO] - Cache for author page URL: https://partumdesign.com.mx/author/maricruz-partum/ associated with post_type: page and Title: "Nosotros" has been purged, triggered by action: save_post 
[2026-02-03 22:05:24 : INFO] - Cache for URL: https://partumdesign.com.mx/nosotros/ has been purged, triggered by action: save_post 
[2026-02-03 22:05:24 : INFO] - Cache for author page URL: https://partumdesign.com.mx/author/maricruz-partum/ associated with post_type: page and Title: "Nosotros" has been purged, triggered by action: save_post 
[2026-02-03 22:05:24 : INFO] - Cache for URL: https://partumdesign.com.mx/nosotros/ has been purged, triggered by action: save_post 
[2026-02-03 22:05:24 : INFO] - Cache for author page URL: https://partumdesign.com.mx/author/maricruz-partum/ associated with post_type: page and Title: "Nosotros" has been purged, triggered by action: save_post 
[2026-02-03 22:05:24 : INFO] - Cache for URL: https://partumdesign.com.mx/nosotros/ has been purged, triggered by action: save_post 
[2026-02-03 22:05:24 : INFO] - Cache for author page URL: https://partumdesign.com.mx/author/maricruz-partum/ associated with post_type: page and Title: "Nosotros" has been purged, triggered by action: save_post 
[2026-02-03 22:07:12 : INFO] - Cache for URL: https://partumdesign.com.mx/nosotros/ has been purged, triggered by action: save_post 
[2026-02-03 22:07:12 : INFO] - Cache for author page URL: https://partumdesign.com.mx/author/maricruz-partum/ associated with post_type: page and Title: "Nosotros" has been purged, triggered by action: save_post 
[2026-02-03 22:07:13 : INFO] - Cache for URL: https://partumdesign.com.mx/nosotros/ has been purged, triggered by action: save_post 
[2026-02-03 22:07:13 : INFO] - Cache for author page URL: https://partumdesign.com.mx/author/maricruz-partum/ associated with post_type: page and Title: "Nosotros" has been purged, triggered by action: save_post 
[2026-02-03 22:07:14 : INFO] - Cache for URL: https://partumdesign.com.mx/nosotros/ has been purged, triggered by action: save_post 
[2026-02-03 22:07:14 : INFO] - Cache for author page URL: https://partumdesign.com.mx/author/maricruz-partum/ associated with post_type: page and Title: "Nosotros" has been purged, triggered by action: save_post 
[2026-02-03 22:08:31 : INFO] - Cache for URL: https://partumdesign.com.mx/servicios-rediseno/ has been purged, triggered by action: save_post 
[2026-02-03 22:08:31 : INFO] - Cache for author page URL: https://partumdesign.com.mx/author/maricruz-partum/ associated with post_type: page and Title: "Servicios rediseño" has been purged, triggered by action: save_post 
[2026-02-03 22:08:33 : INFO] - Cache for URL: https://partumdesign.com.mx/servicios-rediseno/ has been purged, triggered by action: save_post 
[2026-02-03 22:08:33 : INFO] - Cache for author page URL: https://partumdesign.com.mx/author/maricruz-partum/ associated with post_type: page and Title: "Servicios rediseño" has been purged, triggered by action: save_post 
[2026-02-03 22:43:02 : INFO] - Cache for URL: https://partumdesign.com.mx/servicios-rediseno/ has been purged, triggered by action: save_post 
[2026-02-03 22:43:02 : INFO] - Cache for author page URL: https://partumdesign.com.mx/author/maricruz-partum/ associated with post_type: page and Title: "Servicios Desarrollo web" has been purged, triggered by action: save_post 
[2026-02-03 23:14:18 : INFO] - Cache for URL: https://partumdesign.com.mx/servicios-rediseno/ has been purged, triggered by action: save_post 
[2026-02-03 23:14:18 : INFO] - Cache for author page URL: https://partumdesign.com.mx/author/maricruz-partum/ associated with post_type: page and Title: "Servicios Desarrollo web" has been purged, triggered by action: save_post 
[2026-02-03 23:14:18 : INFO] - Cache for URL: https://partumdesign.com.mx/servicios-rediseno/ has been purged, triggered by action: save_post 
[2026-02-03 23:14:18 : INFO] - Cache for author page URL: https://partumdesign.com.mx/author/maricruz-partum/ associated with post_type: page and Title: "Servicios Desarrollo web" has been purged, triggered by action: save_post 
[2026-02-03 23:14:18 : INFO] - Cache for URL: https://partumdesign.com.mx/servicios-rediseno/ has been purged, triggered by action: save_post 
[2026-02-03 23:14:18 : INFO] - Cache for author page URL: https://partumdesign.com.mx/author/maricruz-partum/ associated with post_type: page and Title: "Servicios Desarrollo web" has been purged, triggered by action: save_post 
[2026-02-03 23:52:30 : INFO] - Cache for URL: https://partumdesign.com.mx/servicios-rediseno/ has been purged, triggered by action: save_post 
[2026-02-03 23:52:30 : INFO] - Cache for author page URL: https://partumdesign.com.mx/author/maricruz-partum/ associated with post_type: page and Title: "Servicios Desarrollo web" has been purged, triggered by action: save_post 
[2026-02-03 23:52:31 : INFO] - Cache for URL: https://partumdesign.com.mx/servicios-rediseno/ has been purged, triggered by action: save_post 
[2026-02-03 23:52:31 : INFO] - Cache for author page URL: https://partumdesign.com.mx/author/maricruz-partum/ associated with post_type: page and Title: "Servicios Desarrollo web" has been purged, triggered by action: save_post 
[2026-02-03 23:52:31 : INFO] - Cache for URL: https://partumdesign.com.mx/servicios-rediseno/ has been purged, triggered by action: save_post 
[2026-02-03 23:52:31 : INFO] - Cache for author page URL: https://partumdesign.com.mx/author/maricruz-partum/ associated with post_type: page and Title: "Servicios Desarrollo web" has been purged, triggered by action: save_post 
[2026-02-04 17:47:29 : INFO] - Cache for URL: https://partumdesign.com.mx/inicio-redinmobiliaria/ has been purged, triggered by action: save_post 
[2026-02-04 17:47:29 : INFO] - Cache for author page URL: https://partumdesign.com.mx/author/maricruz-partum/ associated with post_type: page and Title: "INICIO REDINMOBILIARIA" has been purged, triggered by action: save_post 
[2026-02-04 17:47:30 : INFO] - Cache for URL: https://partumdesign.com.mx/inicio-redinmobiliaria/ has been purged, triggered by action: save_post 
[2026-02-04 17:47:30 : INFO] - Cache for author page URL: https://partumdesign.com.mx/author/maricruz-partum/ associated with post_type: page and Title: "INICIO REDINMOBILIARIA" has been purged, triggered by action: save_post 
[2026-02-04 18:10:44 : INFO] - Cache for URL: https://partumdesign.com.mx/inicio-redinmobiliaria/ has been purged, triggered by action: save_post 
[2026-02-04 18:10:44 : INFO] - Cache for author page URL: https://partumdesign.com.mx/author/maricruz-partum/ associated with post_type: page and Title: "INICIO REDINMOBILIARIA" has been purged, triggered by action: save_post 
[2026-02-04 18:10:44 : INFO] - Cache for URL: https://partumdesign.com.mx/inicio-redinmobiliaria/ has been purged, triggered by action: save_post 
[2026-02-04 18:10:44 : INFO] - Cache for author page URL: https://partumdesign.com.mx/author/maricruz-partum/ associated with post_type: page and Title: "INICIO REDINMOBILIARIA" has been purged, triggered by action: save_post 
[2026-02-04 18:10:45 : INFO] - Cache for URL: https://partumdesign.com.mx/inicio-redinmobiliaria/ has been purged, triggered by action: save_post 
[2026-02-04 18:10:45 : INFO] - Cache for author page URL: https://partumdesign.com.mx/author/maricruz-partum/ associated with post_type: page and Title: "INICIO REDINMOBILIARIA" has been purged, triggered by action: save_post 
[2026-02-04 18:18:27 : INFO] - Cache for URL: https://partumdesign.com.mx/inicio-redinmobiliaria/ has been purged, triggered by action: save_post 
[2026-02-04 18:18:27 : INFO] - Cache for author page URL: https://partumdesign.com.mx/author/maricruz-partum/ associated with post_type: page and Title: "INICIO REDINMOBILIARIA" has been purged, triggered by action: save_post 
[2026-02-04 18:18:27 : INFO] - Cache for URL: https://partumdesign.com.mx/inicio-redinmobiliaria/ has been purged, triggered by action: save_post 
[2026-02-04 18:18:27 : INFO] - Cache for author page URL: https://partumdesign.com.mx/author/maricruz-partum/ associated with post_type: page and Title: "INICIO REDINMOBILIARIA" has been purged, triggered by action: save_post 
[2026-02-04 18:18:27 : INFO] - Cache for URL: https://partumdesign.com.mx/inicio-redinmobiliaria/ has been purged, triggered by action: save_post 
[2026-02-04 18:18:27 : INFO] - Cache for author page URL: https://partumdesign.com.mx/author/maricruz-partum/ associated with post_type: page and Title: "INICIO REDINMOBILIARIA" has been purged, triggered by action: save_post 
[2026-02-04 18:18:44 : INFO] - Cache for URL: https://partumdesign.com.mx/inicio-redinmobiliaria/ has been purged, triggered by action: save_post 
[2026-02-04 18:18:44 : INFO] - Cache for author page URL: https://partumdesign.com.mx/author/maricruz-partum/ associated with post_type: page and Title: "INICIO REDINMOBILIARIA" has been purged, triggered by action: save_post 
[2026-02-04 18:18:45 : INFO] - Cache for URL: https://partumdesign.com.mx/inicio-redinmobiliaria/ has been purged, triggered by action: save_post 
[2026-02-04 18:18:45 : INFO] - Cache for author page URL: https://partumdesign.com.mx/author/maricruz-partum/ associated with post_type: page and Title: "INICIO REDINMOBILIARIA" has been purged, triggered by action: save_post 
[2026-02-04 18:18:45 : INFO] - Cache for URL: https://partumdesign.com.mx/inicio-redinmobiliaria/ has been purged, triggered by action: save_post 
[2026-02-04 18:18:45 : INFO] - Cache for author page URL: https://partumdesign.com.mx/author/maricruz-partum/ associated with post_type: page and Title: "INICIO REDINMOBILIARIA" has been purged, triggered by action: save_post 
[2026-02-04 18:36:55 : INFO] - Cache for URL: https://partumdesign.com.mx/inicio-redinmobiliaria/ has been purged, triggered by action: save_post 
[2026-02-04 18:36:55 : INFO] - Cache for author page URL: https://partumdesign.com.mx/author/maricruz-partum/ associated with post_type: page and Title: "INICIO REDINMOBILIARIA" has been purged, triggered by action: save_post 
[2026-02-04 18:36:56 : INFO] - Cache for URL: https://partumdesign.com.mx/inicio-redinmobiliaria/ has been purged, triggered by action: save_post 
[2026-02-04 18:36:56 : INFO] - Cache for author page URL: https://partumdesign.com.mx/author/maricruz-partum/ associated with post_type: page and Title: "INICIO REDINMOBILIARIA" has been purged, triggered by action: save_post 
[2026-02-04 18:36:56 : INFO] - Cache for URL: https://partumdesign.com.mx/inicio-redinmobiliaria/ has been purged, triggered by action: save_post 
[2026-02-04 18:36:56 : INFO] - Cache for author page URL: https://partumdesign.com.mx/author/maricruz-partum/ associated with post_type: page and Title: "INICIO REDINMOBILIARIA" has been purged, triggered by action: save_post 
[2026-02-04 18:38:16 : INFO] - Cache for URL: https://partumdesign.com.mx/inicio-redinmobiliaria/ has been purged, triggered by action: save_post 
[2026-02-04 18:38:16 : INFO] - Cache for author page URL: https://partumdesign.com.mx/author/maricruz-partum/ associated with post_type: page and Title: "INICIO REDINMOBILIARIA" has been purged, triggered by action: save_post 
[2026-02-04 18:38:16 : INFO] - Cache for URL: https://partumdesign.com.mx/inicio-redinmobiliaria/ has been purged, triggered by action: save_post 
[2026-02-04 18:38:16 : INFO] - Cache for author page URL: https://partumdesign.com.mx/author/maricruz-partum/ associated with post_type: page and Title: "INICIO REDINMOBILIARIA" has been purged, triggered by action: save_post 
[2026-02-04 18:38:17 : INFO] - Cache for URL: https://partumdesign.com.mx/inicio-redinmobiliaria/ has been purged, triggered by action: save_post 
[2026-02-04 18:38:17 : INFO] - Cache for author page URL: https://partumdesign.com.mx/author/maricruz-partum/ associated with post_type: page and Title: "INICIO REDINMOBILIARIA" has been purged, triggered by action: save_post 
[2026-02-04 18:40:38 : INFO] - Cache for URL: https://partumdesign.com.mx/inicio-redinmobiliaria/ has been purged, triggered by action: save_post 
[2026-02-04 18:40:38 : INFO] - Cache for author page URL: https://partumdesign.com.mx/author/maricruz-partum/ associated with post_type: page and Title: "INICIO REDINMOBILIARIA" has been purged, triggered by action: save_post 
[2026-02-04 18:40:38 : INFO] - Cache for URL: https://partumdesign.com.mx/inicio-redinmobiliaria/ has been purged, triggered by action: save_post 
[2026-02-04 18:40:38 : INFO] - Cache for author page URL: https://partumdesign.com.mx/author/maricruz-partum/ associated with post_type: page and Title: "INICIO REDINMOBILIARIA" has been purged, triggered by action: save_post 
[2026-02-04 18:40:39 : INFO] - Cache for URL: https://partumdesign.com.mx/inicio-redinmobiliaria/ has been purged, triggered by action: save_post 
[2026-02-04 18:40:39 : INFO] - Cache for author page URL: https://partumdesign.com.mx/author/maricruz-partum/ associated with post_type: page and Title: "INICIO REDINMOBILIARIA" has been purged, triggered by action: save_post 
[2026-02-04 19:00:08 : INFO] - Cache for URL: https://partumdesign.com.mx/inicio-redinmobiliaria/ has been purged, triggered by action: save_post 
[2026-02-04 19:00:08 : INFO] - Cache for author page URL: https://partumdesign.com.mx/author/maricruz-partum/ associated with post_type: page and Title: "INICIO REDINMOBILIARIA" has been purged, triggered by action: save_post 
[2026-02-04 19:00:10 : INFO] - Cache for URL: https://partumdesign.com.mx/inicio-redinmobiliaria/ has been purged, triggered by action: save_post 
[2026-02-04 19:00:10 : INFO] - Cache for author page URL: https://partumdesign.com.mx/author/maricruz-partum/ associated with post_type: page and Title: "INICIO REDINMOBILIARIA" has been purged, triggered by action: save_post 
[2026-02-04 19:00:10 : INFO] - Cache for URL: https://partumdesign.com.mx/inicio-redinmobiliaria/ has been purged, triggered by action: save_post 
[2026-02-04 19:00:10 : INFO] - Cache for author page URL: https://partumdesign.com.mx/author/maricruz-partum/ associated with post_type: page and Title: "INICIO REDINMOBILIARIA" has been purged, triggered by action: save_post 
[2026-02-04 19:02:49 : INFO] - Cache for URL: https://partumdesign.com.mx/inicio-redinmobiliaria/ has been purged, triggered by action: save_post 
[2026-02-04 19:02:49 : INFO] - Cache for author page URL: https://partumdesign.com.mx/author/maricruz-partum/ associated with post_type: page and Title: "INICIO REDINMOBILIARIA" has been purged, triggered by action: save_post 
[2026-02-04 19:02:50 : INFO] - Cache for URL: https://partumdesign.com.mx/inicio-redinmobiliaria/ has been purged, triggered by action: save_post 
[2026-02-04 19:02:50 : INFO] - Cache for author page URL: https://partumdesign.com.mx/author/maricruz-partum/ associated with post_type: page and Title: "INICIO REDINMOBILIARIA" has been purged, triggered by action: save_post 
[2026-02-04 19:02:50 : INFO] - Cache for URL: https://partumdesign.com.mx/inicio-redinmobiliaria/ has been purged, triggered by action: save_post 
[2026-02-04 19:02:50 : INFO] - Cache for author page URL: https://partumdesign.com.mx/author/maricruz-partum/ associated with post_type: page and Title: "INICIO REDINMOBILIARIA" has been purged, triggered by action: save_post 
[2026-02-04 19:06:53 : INFO] - Cache for URL: https://partumdesign.com.mx/inicio-redinmobiliaria/ has been purged, triggered by action: save_post 
[2026-02-04 19:06:53 : INFO] - Cache for author page URL: https://partumdesign.com.mx/author/maricruz-partum/ associated with post_type: page and Title: "INICIO REDINMOBILIARIA" has been purged, triggered by action: save_post 
[2026-02-04 19:06:54 : INFO] - Cache for URL: https://partumdesign.com.mx/inicio-redinmobiliaria/ has been purged, triggered by action: save_post 
[2026-02-04 19:06:54 : INFO] - Cache for author page URL: https://partumdesign.com.mx/author/maricruz-partum/ associated with post_type: page and Title: "INICIO REDINMOBILIARIA" has been purged, triggered by action: save_post 
[2026-02-04 19:06:55 : INFO] - Cache for URL: https://partumdesign.com.mx/inicio-redinmobiliaria/ has been purged, triggered by action: save_post 
[2026-02-04 19:06:55 : INFO] - Cache for author page URL: https://partumdesign.com.mx/author/maricruz-partum/ associated with post_type: page and Title: "INICIO REDINMOBILIARIA" has been purged, triggered by action: save_post 
[2026-02-04 19:14:43 : INFO] - Cache for URL: https://partumdesign.com.mx/inicio-redinmobiliaria/ has been purged, triggered by action: save_post 
[2026-02-04 19:14:43 : INFO] - Cache for author page URL: https://partumdesign.com.mx/author/maricruz-partum/ associated with post_type: page and Title: "INICIO REDINMOBILIARIA" has been purged, triggered by action: save_post 
[2026-02-04 19:14:43 : INFO] - Cache for URL: https://partumdesign.com.mx/inicio-redinmobiliaria/ has been purged, triggered by action: save_post 
[2026-02-04 19:14:43 : INFO] - Cache for author page URL: https://partumdesign.com.mx/author/maricruz-partum/ associated with post_type: page and Title: "INICIO REDINMOBILIARIA" has been purged, triggered by action: save_post 
[2026-02-04 19:14:44 : INFO] - Cache for URL: https://partumdesign.com.mx/inicio-redinmobiliaria/ has been purged, triggered by action: save_post 
[2026-02-04 19:14:44 : INFO] - Cache for author page URL: https://partumdesign.com.mx/author/maricruz-partum/ associated with post_type: page and Title: "INICIO REDINMOBILIARIA" has been purged, triggered by action: save_post 
[2026-02-04 19:39:10 : INFO] - Cache for URL: https://partumdesign.com.mx/inicio-redinmobiliaria/ has been purged, triggered by action: save_post 
[2026-02-04 19:39:10 : INFO] - Cache for author page URL: https://partumdesign.com.mx/author/maricruz-partum/ associated with post_type: page and Title: "INICIO REDINMOBILIARIA" has been purged, triggered by action: save_post 
[2026-02-04 19:39:11 : INFO] - Cache for URL: https://partumdesign.com.mx/inicio-redinmobiliaria/ has been purged, triggered by action: save_post 
[2026-02-04 19:39:11 : INFO] - Cache for author page URL: https://partumdesign.com.mx/author/maricruz-partum/ associated with post_type: page and Title: "INICIO REDINMOBILIARIA" has been purged, triggered by action: save_post 
[2026-02-04 19:39:11 : INFO] - Cache for URL: https://partumdesign.com.mx/inicio-redinmobiliaria/ has been purged, triggered by action: save_post 
[2026-02-04 19:39:11 : INFO] - Cache for author page URL: https://partumdesign.com.mx/author/maricruz-partum/ associated with post_type: page and Title: "INICIO REDINMOBILIARIA" has been purged, triggered by action: save_post 
[2026-02-04 19:46:30 : INFO] - Cache for URL: https://partumdesign.com.mx/inicio-redinmobiliaria/ has been purged, triggered by action: save_post 
[2026-02-04 19:46:30 : INFO] - Cache for author page URL: https://partumdesign.com.mx/author/maricruz-partum/ associated with post_type: page and Title: "INICIO REDINMOBILIARIA" has been purged, triggered by action: save_post 
[2026-02-04 19:46:30 : INFO] - Cache for URL: https://partumdesign.com.mx/inicio-redinmobiliaria/ has been purged, triggered by action: save_post 
[2026-02-04 19:46:30 : INFO] - Cache for author page URL: https://partumdesign.com.mx/author/maricruz-partum/ associated with post_type: page and Title: "INICIO REDINMOBILIARIA" has been purged, triggered by action: save_post 
[2026-02-04 19:46:30 : INFO] - Cache for URL: https://partumdesign.com.mx/inicio-redinmobiliaria/ has been purged, triggered by action: save_post 
[2026-02-04 19:46:30 : INFO] - Cache for author page URL: https://partumdesign.com.mx/author/maricruz-partum/ associated with post_type: page and Title: "INICIO REDINMOBILIARIA" has been purged, triggered by action: save_post 
[2026-02-04 19:49:48 : INFO] - Cache for URL: https://partumdesign.com.mx/inicio-redinmobiliaria/ has been purged, triggered by action: save_post 
[2026-02-04 19:49:48 : INFO] - Cache for author page URL: https://partumdesign.com.mx/author/maricruz-partum/ associated with post_type: page and Title: "INICIO REDINMOBILIARIA" has been purged, triggered by action: save_post 
[2026-02-04 19:49:48 : INFO] - Cache for URL: https://partumdesign.com.mx/inicio-redinmobiliaria/ has been purged, triggered by action: save_post 
[2026-02-04 19:49:48 : INFO] - Cache for author page URL: https://partumdesign.com.mx/author/maricruz-partum/ associated with post_type: page and Title: "INICIO REDINMOBILIARIA" has been purged, triggered by action: save_post 
[2026-02-04 19:49:48 : INFO] - Cache for URL: https://partumdesign.com.mx/inicio-redinmobiliaria/ has been purged, triggered by action: save_post 
[2026-02-04 19:49:48 : INFO] - Cache for author page URL: https://partumdesign.com.mx/author/maricruz-partum/ associated with post_type: page and Title: "INICIO REDINMOBILIARIA" has been purged, triggered by action: save_post 
[2026-02-04 23:19:19 : INFO] - Cache for URL: https://partumdesign.com.mx/inicio-redinmobiliaria/ has been purged, triggered by action: save_post 
[2026-02-04 23:19:19 : INFO] - Cache for author page URL: https://partumdesign.com.mx/author/maricruz-partum/ associated with post_type: page and Title: "INICIO REDINMOBILIARIA" has been purged, triggered by action: save_post 
[2026-02-04 23:19:19 : INFO] - Cache for URL: https://partumdesign.com.mx/inicio-redinmobiliaria/ has been purged, triggered by action: save_post 
[2026-02-04 23:19:19 : INFO] - Cache for author page URL: https://partumdesign.com.mx/author/maricruz-partum/ associated with post_type: page and Title: "INICIO REDINMOBILIARIA" has been purged, triggered by action: save_post 
[2026-02-04 23:19:20 : INFO] - Cache for URL: https://partumdesign.com.mx/inicio-redinmobiliaria/ has been purged, triggered by action: save_post 
[2026-02-04 23:19:20 : INFO] - Cache for author page URL: https://partumdesign.com.mx/author/maricruz-partum/ associated with post_type: page and Title: "INICIO REDINMOBILIARIA" has been purged, triggered by action: save_post 
[2026-02-04 23:25:48 : INFO] - Cache for URL: https://partumdesign.com.mx/inicio-redinmobiliaria/ has been purged, triggered by action: save_post 
[2026-02-04 23:25:48 : INFO] - Cache for author page URL: https://partumdesign.com.mx/author/maricruz-partum/ associated with post_type: page and Title: "INICIO REDINMOBILIARIA" has been purged, triggered by action: save_post 
[2026-02-04 23:25:49 : INFO] - Cache for URL: https://partumdesign.com.mx/inicio-redinmobiliaria/ has been purged, triggered by action: save_post 
[2026-02-04 23:25:49 : INFO] - Cache for author page URL: https://partumdesign.com.mx/author/maricruz-partum/ associated with post_type: page and Title: "INICIO REDINMOBILIARIA" has been purged, triggered by action: save_post 
[2026-02-04 23:25:49 : INFO] - Cache for URL: https://partumdesign.com.mx/inicio-redinmobiliaria/ has been purged, triggered by action: save_post 
[2026-02-04 23:25:49 : INFO] - Cache for author page URL: https://partumdesign.com.mx/author/maricruz-partum/ associated with post_type: page and Title: "INICIO REDINMOBILIARIA" has been purged, triggered by action: save_post 
[2026-02-04 23:52:59 : INFO] - Cache for URL: https://partumdesign.com.mx/inicio-redinmobiliaria/ has been purged, triggered by action: save_post 
[2026-02-04 23:52:59 : INFO] - Cache for author page URL: https://partumdesign.com.mx/author/maricruz-partum/ associated with post_type: page and Title: "INICIO REDINMOBILIARIA" has been purged, triggered by action: save_post 
[2026-02-04 23:52:59 : INFO] - Cache for URL: https://partumdesign.com.mx/inicio-redinmobiliaria/ has been purged, triggered by action: save_post 
[2026-02-04 23:52:59 : INFO] - Cache for author page URL: https://partumdesign.com.mx/author/maricruz-partum/ associated with post_type: page and Title: "INICIO REDINMOBILIARIA" has been purged, triggered by action: save_post 
[2026-02-04 23:53:00 : INFO] - Cache for URL: https://partumdesign.com.mx/inicio-redinmobiliaria/ has been purged, triggered by action: save_post 
[2026-02-04 23:53:00 : INFO] - Cache for author page URL: https://partumdesign.com.mx/author/maricruz-partum/ associated with post_type: page and Title: "INICIO REDINMOBILIARIA" has been purged, triggered by action: save_post 
[2026-02-05 00:03:34 : INFO] - Cache for URL: https://partumdesign.com.mx/inicio-redinmobiliaria/ has been purged, triggered by action: save_post 
[2026-02-05 00:03:34 : INFO] - Cache for author page URL: https://partumdesign.com.mx/author/maricruz-partum/ associated with post_type: page and Title: "INICIO REDINMOBILIARIA" has been purged, triggered by action: save_post 
[2026-02-05 00:03:35 : INFO] - Cache for URL: https://partumdesign.com.mx/inicio-redinmobiliaria/ has been purged, triggered by action: save_post 
[2026-02-05 00:03:35 : INFO] - Cache for author page URL: https://partumdesign.com.mx/author/maricruz-partum/ associated with post_type: page and Title: "INICIO REDINMOBILIARIA" has been purged, triggered by action: save_post 
[2026-02-05 00:03:36 : INFO] - Cache for URL: https://partumdesign.com.mx/inicio-redinmobiliaria/ has been purged, triggered by action: save_post 
[2026-02-05 00:03:36 : INFO] - Cache for author page URL: https://partumdesign.com.mx/author/maricruz-partum/ associated with post_type: page and Title: "INICIO REDINMOBILIARIA" has been purged, triggered by action: save_post 
[2026-02-05 00:11:13 : INFO] - Cache for URL: https://partumdesign.com.mx/inicio-redinmobiliaria/ has been purged, triggered by action: save_post 
[2026-02-05 00:11:13 : INFO] - Cache for author page URL: https://partumdesign.com.mx/author/maricruz-partum/ associated with post_type: page and Title: "INICIO REDINMOBILIARIA" has been purged, triggered by action: save_post 
[2026-02-05 00:11:13 : INFO] - Cache for URL: https://partumdesign.com.mx/inicio-redinmobiliaria/ has been purged, triggered by action: save_post 
[2026-02-05 00:11:13 : INFO] - Cache for author page URL: https://partumdesign.com.mx/author/maricruz-partum/ associated with post_type: page and Title: "INICIO REDINMOBILIARIA" has been purged, triggered by action: save_post 
[2026-02-05 00:11:14 : INFO] - Cache for URL: https://partumdesign.com.mx/inicio-redinmobiliaria/ has been purged, triggered by action: save_post 
[2026-02-05 00:11:14 : INFO] - Cache for author page URL: https://partumdesign.com.mx/author/maricruz-partum/ associated with post_type: page and Title: "INICIO REDINMOBILIARIA" has been purged, triggered by action: save_post 
[2026-02-05 21:46:58 : INFO] - Cache for URL: https://partumdesign.com.mx/inicio-redinmobiliaria/ has been purged, triggered by action: save_post 
[2026-02-05 21:46:58 : INFO] - Cache for author page URL: https://partumdesign.com.mx/author/maricruz-partum/ associated with post_type: page and Title: "INICIO REDINMOBILIARIA" has been purged, triggered by action: save_post 
[2026-02-05 21:47:02 : INFO] - Cache for URL: https://partumdesign.com.mx/inicio-redinmobiliaria/ has been purged, triggered by action: save_post 
[2026-02-05 21:47:02 : INFO] - Cache for author page URL: https://partumdesign.com.mx/author/maricruz-partum/ associated with post_type: page and Title: "INICIO REDINMOBILIARIA" has been purged, triggered by action: save_post 
[2026-02-05 21:47:03 : INFO] - Cache for URL: https://partumdesign.com.mx/inicio-redinmobiliaria/ has been purged, triggered by action: save_post 
[2026-02-05 21:47:03 : INFO] - Cache for author page URL: https://partumdesign.com.mx/author/maricruz-partum/ associated with post_type: page and Title: "INICIO REDINMOBILIARIA" has been purged, triggered by action: save_post 
[2026-02-05 21:48:13 : INFO] - Cache for URL: https://partumdesign.com.mx/inicio-redinmobiliaria/ has been purged, triggered by action: save_post 
[2026-02-05 21:48:13 : INFO] - Cache for author page URL: https://partumdesign.com.mx/author/maricruz-partum/ associated with post_type: page and Title: "INICIO REDINMOBILIARIA" has been purged, triggered by action: save_post 
[2026-02-05 21:48:19 : INFO] - Cache for URL: https://partumdesign.com.mx/inicio-redinmobiliaria/ has been purged, triggered by action: save_post 
[2026-02-05 21:48:19 : INFO] - Cache for author page URL: https://partumdesign.com.mx/author/maricruz-partum/ associated with post_type: page and Title: "INICIO REDINMOBILIARIA" has been purged, triggered by action: save_post 
[2026-02-05 21:48:20 : INFO] - Cache for URL: https://partumdesign.com.mx/inicio-redinmobiliaria/ has been purged, triggered by action: save_post 
[2026-02-05 21:48:20 : INFO] - Cache for author page URL: https://partumdesign.com.mx/author/maricruz-partum/ associated with post_type: page and Title: "INICIO REDINMOBILIARIA" has been purged, triggered by action: save_post 
[2026-02-05 22:06:29 : INFO] - Cache for URL: https://partumdesign.com.mx/inicio-redinmobiliaria/ has been purged, triggered by action: save_post 
[2026-02-05 22:06:29 : INFO] - Cache for author page URL: https://partumdesign.com.mx/author/maricruz-partum/ associated with post_type: page and Title: "INICIO REDINMOBILIARIA" has been purged, triggered by action: save_post 
[2026-02-05 22:06:30 : INFO] - Cache for URL: https://partumdesign.com.mx/inicio-redinmobiliaria/ has been purged, triggered by action: save_post 
[2026-02-05 22:06:30 : INFO] - Cache for author page URL: https://partumdesign.com.mx/author/maricruz-partum/ associated with post_type: page and Title: "INICIO REDINMOBILIARIA" has been purged, triggered by action: save_post 
[2026-02-05 22:06:31 : INFO] - Cache for URL: https://partumdesign.com.mx/inicio-redinmobiliaria/ has been purged, triggered by action: save_post 
[2026-02-05 22:06:31 : INFO] - Cache for author page URL: https://partumdesign.com.mx/author/maricruz-partum/ associated with post_type: page and Title: "INICIO REDINMOBILIARIA" has been purged, triggered by action: save_post 
[2026-02-05 22:08:34 : INFO] - Cache for URL: https://partumdesign.com.mx/inicio-redinmobiliaria/ has been purged, triggered by action: save_post 
[2026-02-05 22:08:34 : INFO] - Cache for author page URL: https://partumdesign.com.mx/author/maricruz-partum/ associated with post_type: page and Title: "INICIO REDINMOBILIARIA" has been purged, triggered by action: save_post 
[2026-02-05 22:08:35 : INFO] - Cache for URL: https://partumdesign.com.mx/inicio-redinmobiliaria/ has been purged, triggered by action: save_post 
[2026-02-05 22:08:35 : INFO] - Cache for author page URL: https://partumdesign.com.mx/author/maricruz-partum/ associated with post_type: page and Title: "INICIO REDINMOBILIARIA" has been purged, triggered by action: save_post 
[2026-02-05 22:08:36 : INFO] - Cache for URL: https://partumdesign.com.mx/inicio-redinmobiliaria/ has been purged, triggered by action: save_post 
[2026-02-05 22:08:36 : INFO] - Cache for author page URL: https://partumdesign.com.mx/author/maricruz-partum/ associated with post_type: page and Title: "INICIO REDINMOBILIARIA" has been purged, triggered by action: save_post 
[2026-02-05 22:37:46 : INFO] - Cache for URL: https://partumdesign.com.mx/inicio-redinmobiliaria/ has been purged, triggered by action: save_post 
[2026-02-05 22:37:46 : INFO] - Cache for author page URL: https://partumdesign.com.mx/author/maricruz-partum/ associated with post_type: page and Title: "INICIO REDINMOBILIARIA" has been purged, triggered by action: save_post 
[2026-02-05 22:37:47 : INFO] - Cache for URL: https://partumdesign.com.mx/inicio-redinmobiliaria/ has been purged, triggered by action: save_post 
[2026-02-05 22:37:47 : INFO] - Cache for author page URL: https://partumdesign.com.mx/author/maricruz-partum/ associated with post_type: page and Title: "INICIO REDINMOBILIARIA" has been purged, triggered by action: save_post 
[2026-02-05 22:37:48 : INFO] - Cache for URL: https://partumdesign.com.mx/inicio-redinmobiliaria/ has been purged, triggered by action: save_post 
[2026-02-05 22:37:48 : INFO] - Cache for author page URL: https://partumdesign.com.mx/author/maricruz-partum/ associated with post_type: page and Title: "INICIO REDINMOBILIARIA" has been purged, triggered by action: save_post 
[2026-02-05 23:23:39 : INFO] - Cache for URL: https://partumdesign.com.mx/inicio-redinmobiliaria/ has been purged, triggered by action: save_post 
[2026-02-05 23:23:39 : INFO] - Cache for author page URL: https://partumdesign.com.mx/author/maricruz-partum/ associated with post_type: page and Title: "INICIO REDINMOBILIARIA" has been purged, triggered by action: save_post 
[2026-02-05 23:23:40 : INFO] - Cache for URL: https://partumdesign.com.mx/inicio-redinmobiliaria/ has been purged, triggered by action: save_post 
[2026-02-05 23:23:40 : INFO] - Cache for author page URL: https://partumdesign.com.mx/author/maricruz-partum/ associated with post_type: page and Title: "INICIO REDINMOBILIARIA" has been purged, triggered by action: save_post 
[2026-02-05 23:23:40 : INFO] - Cache for URL: https://partumdesign.com.mx/inicio-redinmobiliaria/ has been purged, triggered by action: save_post 
[2026-02-05 23:23:40 : INFO] - Cache for author page URL: https://partumdesign.com.mx/author/maricruz-partum/ associated with post_type: page and Title: "INICIO REDINMOBILIARIA" has been purged, triggered by action: save_post 
[2026-02-05 23:24:47 : INFO] - Cache for URL: https://partumdesign.com.mx/inicio-redinmobiliaria/ has been purged, triggered by action: save_post 
[2026-02-05 23:24:47 : INFO] - Cache for author page URL: https://partumdesign.com.mx/author/maricruz-partum/ associated with post_type: page and Title: "INICIO REDINMOBILIARIA" has been purged, triggered by action: save_post 
[2026-02-05 23:24:47 : INFO] - Cache for URL: https://partumdesign.com.mx/inicio-redinmobiliaria/ has been purged, triggered by action: save_post 
[2026-02-05 23:24:47 : INFO] - Cache for author page URL: https://partumdesign.com.mx/author/maricruz-partum/ associated with post_type: page and Title: "INICIO REDINMOBILIARIA" has been purged, triggered by action: save_post 
[2026-02-05 23:24:47 : INFO] - Cache for URL: https://partumdesign.com.mx/inicio-redinmobiliaria/ has been purged, triggered by action: save_post 
[2026-02-05 23:24:47 : INFO] - Cache for author page URL: https://partumdesign.com.mx/author/maricruz-partum/ associated with post_type: page and Title: "INICIO REDINMOBILIARIA" has been purged, triggered by action: save_post 
[2026-02-05 23:29:40 : INFO] - Cache for URL: https://partumdesign.com.mx/inicio-redinmobiliaria/ has been purged, triggered by action: save_post 
[2026-02-05 23:29:40 : INFO] - Cache for author page URL: https://partumdesign.com.mx/author/maricruz-partum/ associated with post_type: page and Title: "INICIO REDINMOBILIARIA" has been purged, triggered by action: save_post 
[2026-02-05 23:29:41 : INFO] - Cache for URL: https://partumdesign.com.mx/inicio-redinmobiliaria/ has been purged, triggered by action: save_post 
[2026-02-05 23:29:41 : INFO] - Cache for author page URL: https://partumdesign.com.mx/author/maricruz-partum/ associated with post_type: page and Title: "INICIO REDINMOBILIARIA" has been purged, triggered by action: save_post 
[2026-02-05 23:29:41 : INFO] - Cache for URL: https://partumdesign.com.mx/inicio-redinmobiliaria/ has been purged, triggered by action: save_post 
[2026-02-05 23:29:41 : INFO] - Cache for author page URL: https://partumdesign.com.mx/author/maricruz-partum/ associated with post_type: page and Title: "INICIO REDINMOBILIARIA" has been purged, triggered by action: save_post 
[2026-02-05 23:32:47 : INFO] - Cache for URL: https://partumdesign.com.mx/contacto-red-inmobiliaria/ has been purged, triggered by action: save_post 
[2026-02-05 23:32:47 : INFO] - Cache for author page URL: https://partumdesign.com.mx/author/maricruz-partum/ associated with post_type: page and Title: "contacto red inmobiliaria" has been purged, triggered by action: save_post 
[2026-02-05 23:32:57 : INFO] - Cache for URL: https://partumdesign.com.mx/contacto-red-inmobiliaria/ has been purged, triggered by action: save_post 
[2026-02-05 23:32:57 : INFO] - Cache for author page URL: https://partumdesign.com.mx/author/maricruz-partum/ associated with post_type: page and Title: "contacto red inmobiliaria" has been purged, triggered by action: save_post 
[2026-02-05 23:48:29 : INFO] - Cache for URL: https://partumdesign.com.mx/contacto-red-inmobiliaria/ has been purged, triggered by action: save_post 
[2026-02-05 23:48:29 : INFO] - Cache for author page URL: https://partumdesign.com.mx/author/maricruz-partum/ associated with post_type: page and Title: "contacto red inmobiliaria" has been purged, triggered by action: save_post 
[2026-02-05 23:48:30 : INFO] - Cache for URL: https://partumdesign.com.mx/contacto-red-inmobiliaria/ has been purged, triggered by action: save_post 
[2026-02-05 23:48:30 : INFO] - Cache for author page URL: https://partumdesign.com.mx/author/maricruz-partum/ associated with post_type: page and Title: "contacto red inmobiliaria" has been purged, triggered by action: save_post 
[2026-02-05 23:48:30 : INFO] - Cache for URL: https://partumdesign.com.mx/contacto-red-inmobiliaria/ has been purged, triggered by action: save_post 
[2026-02-05 23:48:30 : INFO] - Cache for author page URL: https://partumdesign.com.mx/author/maricruz-partum/ associated with post_type: page and Title: "contacto red inmobiliaria" has been purged, triggered by action: save_post 
[2026-02-05 23:52:30 : INFO] - Cache for URL: https://partumdesign.com.mx/contacto-red-inmobiliaria/ has been purged, triggered by action: save_post 
[2026-02-05 23:52:30 : INFO] - Cache for author page URL: https://partumdesign.com.mx/author/maricruz-partum/ associated with post_type: page and Title: "contacto red inmobiliaria" has been purged, triggered by action: save_post 
[2026-02-05 23:52:32 : INFO] - Cache for URL: https://partumdesign.com.mx/contacto-red-inmobiliaria/ has been purged, triggered by action: save_post 
[2026-02-05 23:52:32 : INFO] - Cache for author page URL: https://partumdesign.com.mx/author/maricruz-partum/ associated with post_type: page and Title: "contacto red inmobiliaria" has been purged, triggered by action: save_post 
[2026-02-05 23:52:34 : INFO] - Cache for URL: https://partumdesign.com.mx/contacto-red-inmobiliaria/ has been purged, triggered by action: save_post 
[2026-02-05 23:52:34 : INFO] - Cache for author page URL: https://partumdesign.com.mx/author/maricruz-partum/ associated with post_type: page and Title: "contacto red inmobiliaria" has been purged, triggered by action: save_post 
[2026-02-05 23:53:29 : INFO] - Cache for URL: https://partumdesign.com.mx/contacto-red-inmobiliaria/ has been purged, triggered by action: save_post 
[2026-02-05 23:53:29 : INFO] - Cache for author page URL: https://partumdesign.com.mx/author/maricruz-partum/ associated with post_type: page and Title: "contacto red inmobiliaria" has been purged, triggered by action: save_post 
[2026-02-05 23:53:29 : INFO] - Cache for URL: https://partumdesign.com.mx/contacto-red-inmobiliaria/ has been purged, triggered by action: save_post 
[2026-02-05 23:53:29 : INFO] - Cache for author page URL: https://partumdesign.com.mx/author/maricruz-partum/ associated with post_type: page and Title: "contacto red inmobiliaria" has been purged, triggered by action: save_post 
[2026-02-05 23:53:31 : INFO] - Cache for URL: https://partumdesign.com.mx/contacto-red-inmobiliaria/ has been purged, triggered by action: save_post 
[2026-02-05 23:53:31 : INFO] - Cache for author page URL: https://partumdesign.com.mx/author/maricruz-partum/ associated with post_type: page and Title: "contacto red inmobiliaria" has been purged, triggered by action: save_post 
[2026-02-06 17:05:37 : INFO] - Cache for URL: https://partumdesign.com.mx/inicio-redinmobiliaria/ has been purged, triggered by action: save_post 
[2026-02-06 17:05:37 : INFO] - Cache for author page URL: https://partumdesign.com.mx/author/maricruz-partum/ associated with post_type: page and Title: "INICIO REDINMOBILIARIA" has been purged, triggered by action: save_post 
[2026-02-06 17:05:39 : INFO] - Cache for URL: https://partumdesign.com.mx/inicio-redinmobiliaria/ has been purged, triggered by action: save_post 
[2026-02-06 17:05:39 : INFO] - Cache for author page URL: https://partumdesign.com.mx/author/maricruz-partum/ associated with post_type: page and Title: "INICIO REDINMOBILIARIA" has been purged, triggered by action: save_post 
[2026-02-06 17:05:39 : INFO] - Cache for URL: https://partumdesign.com.mx/inicio-redinmobiliaria/ has been purged, triggered by action: save_post 
[2026-02-06 17:05:39 : INFO] - Cache for author page URL: https://partumdesign.com.mx/author/maricruz-partum/ associated with post_type: page and Title: "INICIO REDINMOBILIARIA" has been purged, triggered by action: save_post 
[2026-02-06 17:12:08 : INFO] - Cache for URL: https://partumdesign.com.mx/inicio-redinmobiliaria/ has been purged, triggered by action: save_post 
[2026-02-06 17:12:08 : INFO] - Cache for author page URL: https://partumdesign.com.mx/author/maricruz-partum/ associated with post_type: page and Title: "INICIO REDINMOBILIARIA" has been purged, triggered by action: save_post 
[2026-02-06 17:12:09 : INFO] - Cache for URL: https://partumdesign.com.mx/inicio-redinmobiliaria/ has been purged, triggered by action: save_post 
[2026-02-06 17:12:09 : INFO] - Cache for author page URL: https://partumdesign.com.mx/author/maricruz-partum/ associated with post_type: page and Title: "INICIO REDINMOBILIARIA" has been purged, triggered by action: save_post 
[2026-02-06 17:12:09 : INFO] - Cache for URL: https://partumdesign.com.mx/inicio-redinmobiliaria/ has been purged, triggered by action: save_post 
[2026-02-06 17:12:09 : INFO] - Cache for author page URL: https://partumdesign.com.mx/author/maricruz-partum/ associated with post_type: page and Title: "INICIO REDINMOBILIARIA" has been purged, triggered by action: save_post 
[2026-02-06 17:13:55 : INFO] - Cache for URL: https://partumdesign.com.mx/inicio-redinmobiliaria/ has been purged, triggered by action: save_post 
[2026-02-06 17:13:55 : INFO] - Cache for author page URL: https://partumdesign.com.mx/author/maricruz-partum/ associated with post_type: page and Title: "INICIO REDINMOBILIARIA" has been purged, triggered by action: save_post 
[2026-02-06 17:13:55 : INFO] - Cache for URL: https://partumdesign.com.mx/inicio-redinmobiliaria/ has been purged, triggered by action: save_post 
[2026-02-06 17:13:55 : INFO] - Cache for author page URL: https://partumdesign.com.mx/author/maricruz-partum/ associated with post_type: page and Title: "INICIO REDINMOBILIARIA" has been purged, triggered by action: save_post 
[2026-02-06 17:13:55 : INFO] - Cache for URL: https://partumdesign.com.mx/inicio-redinmobiliaria/ has been purged, triggered by action: save_post 
[2026-02-06 17:13:55 : INFO] - Cache for author page URL: https://partumdesign.com.mx/author/maricruz-partum/ associated with post_type: page and Title: "INICIO REDINMOBILIARIA" has been purged, triggered by action: save_post 
[2026-02-06 17:26:14 : INFO] - Cache for URL: https://partumdesign.com.mx/inicio-redinmobiliaria/ has been purged, triggered by action: save_post 
[2026-02-06 17:26:14 : INFO] - Cache for author page URL: https://partumdesign.com.mx/author/maricruz-partum/ associated with post_type: page and Title: "INICIO REDINMOBILIARIA" has been purged, triggered by action: save_post 
[2026-02-06 17:26:14 : INFO] - Cache for URL: https://partumdesign.com.mx/inicio-redinmobiliaria/ has been purged, triggered by action: save_post 
[2026-02-06 17:26:14 : INFO] - Cache for author page URL: https://partumdesign.com.mx/author/maricruz-partum/ associated with post_type: page and Title: "INICIO REDINMOBILIARIA" has been purged, triggered by action: save_post 
[2026-02-06 17:26:15 : INFO] - Cache for URL: https://partumdesign.com.mx/inicio-redinmobiliaria/ has been purged, triggered by action: save_post 
[2026-02-06 17:26:15 : INFO] - Cache for author page URL: https://partumdesign.com.mx/author/maricruz-partum/ associated with post_type: page and Title: "INICIO REDINMOBILIARIA" has been purged, triggered by action: save_post 
[2026-02-06 17:38:25 : INFO] - Cache for URL: https://partumdesign.com.mx/inicio-redinmobiliaria/ has been purged, triggered by action: save_post 
[2026-02-06 17:38:25 : INFO] - Cache for author page URL: https://partumdesign.com.mx/author/maricruz-partum/ associated with post_type: page and Title: "INICIO REDINMOBILIARIA" has been purged, triggered by action: save_post 
[2026-02-06 17:38:25 : INFO] - Cache for URL: https://partumdesign.com.mx/inicio-redinmobiliaria/ has been purged, triggered by action: save_post 
[2026-02-06 17:38:25 : INFO] - Cache for author page URL: https://partumdesign.com.mx/author/maricruz-partum/ associated with post_type: page and Title: "INICIO REDINMOBILIARIA" has been purged, triggered by action: save_post 
[2026-02-06 17:38:25 : INFO] - Cache for URL: https://partumdesign.com.mx/inicio-redinmobiliaria/ has been purged, triggered by action: save_post 
[2026-02-06 17:38:25 : INFO] - Cache for author page URL: https://partumdesign.com.mx/author/maricruz-partum/ associated with post_type: page and Title: "INICIO REDINMOBILIARIA" has been purged, triggered by action: save_post 
[2026-02-06 17:49:42 : INFO] - Cache for URL: https://partumdesign.com.mx/inicio-redinmobiliaria/ has been purged, triggered by action: save_post 
[2026-02-06 17:49:42 : INFO] - Cache for author page URL: https://partumdesign.com.mx/author/maricruz-partum/ associated with post_type: page and Title: "INICIO REDINMOBILIARIA" has been purged, triggered by action: save_post 
[2026-02-06 17:49:43 : INFO] - Cache for URL: https://partumdesign.com.mx/inicio-redinmobiliaria/ has been purged, triggered by action: save_post 
[2026-02-06 17:49:43 : INFO] - Cache for author page URL: https://partumdesign.com.mx/author/maricruz-partum/ associated with post_type: page and Title: "INICIO REDINMOBILIARIA" has been purged, triggered by action: save_post 
[2026-02-06 17:49:43 : INFO] - Cache for URL: https://partumdesign.com.mx/inicio-redinmobiliaria/ has been purged, triggered by action: save_post 
[2026-02-06 17:49:43 : INFO] - Cache for author page URL: https://partumdesign.com.mx/author/maricruz-partum/ associated with post_type: page and Title: "INICIO REDINMOBILIARIA" has been purged, triggered by action: save_post 
[2026-02-06 17:55:13 : INFO] - Cache for URL: https://partumdesign.com.mx/inicio-redinmobiliaria/ has been purged, triggered by action: save_post 
[2026-02-06 17:55:13 : INFO] - Cache for author page URL: https://partumdesign.com.mx/author/maricruz-partum/ associated with post_type: page and Title: "INICIO REDINMOBILIARIA" has been purged, triggered by action: save_post 
[2026-02-06 17:55:15 : INFO] - Cache for URL: https://partumdesign.com.mx/inicio-redinmobiliaria/ has been purged, triggered by action: save_post 
[2026-02-06 17:55:15 : INFO] - Cache for author page URL: https://partumdesign.com.mx/author/maricruz-partum/ associated with post_type: page and Title: "INICIO REDINMOBILIARIA" has been purged, triggered by action: save_post 
[2026-02-06 17:55:17 : INFO] - Cache for URL: https://partumdesign.com.mx/inicio-redinmobiliaria/ has been purged, triggered by action: save_post 
[2026-02-06 17:55:17 : INFO] - Cache for author page URL: https://partumdesign.com.mx/author/maricruz-partum/ associated with post_type: page and Title: "INICIO REDINMOBILIARIA" has been purged, triggered by action: save_post 
[2026-02-06 17:58:29 : INFO] - Cache for URL: https://partumdesign.com.mx/inicio-redinmobiliaria/ has been purged, triggered by action: save_post 
[2026-02-06 17:58:29 : INFO] - Cache for author page URL: https://partumdesign.com.mx/author/maricruz-partum/ associated with post_type: page and Title: "INICIO REDINMOBILIARIA" has been purged, triggered by action: save_post 
[2026-02-06 17:58:29 : INFO] - Cache for URL: https://partumdesign.com.mx/inicio-redinmobiliaria/ has been purged, triggered by action: save_post 
[2026-02-06 17:58:29 : INFO] - Cache for author page URL: https://partumdesign.com.mx/author/maricruz-partum/ associated with post_type: page and Title: "INICIO REDINMOBILIARIA" has been purged, triggered by action: save_post 
[2026-02-06 17:58:30 : INFO] - Cache for URL: https://partumdesign.com.mx/inicio-redinmobiliaria/ has been purged, triggered by action: save_post 
[2026-02-06 17:58:30 : INFO] - Cache for author page URL: https://partumdesign.com.mx/author/maricruz-partum/ associated with post_type: page and Title: "INICIO REDINMOBILIARIA" has been purged, triggered by action: save_post 
[2026-02-06 18:12:26 : INFO] - Cache for URL: https://partumdesign.com.mx/inicio-redinmobiliaria/ has been purged, triggered by action: save_post 
[2026-02-06 18:12:26 : INFO] - Cache for author page URL: https://partumdesign.com.mx/author/maricruz-partum/ associated with post_type: page and Title: "INICIO REDINMOBILIARIA" has been purged, triggered by action: save_post 
[2026-02-06 18:12:28 : INFO] - Cache for URL: https://partumdesign.com.mx/inicio-redinmobiliaria/ has been purged, triggered by action: save_post 
[2026-02-06 18:12:28 : INFO] - Cache for author page URL: https://partumdesign.com.mx/author/maricruz-partum/ associated with post_type: page and Title: "INICIO REDINMOBILIARIA" has been purged, triggered by action: save_post 
[2026-02-06 18:12:28 : INFO] - Cache for URL: https://partumdesign.com.mx/inicio-redinmobiliaria/ has been purged, triggered by action: save_post 
[2026-02-06 18:12:28 : INFO] - Cache for author page URL: https://partumdesign.com.mx/author/maricruz-partum/ associated with post_type: page and Title: "INICIO REDINMOBILIARIA" has been purged, triggered by action: save_post 
[2026-02-06 18:22:05 : INFO] - Cache for URL: https://partumdesign.com.mx/inicio-redinmobiliaria/ has been purged, triggered by action: save_post 
[2026-02-06 18:22:05 : INFO] - Cache for author page URL: https://partumdesign.com.mx/author/maricruz-partum/ associated with post_type: page and Title: "INICIO REDINMOBILIARIA" has been purged, triggered by action: save_post 
[2026-02-06 18:22:05 : INFO] - Cache for URL: https://partumdesign.com.mx/inicio-redinmobiliaria/ has been purged, triggered by action: save_post 
[2026-02-06 18:22:05 : INFO] - Cache for author page URL: https://partumdesign.com.mx/author/maricruz-partum/ associated with post_type: page and Title: "INICIO REDINMOBILIARIA" has been purged, triggered by action: save_post 
[2026-02-06 18:22:06 : INFO] - Cache for URL: https://partumdesign.com.mx/inicio-redinmobiliaria/ has been purged, triggered by action: save_post 
[2026-02-06 18:22:06 : INFO] - Cache for author page URL: https://partumdesign.com.mx/author/maricruz-partum/ associated with post_type: page and Title: "INICIO REDINMOBILIARIA" has been purged, triggered by action: save_post 
[2026-02-06 18:24:24 : INFO] - Cache for URL: https://partumdesign.com.mx/inicio-redinmobiliaria/ has been purged, triggered by action: save_post 
[2026-02-06 18:24:24 : INFO] - Cache for author page URL: https://partumdesign.com.mx/author/maricruz-partum/ associated with post_type: page and Title: "INICIO REDINMOBILIARIA" has been purged, triggered by action: save_post 
[2026-02-06 18:24:25 : INFO] - Cache for URL: https://partumdesign.com.mx/inicio-redinmobiliaria/ has been purged, triggered by action: save_post 
[2026-02-06 18:24:25 : INFO] - Cache for author page URL: https://partumdesign.com.mx/author/maricruz-partum/ associated with post_type: page and Title: "INICIO REDINMOBILIARIA" has been purged, triggered by action: save_post 
[2026-02-06 18:24:25 : INFO] - Cache for URL: https://partumdesign.com.mx/inicio-redinmobiliaria/ has been purged, triggered by action: save_post 
[2026-02-06 18:24:25 : INFO] - Cache for author page URL: https://partumdesign.com.mx/author/maricruz-partum/ associated with post_type: page and Title: "INICIO REDINMOBILIARIA" has been purged, triggered by action: save_post 
[2026-02-06 18:26:32 : INFO] - Cache for URL: https://partumdesign.com.mx/inicio-redinmobiliaria/ has been purged, triggered by action: save_post 
[2026-02-06 18:26:32 : INFO] - Cache for author page URL: https://partumdesign.com.mx/author/maricruz-partum/ associated with post_type: page and Title: "INICIO REDINMOBILIARIA" has been purged, triggered by action: save_post 
[2026-02-06 18:26:32 : INFO] - Cache for URL: https://partumdesign.com.mx/inicio-redinmobiliaria/ has been purged, triggered by action: save_post 
[2026-02-06 18:26:32 : INFO] - Cache for author page URL: https://partumdesign.com.mx/author/maricruz-partum/ associated with post_type: page and Title: "INICIO REDINMOBILIARIA" has been purged, triggered by action: save_post 
[2026-02-06 18:26:32 : INFO] - Cache for URL: https://partumdesign.com.mx/inicio-redinmobiliaria/ has been purged, triggered by action: save_post 
[2026-02-06 18:26:32 : INFO] - Cache for author page URL: https://partumdesign.com.mx/author/maricruz-partum/ associated with post_type: page and Title: "INICIO REDINMOBILIARIA" has been purged, triggered by action: save_post 
[2026-02-06 18:27:30 : INFO] - Cache for URL: https://partumdesign.com.mx/inicio-redinmobiliaria/ has been purged, triggered by action: save_post 
[2026-02-06 18:27:30 : INFO] - Cache for author page URL: https://partumdesign.com.mx/author/maricruz-partum/ associated with post_type: page and Title: "INICIO REDINMOBILIARIA" has been purged, triggered by action: save_post 
[2026-02-06 18:27:30 : INFO] - Cache for URL: https://partumdesign.com.mx/inicio-redinmobiliaria/ has been purged, triggered by action: save_post 
[2026-02-06 18:27:30 : INFO] - Cache for author page URL: https://partumdesign.com.mx/author/maricruz-partum/ associated with post_type: page and Title: "INICIO REDINMOBILIARIA" has been purged, triggered by action: save_post 
[2026-02-06 18:27:30 : INFO] - Cache for URL: https://partumdesign.com.mx/inicio-redinmobiliaria/ has been purged, triggered by action: save_post 
[2026-02-06 18:27:30 : INFO] - Cache for author page URL: https://partumdesign.com.mx/author/maricruz-partum/ associated with post_type: page and Title: "INICIO REDINMOBILIARIA" has been purged, triggered by action: save_post 
[2026-02-06 18:29:06 : INFO] - Cache for URL: https://partumdesign.com.mx/inicio-redinmobiliaria/ has been purged, triggered by action: save_post 
[2026-02-06 18:29:06 : INFO] - Cache for author page URL: https://partumdesign.com.mx/author/maricruz-partum/ associated with post_type: page and Title: "INICIO REDINMOBILIARIA" has been purged, triggered by action: save_post 
[2026-02-06 18:29:09 : INFO] - Cache for URL: https://partumdesign.com.mx/inicio-redinmobiliaria/ has been purged, triggered by action: save_post 
[2026-02-06 18:29:09 : INFO] - Cache for author page URL: https://partumdesign.com.mx/author/maricruz-partum/ associated with post_type: page and Title: "INICIO REDINMOBILIARIA" has been purged, triggered by action: save_post 
[2026-02-06 18:29:11 : INFO] - Cache for URL: https://partumdesign.com.mx/inicio-redinmobiliaria/ has been purged, triggered by action: save_post 
[2026-02-06 18:29:11 : INFO] - Cache for author page URL: https://partumdesign.com.mx/author/maricruz-partum/ associated with post_type: page and Title: "INICIO REDINMOBILIARIA" has been purged, triggered by action: save_post 
[2026-02-06 18:31:51 : INFO] - Cache for URL: https://partumdesign.com.mx/inicio-redinmobiliaria/ has been purged, triggered by action: save_post 
[2026-02-06 18:31:51 : INFO] - Cache for author page URL: https://partumdesign.com.mx/author/maricruz-partum/ associated with post_type: page and Title: "INICIO REDINMOBILIARIA" has been purged, triggered by action: save_post 
[2026-02-06 18:31:53 : INFO] - Cache for URL: https://partumdesign.com.mx/inicio-redinmobiliaria/ has been purged, triggered by action: save_post 
[2026-02-06 18:31:53 : INFO] - Cache for author page URL: https://partumdesign.com.mx/author/maricruz-partum/ associated with post_type: page and Title: "INICIO REDINMOBILIARIA" has been purged, triggered by action: save_post 
[2026-02-06 18:31:53 : INFO] - Cache for URL: https://partumdesign.com.mx/inicio-redinmobiliaria/ has been purged, triggered by action: save_post 
[2026-02-06 18:31:53 : INFO] - Cache for author page URL: https://partumdesign.com.mx/author/maricruz-partum/ associated with post_type: page and Title: "INICIO REDINMOBILIARIA" has been purged, triggered by action: save_post 
[2026-02-06 18:33:30 : INFO] - Cache for URL: https://partumdesign.com.mx/inicio-redinmobiliaria/ has been purged, triggered by action: save_post 
[2026-02-06 18:33:30 : INFO] - Cache for author page URL: https://partumdesign.com.mx/author/maricruz-partum/ associated with post_type: page and Title: "INICIO REDINMOBILIARIA" has been purged, triggered by action: save_post 
[2026-02-06 18:33:30 : INFO] - Cache for URL: https://partumdesign.com.mx/inicio-redinmobiliaria/ has been purged, triggered by action: save_post 
[2026-02-06 18:33:30 : INFO] - Cache for author page URL: https://partumdesign.com.mx/author/maricruz-partum/ associated with post_type: page and Title: "INICIO REDINMOBILIARIA" has been purged, triggered by action: save_post 
[2026-02-06 18:33:31 : INFO] - Cache for URL: https://partumdesign.com.mx/inicio-redinmobiliaria/ has been purged, triggered by action: save_post 
[2026-02-06 18:33:31 : INFO] - Cache for author page URL: https://partumdesign.com.mx/author/maricruz-partum/ associated with post_type: page and Title: "INICIO REDINMOBILIARIA" has been purged, triggered by action: save_post 
[2026-02-06 18:36:35 : INFO] - Cache for URL: https://partumdesign.com.mx/inicio-redinmobiliaria/ has been purged, triggered by action: save_post 
[2026-02-06 18:36:35 : INFO] - Cache for author page URL: https://partumdesign.com.mx/author/maricruz-partum/ associated with post_type: page and Title: "INICIO REDINMOBILIARIA" has been purged, triggered by action: save_post 
[2026-02-06 18:36:36 : INFO] - Cache for URL: https://partumdesign.com.mx/inicio-redinmobiliaria/ has been purged, triggered by action: save_post 
[2026-02-06 18:36:36 : INFO] - Cache for author page URL: https://partumdesign.com.mx/author/maricruz-partum/ associated with post_type: page and Title: "INICIO REDINMOBILIARIA" has been purged, triggered by action: save_post 
[2026-02-06 18:36:36 : INFO] - Cache for URL: https://partumdesign.com.mx/inicio-redinmobiliaria/ has been purged, triggered by action: save_post 
[2026-02-06 18:36:36 : INFO] - Cache for author page URL: https://partumdesign.com.mx/author/maricruz-partum/ associated with post_type: page and Title: "INICIO REDINMOBILIARIA" has been purged, triggered by action: save_post 
[2026-02-06 18:37:31 : INFO] - Cache for URL: https://partumdesign.com.mx/inicio-redinmobiliaria/ has been purged, triggered by action: save_post 
[2026-02-06 18:37:31 : INFO] - Cache for author page URL: https://partumdesign.com.mx/author/maricruz-partum/ associated with post_type: page and Title: "INICIO REDINMOBILIARIA" has been purged, triggered by action: save_post 
[2026-02-06 18:37:32 : INFO] - Cache for URL: https://partumdesign.com.mx/inicio-redinmobiliaria/ has been purged, triggered by action: save_post 
[2026-02-06 18:37:32 : INFO] - Cache for author page URL: https://partumdesign.com.mx/author/maricruz-partum/ associated with post_type: page and Title: "INICIO REDINMOBILIARIA" has been purged, triggered by action: save_post 
[2026-02-06 18:37:32 : INFO] - Cache for URL: https://partumdesign.com.mx/inicio-redinmobiliaria/ has been purged, triggered by action: save_post 
[2026-02-06 18:37:32 : INFO] - Cache for author page URL: https://partumdesign.com.mx/author/maricruz-partum/ associated with post_type: page and Title: "INICIO REDINMOBILIARIA" has been purged, triggered by action: save_post 
[2026-02-06 19:04:41 : INFO] - Cache for URL: https://partumdesign.com.mx/inicio-redinmobiliaria/ has been purged, triggered by action: save_post 
[2026-02-06 19:04:41 : INFO] - Cache for author page URL: https://partumdesign.com.mx/author/maricruz-partum/ associated with post_type: page and Title: "INICIO REDINMOBILIARIA" has been purged, triggered by action: save_post 
[2026-02-06 19:04:41 : INFO] - Cache for URL: https://partumdesign.com.mx/inicio-redinmobiliaria/ has been purged, triggered by action: save_post 
[2026-02-06 19:04:41 : INFO] - Cache for author page URL: https://partumdesign.com.mx/author/maricruz-partum/ associated with post_type: page and Title: "INICIO REDINMOBILIARIA" has been purged, triggered by action: save_post 
[2026-02-06 19:04:41 : INFO] - Cache for URL: https://partumdesign.com.mx/inicio-redinmobiliaria/ has been purged, triggered by action: save_post 
[2026-02-06 19:04:41 : INFO] - Cache for author page URL: https://partumdesign.com.mx/author/maricruz-partum/ associated with post_type: page and Title: "INICIO REDINMOBILIARIA" has been purged, triggered by action: save_post 
[2026-02-06 19:38:01 : INFO] - Cache for URL: https://partumdesign.com.mx/contacto-red-inmobiliaria/ has been purged, triggered by action: save_post 
[2026-02-06 19:38:01 : INFO] - Cache for author page URL: https://partumdesign.com.mx/author/maricruz-partum/ associated with post_type: page and Title: "contacto red inmobiliaria" has been purged, triggered by action: save_post 
[2026-02-06 19:38:02 : INFO] - Cache for URL: https://partumdesign.com.mx/contacto-red-inmobiliaria/ has been purged, triggered by action: save_post 
[2026-02-06 19:38:02 : INFO] - Cache for author page URL: https://partumdesign.com.mx/author/maricruz-partum/ associated with post_type: page and Title: "contacto red inmobiliaria" has been purged, triggered by action: save_post 
[2026-02-06 19:38:03 : INFO] - Cache for URL: https://partumdesign.com.mx/contacto-red-inmobiliaria/ has been purged, triggered by action: save_post 
[2026-02-06 19:38:03 : INFO] - Cache for author page URL: https://partumdesign.com.mx/author/maricruz-partum/ associated with post_type: page and Title: "contacto red inmobiliaria" has been purged, triggered by action: save_post 
[2026-02-06 19:46:05 : INFO] - Cache for URL: https://partumdesign.com.mx/contacto-red-inmobiliaria/ has been purged, triggered by action: save_post 
[2026-02-06 19:46:05 : INFO] - Cache for author page URL: https://partumdesign.com.mx/author/maricruz-partum/ associated with post_type: page and Title: "contacto red inmobiliaria" has been purged, triggered by action: save_post 
[2026-02-06 19:46:07 : INFO] - Cache for URL: https://partumdesign.com.mx/contacto-red-inmobiliaria/ has been purged, triggered by action: save_post 
[2026-02-06 19:46:07 : INFO] - Cache for author page URL: https://partumdesign.com.mx/author/maricruz-partum/ associated with post_type: page and Title: "contacto red inmobiliaria" has been purged, triggered by action: save_post 
[2026-02-06 19:46:08 : INFO] - Cache for URL: https://partumdesign.com.mx/contacto-red-inmobiliaria/ has been purged, triggered by action: save_post 
[2026-02-06 19:46:08 : INFO] - Cache for author page URL: https://partumdesign.com.mx/author/maricruz-partum/ associated with post_type: page and Title: "contacto red inmobiliaria" has been purged, triggered by action: save_post 
[2026-02-06 19:50:40 : INFO] - Cache for URL: https://partumdesign.com.mx/contacto-red-inmobiliaria/ has been purged, triggered by action: save_post 
[2026-02-06 19:50:40 : INFO] - Cache for author page URL: https://partumdesign.com.mx/author/maricruz-partum/ associated with post_type: page and Title: "contacto red inmobiliaria" has been purged, triggered by action: save_post 
[2026-02-06 19:50:40 : INFO] - Cache for URL: https://partumdesign.com.mx/contacto-red-inmobiliaria/ has been purged, triggered by action: save_post 
[2026-02-06 19:50:40 : INFO] - Cache for author page URL: https://partumdesign.com.mx/author/maricruz-partum/ associated with post_type: page and Title: "contacto red inmobiliaria" has been purged, triggered by action: save_post 
[2026-02-06 19:50:40 : INFO] - Cache for URL: https://partumdesign.com.mx/contacto-red-inmobiliaria/ has been purged, triggered by action: save_post 
[2026-02-06 19:50:40 : INFO] - Cache for author page URL: https://partumdesign.com.mx/author/maricruz-partum/ associated with post_type: page and Title: "contacto red inmobiliaria" has been purged, triggered by action: save_post 
[2026-02-06 19:52:59 : INFO] - Cache for URL: https://partumdesign.com.mx/contacto-red-inmobiliaria/ has been purged, triggered by action: save_post 
[2026-02-06 19:52:59 : INFO] - Cache for author page URL: https://partumdesign.com.mx/author/maricruz-partum/ associated with post_type: page and Title: "contacto red inmobiliaria" has been purged, triggered by action: save_post 
[2026-02-06 19:52:59 : INFO] - Cache for URL: https://partumdesign.com.mx/contacto-red-inmobiliaria/ has been purged, triggered by action: save_post 
[2026-02-06 19:52:59 : INFO] - Cache for author page URL: https://partumdesign.com.mx/author/maricruz-partum/ associated with post_type: page and Title: "contacto red inmobiliaria" has been purged, triggered by action: save_post 
[2026-02-06 19:52:59 : INFO] - Cache for URL: https://partumdesign.com.mx/contacto-red-inmobiliaria/ has been purged, triggered by action: save_post 
[2026-02-06 19:52:59 : INFO] - Cache for author page URL: https://partumdesign.com.mx/author/maricruz-partum/ associated with post_type: page and Title: "contacto red inmobiliaria" has been purged, triggered by action: save_post 
[2026-02-06 19:56:52 : INFO] - Cache for URL: https://partumdesign.com.mx/contacto-red-inmobiliaria/ has been purged, triggered by action: save_post 
[2026-02-06 19:56:52 : INFO] - Cache for author page URL: https://partumdesign.com.mx/author/maricruz-partum/ associated with post_type: page and Title: "contacto red inmobiliaria" has been purged, triggered by action: save_post 
[2026-02-06 19:56:53 : INFO] - Cache for URL: https://partumdesign.com.mx/contacto-red-inmobiliaria/ has been purged, triggered by action: save_post 
[2026-02-06 19:56:53 : INFO] - Cache for author page URL: https://partumdesign.com.mx/author/maricruz-partum/ associated with post_type: page and Title: "contacto red inmobiliaria" has been purged, triggered by action: save_post 
[2026-02-06 19:56:54 : INFO] - Cache for URL: https://partumdesign.com.mx/contacto-red-inmobiliaria/ has been purged, triggered by action: save_post 
[2026-02-06 19:56:54 : INFO] - Cache for author page URL: https://partumdesign.com.mx/author/maricruz-partum/ associated with post_type: page and Title: "contacto red inmobiliaria" has been purged, triggered by action: save_post 
[2026-02-06 20:21:31 : INFO] - Cache for URL: https://partumdesign.com.mx/contacto-red-inmobiliaria/ has been purged, triggered by action: save_post 
[2026-02-06 20:21:31 : INFO] - Cache for author page URL: https://partumdesign.com.mx/author/maricruz-partum/ associated with post_type: page and Title: "contacto red inmobiliaria" has been purged, triggered by action: save_post 
[2026-02-06 20:21:33 : INFO] - Cache for URL: https://partumdesign.com.mx/contacto-red-inmobiliaria/ has been purged, triggered by action: save_post 
[2026-02-06 20:21:33 : INFO] - Cache for author page URL: https://partumdesign.com.mx/author/maricruz-partum/ associated with post_type: page and Title: "contacto red inmobiliaria" has been purged, triggered by action: save_post 
[2026-02-06 20:21:34 : INFO] - Cache for URL: https://partumdesign.com.mx/contacto-red-inmobiliaria/ has been purged, triggered by action: save_post 
[2026-02-06 20:21:34 : INFO] - Cache for author page URL: https://partumdesign.com.mx/author/maricruz-partum/ associated with post_type: page and Title: "contacto red inmobiliaria" has been purged, triggered by action: save_post 
[2026-02-06 20:30:26 : INFO] - Cache for URL: https://partumdesign.com.mx/contacto-red-inmobiliaria/ has been purged, triggered by action: save_post 
[2026-02-06 20:30:26 : INFO] - Cache for author page URL: https://partumdesign.com.mx/author/maricruz-partum/ associated with post_type: page and Title: "contacto red inmobiliaria" has been purged, triggered by action: save_post 
[2026-02-06 20:30:27 : INFO] - Cache for URL: https://partumdesign.com.mx/contacto-red-inmobiliaria/ has been purged, triggered by action: save_post 
[2026-02-06 20:30:27 : INFO] - Cache for author page URL: https://partumdesign.com.mx/author/maricruz-partum/ associated with post_type: page and Title: "contacto red inmobiliaria" has been purged, triggered by action: save_post 
[2026-02-06 20:30:28 : INFO] - Cache for URL: https://partumdesign.com.mx/contacto-red-inmobiliaria/ has been purged, triggered by action: save_post 
[2026-02-06 20:30:28 : INFO] - Cache for author page URL: https://partumdesign.com.mx/author/maricruz-partum/ associated with post_type: page and Title: "contacto red inmobiliaria" has been purged, triggered by action: save_post 
[2026-02-06 20:31:43 : INFO] - Cache for URL: https://partumdesign.com.mx/servicios-redinmobiliaria/ has been purged, triggered by action: save_post 
[2026-02-06 20:31:43 : INFO] - Cache for author page URL: https://partumdesign.com.mx/author/maricruz-partum/ associated with post_type: page and Title: "Servicios REDinmobiliaria" has been purged, triggered by action: save_post 
[2026-02-06 20:31:49 : INFO] - Cache for URL: https://partumdesign.com.mx/servicios-redinmobiliaria/ has been purged, triggered by action: save_post 
[2026-02-06 20:31:49 : INFO] - Cache for author page URL: https://partumdesign.com.mx/author/maricruz-partum/ associated with post_type: page and Title: "Servicios REDinmobiliaria" has been purged, triggered by action: save_post 
[2026-02-06 20:43:38 : INFO] - Cache for URL: https://partumdesign.com.mx/servicios-redinmobiliaria/ has been purged, triggered by action: save_post 
[2026-02-06 20:43:38 : INFO] - Cache for author page URL: https://partumdesign.com.mx/author/maricruz-partum/ associated with post_type: page and Title: "Servicios REDinmobiliaria" has been purged, triggered by action: save_post 
[2026-02-06 20:43:40 : INFO] - Cache for URL: https://partumdesign.com.mx/servicios-redinmobiliaria/ has been purged, triggered by action: save_post 
[2026-02-06 20:43:40 : INFO] - Cache for author page URL: https://partumdesign.com.mx/author/maricruz-partum/ associated with post_type: page and Title: "Servicios REDinmobiliaria" has been purged, triggered by action: save_post 
[2026-02-06 20:43:41 : INFO] - Cache for URL: https://partumdesign.com.mx/servicios-redinmobiliaria/ has been purged, triggered by action: save_post 
[2026-02-06 20:43:41 : INFO] - Cache for author page URL: https://partumdesign.com.mx/author/maricruz-partum/ associated with post_type: page and Title: "Servicios REDinmobiliaria" has been purged, triggered by action: save_post 
[2026-02-06 20:51:08 : INFO] - Cache for URL: https://partumdesign.com.mx/servicios-redinmobiliaria/ has been purged, triggered by action: save_post 
[2026-02-06 20:51:08 : INFO] - Cache for author page URL: https://partumdesign.com.mx/author/maricruz-partum/ associated with post_type: page and Title: "Servicios REDinmobiliaria" has been purged, triggered by action: save_post 
[2026-02-06 20:51:09 : INFO] - Cache for URL: https://partumdesign.com.mx/servicios-redinmobiliaria/ has been purged, triggered by action: save_post 
[2026-02-06 20:51:09 : INFO] - Cache for author page URL: https://partumdesign.com.mx/author/maricruz-partum/ associated with post_type: page and Title: "Servicios REDinmobiliaria" has been purged, triggered by action: save_post 
[2026-02-06 20:51:10 : INFO] - Cache for URL: https://partumdesign.com.mx/servicios-redinmobiliaria/ has been purged, triggered by action: save_post 
[2026-02-06 20:51:10 : INFO] - Cache for author page URL: https://partumdesign.com.mx/author/maricruz-partum/ associated with post_type: page and Title: "Servicios REDinmobiliaria" has been purged, triggered by action: save_post 
[2026-02-06 20:54:44 : INFO] - Cache for URL: https://partumdesign.com.mx/servicios-redinmobiliaria/ has been purged, triggered by action: save_post 
[2026-02-06 20:54:44 : INFO] - Cache for author page URL: https://partumdesign.com.mx/author/maricruz-partum/ associated with post_type: page and Title: "Servicios REDinmobiliaria" has been purged, triggered by action: save_post 
[2026-02-06 20:54:46 : INFO] - Cache for URL: https://partumdesign.com.mx/servicios-redinmobiliaria/ has been purged, triggered by action: save_post 
[2026-02-06 20:54:46 : INFO] - Cache for author page URL: https://partumdesign.com.mx/author/maricruz-partum/ associated with post_type: page and Title: "Servicios REDinmobiliaria" has been purged, triggered by action: save_post 
[2026-02-06 20:54:49 : INFO] - Cache for URL: https://partumdesign.com.mx/servicios-redinmobiliaria/ has been purged, triggered by action: save_post 
[2026-02-06 20:54:49 : INFO] - Cache for author page URL: https://partumdesign.com.mx/author/maricruz-partum/ associated with post_type: page and Title: "Servicios REDinmobiliaria" has been purged, triggered by action: save_post 
[2026-02-06 23:52:43 : INFO] - Cache for URL: https://partumdesign.com.mx/servicios-redinmobiliaria/ has been purged, triggered by action: save_post 
[2026-02-06 23:52:43 : INFO] - Cache for author page URL: https://partumdesign.com.mx/author/maricruz-partum/ associated with post_type: page and Title: "Servicios REDinmobiliaria" has been purged, triggered by action: save_post 
[2026-02-06 23:52:43 : INFO] - Cache for URL: https://partumdesign.com.mx/servicios-redinmobiliaria/ has been purged, triggered by action: save_post 
[2026-02-06 23:52:43 : INFO] - Cache for author page URL: https://partumdesign.com.mx/author/maricruz-partum/ associated with post_type: page and Title: "Servicios REDinmobiliaria" has been purged, triggered by action: save_post 
[2026-02-06 23:52:43 : INFO] - Cache for URL: https://partumdesign.com.mx/servicios-redinmobiliaria/ has been purged, triggered by action: save_post 
[2026-02-06 23:52:43 : INFO] - Cache for author page URL: https://partumdesign.com.mx/author/maricruz-partum/ associated with post_type: page and Title: "Servicios REDinmobiliaria" has been purged, triggered by action: save_post 
[2026-02-06 23:53:40 : INFO] - Cache for URL: https://partumdesign.com.mx/servicios-redinmobiliaria/ has been purged, triggered by action: save_post 
[2026-02-06 23:53:40 : INFO] - Cache for author page URL: https://partumdesign.com.mx/author/maricruz-partum/ associated with post_type: page and Title: "Servicios REDinmobiliaria" has been purged, triggered by action: save_post 
[2026-02-06 23:53:41 : INFO] - Cache for URL: https://partumdesign.com.mx/servicios-redinmobiliaria/ has been purged, triggered by action: save_post 
[2026-02-06 23:53:41 : INFO] - Cache for author page URL: https://partumdesign.com.mx/author/maricruz-partum/ associated with post_type: page and Title: "Servicios REDinmobiliaria" has been purged, triggered by action: save_post 
[2026-02-06 23:53:42 : INFO] - Cache for URL: https://partumdesign.com.mx/servicios-redinmobiliaria/ has been purged, triggered by action: save_post 
[2026-02-06 23:53:42 : INFO] - Cache for author page URL: https://partumdesign.com.mx/author/maricruz-partum/ associated with post_type: page and Title: "Servicios REDinmobiliaria" has been purged, triggered by action: save_post 
[2026-02-07 00:03:11 : INFO] - Cache for URL: https://partumdesign.com.mx/servicios-redinmobiliaria/ has been purged, triggered by action: save_post 
[2026-02-07 00:03:11 : INFO] - Cache for author page URL: https://partumdesign.com.mx/author/maricruz-partum/ associated with post_type: page and Title: "Servicios REDinmobiliaria" has been purged, triggered by action: save_post 
[2026-02-07 00:03:11 : INFO] - Cache for URL: https://partumdesign.com.mx/servicios-redinmobiliaria/ has been purged, triggered by action: save_post 
[2026-02-07 00:03:11 : INFO] - Cache for author page URL: https://partumdesign.com.mx/author/maricruz-partum/ associated with post_type: page and Title: "Servicios REDinmobiliaria" has been purged, triggered by action: save_post 
[2026-02-07 00:03:12 : INFO] - Cache for URL: https://partumdesign.com.mx/servicios-redinmobiliaria/ has been purged, triggered by action: save_post 
[2026-02-07 00:03:12 : INFO] - Cache for author page URL: https://partumdesign.com.mx/author/maricruz-partum/ associated with post_type: page and Title: "Servicios REDinmobiliaria" has been purged, triggered by action: save_post 
[2026-02-07 16:42:30 : INFO] - Full Cache Purge triggered by: plugin activation/deactivation 
[2026-02-07 16:50:55 : INFO] - Cache for URL: https://partumdesign.com.mx/inicio-ss/ has been purged, triggered by action: save_post 
[2026-02-07 16:50:55 : INFO] - Cache for author page URL: https://partumdesign.com.mx/author/maricruz-partum/ associated with post_type: page and Title: "Inicio ss" has been purged, triggered by action: save_post 
[2026-02-07 16:50:57 : INFO] - Cache for URL: https://partumdesign.com.mx/inicio-ss/ has been purged, triggered by action: save_post 
[2026-02-07 16:50:57 : INFO] - Cache for author page URL: https://partumdesign.com.mx/author/maricruz-partum/ associated with post_type: page and Title: "Inicio ss" has been purged, triggered by action: save_post 
[2026-02-07 18:02:24 : INFO] - Cache for URL: https://partumdesign.com.mx/inicio-ss/ has been purged, triggered by action: save_post 
[2026-02-07 18:02:24 : INFO] - Cache for author page URL: https://partumdesign.com.mx/author/maricruz-partum/ associated with post_type: page and Title: "Inicio ss" has been purged, triggered by action: save_post 
[2026-02-07 18:02:24 : INFO] - Cache for URL: https://partumdesign.com.mx/inicio-ss/ has been purged, triggered by action: save_post 
[2026-02-07 18:02:24 : INFO] - Cache for author page URL: https://partumdesign.com.mx/author/maricruz-partum/ associated with post_type: page and Title: "Inicio ss" has been purged, triggered by action: save_post 
[2026-02-07 18:02:24 : INFO] - Cache for URL: https://partumdesign.com.mx/inicio-ss/ has been purged, triggered by action: save_post 
[2026-02-07 18:02:24 : INFO] - Cache for author page URL: https://partumdesign.com.mx/author/maricruz-partum/ associated with post_type: page and Title: "Inicio ss" has been purged, triggered by action: save_post 
[2026-02-07 18:09:11 : INFO] - Cache for URL: https://partumdesign.com.mx/inicio-ss/ has been purged, triggered by action: save_post 
[2026-02-07 18:09:11 : INFO] - Cache for author page URL: https://partumdesign.com.mx/author/maricruz-partum/ associated with post_type: page and Title: "Inicio ss" has been purged, triggered by action: save_post 
[2026-02-07 18:09:11 : INFO] - Cache for URL: https://partumdesign.com.mx/inicio-ss/ has been purged, triggered by action: save_post 
[2026-02-07 18:09:11 : INFO] - Cache for author page URL: https://partumdesign.com.mx/author/maricruz-partum/ associated with post_type: page and Title: "Inicio ss" has been purged, triggered by action: save_post 
[2026-02-07 18:09:12 : INFO] - Cache for URL: https://partumdesign.com.mx/inicio-ss/ has been purged, triggered by action: save_post 
[2026-02-07 18:09:12 : INFO] - Cache for author page URL: https://partumdesign.com.mx/author/maricruz-partum/ associated with post_type: page and Title: "Inicio ss" has been purged, triggered by action: save_post 
[2026-02-07 18:49:59 : INFO] - Cache for URL: https://partumdesign.com.mx/inicio-ss/ has been purged, triggered by action: save_post 
[2026-02-07 18:49:59 : INFO] - Cache for author page URL: https://partumdesign.com.mx/author/maricruz-partum/ associated with post_type: page and Title: "Inicio ss" has been purged, triggered by action: save_post 
[2026-02-07 18:49:59 : INFO] - Cache for URL: https://partumdesign.com.mx/inicio-ss/ has been purged, triggered by action: save_post 
[2026-02-07 18:49:59 : INFO] - Cache for author page URL: https://partumdesign.com.mx/author/maricruz-partum/ associated with post_type: page and Title: "Inicio ss" has been purged, triggered by action: save_post 
[2026-02-07 18:49:59 : INFO] - Cache for URL: https://partumdesign.com.mx/inicio-ss/ has been purged, triggered by action: save_post 
[2026-02-07 18:49:59 : INFO] - Cache for author page URL: https://partumdesign.com.mx/author/maricruz-partum/ associated with post_type: page and Title: "Inicio ss" has been purged, triggered by action: save_post 
[2026-02-07 19:55:03 : INFO] - Cache for URL: https://partumdesign.com.mx/inicio-ss/ has been purged, triggered by action: save_post 
[2026-02-07 19:55:03 : INFO] - Cache for author page URL: https://partumdesign.com.mx/author/maricruz-partum/ associated with post_type: page and Title: "Inicio ss" has been purged, triggered by action: save_post 
[2026-02-07 19:55:03 : INFO] - Cache for URL: https://partumdesign.com.mx/inicio-ss/ has been purged, triggered by action: save_post 
[2026-02-07 19:55:03 : INFO] - Cache for author page URL: https://partumdesign.com.mx/author/maricruz-partum/ associated with post_type: page and Title: "Inicio ss" has been purged, triggered by action: save_post 
[2026-02-07 19:55:03 : INFO] - Cache for URL: https://partumdesign.com.mx/inicio-ss/ has been purged, triggered by action: save_post 
[2026-02-07 19:55:03 : INFO] - Cache for author page URL: https://partumdesign.com.mx/author/maricruz-partum/ associated with post_type: page and Title: "Inicio ss" has been purged, triggered by action: save_post 
[2026-02-07 19:56:26 : INFO] - Cache for URL: https://partumdesign.com.mx/inicio-ss/ has been purged, triggered by action: save_post 
[2026-02-07 19:56:26 : INFO] - Cache for author page URL: https://partumdesign.com.mx/author/maricruz-partum/ associated with post_type: page and Title: "Inicio ss" has been purged, triggered by action: save_post 
[2026-02-07 19:56:27 : INFO] - Cache for URL: https://partumdesign.com.mx/inicio-ss/ has been purged, triggered by action: save_post 
[2026-02-07 19:56:27 : INFO] - Cache for author page URL: https://partumdesign.com.mx/author/maricruz-partum/ associated with post_type: page and Title: "Inicio ss" has been purged, triggered by action: save_post 
[2026-02-07 19:56:27 : INFO] - Cache for URL: https://partumdesign.com.mx/inicio-ss/ has been purged, triggered by action: save_post 
[2026-02-07 19:56:27 : INFO] - Cache for author page URL: https://partumdesign.com.mx/author/maricruz-partum/ associated with post_type: page and Title: "Inicio ss" has been purged, triggered by action: save_post 
[2026-02-07 21:27:57 : INFO] - Cache for URL: https://partumdesign.com.mx/inicio-ss/ has been purged, triggered by action: save_post 
[2026-02-07 21:27:57 : INFO] - Cache for author page URL: https://partumdesign.com.mx/author/maricruz-partum/ associated with post_type: page and Title: "Inicio ss" has been purged, triggered by action: save_post 
[2026-02-07 21:27:57 : INFO] - Cache for URL: https://partumdesign.com.mx/inicio-ss/ has been purged, triggered by action: save_post 
[2026-02-07 21:27:57 : INFO] - Cache for author page URL: https://partumdesign.com.mx/author/maricruz-partum/ associated with post_type: page and Title: "Inicio ss" has been purged, triggered by action: save_post 
[2026-02-07 21:27:58 : INFO] - Cache for URL: https://partumdesign.com.mx/inicio-ss/ has been purged, triggered by action: save_post 
[2026-02-07 21:27:58 : INFO] - Cache for author page URL: https://partumdesign.com.mx/author/maricruz-partum/ associated with post_type: page and Title: "Inicio ss" has been purged, triggered by action: save_post 
[2026-02-07 21:29:58 : INFO] - Cache for URL: https://partumdesign.com.mx/inicio-ss/ has been purged, triggered by action: save_post 
[2026-02-07 21:29:58 : INFO] - Cache for author page URL: https://partumdesign.com.mx/author/maricruz-partum/ associated with post_type: page and Title: "Inicio ss" has been purged, triggered by action: save_post 
[2026-02-07 21:29:58 : INFO] - Cache for URL: https://partumdesign.com.mx/inicio-ss/ has been purged, triggered by action: save_post 
[2026-02-07 21:29:58 : INFO] - Cache for author page URL: https://partumdesign.com.mx/author/maricruz-partum/ associated with post_type: page and Title: "Inicio ss" has been purged, triggered by action: save_post 
[2026-02-07 21:29:58 : INFO] - Cache for URL: https://partumdesign.com.mx/inicio-ss/ has been purged, triggered by action: save_post 
[2026-02-07 21:29:58 : INFO] - Cache for author page URL: https://partumdesign.com.mx/author/maricruz-partum/ associated with post_type: page and Title: "Inicio ss" has been purged, triggered by action: save_post 
[2026-02-07 22:04:28 : INFO] - Cache for URL: https://partumdesign.com.mx/inicio-ss/ has been purged, triggered by action: save_post 
[2026-02-07 22:04:28 : INFO] - Cache for author page URL: https://partumdesign.com.mx/author/maricruz-partum/ associated with post_type: page and Title: "Inicio ss" has been purged, triggered by action: save_post 
[2026-02-07 22:04:28 : INFO] - Cache for URL: https://partumdesign.com.mx/inicio-ss/ has been purged, triggered by action: save_post 
[2026-02-07 22:04:28 : INFO] - Cache for author page URL: https://partumdesign.com.mx/author/maricruz-partum/ associated with post_type: page and Title: "Inicio ss" has been purged, triggered by action: save_post 
[2026-02-07 22:04:28 : INFO] - Cache for URL: https://partumdesign.com.mx/inicio-ss/ has been purged, triggered by action: save_post 
[2026-02-07 22:04:28 : INFO] - Cache for author page URL: https://partumdesign.com.mx/author/maricruz-partum/ associated with post_type: page and Title: "Inicio ss" has been purged, triggered by action: save_post 
[2026-02-07 22:11:14 : INFO] - Cache for URL: https://partumdesign.com.mx/inicio-ss/ has been purged, triggered by action: save_post 
[2026-02-07 22:11:14 : INFO] - Cache for author page URL: https://partumdesign.com.mx/author/maricruz-partum/ associated with post_type: page and Title: "Inicio ss" has been purged, triggered by action: save_post 
[2026-02-07 22:11:14 : INFO] - Cache for URL: https://partumdesign.com.mx/inicio-ss/ has been purged, triggered by action: save_post 
[2026-02-07 22:11:14 : INFO] - Cache for author page URL: https://partumdesign.com.mx/author/maricruz-partum/ associated with post_type: page and Title: "Inicio ss" has been purged, triggered by action: save_post 
[2026-02-07 22:11:14 : INFO] - Cache for URL: https://partumdesign.com.mx/inicio-ss/ has been purged, triggered by action: save_post 
[2026-02-07 22:11:14 : INFO] - Cache for author page URL: https://partumdesign.com.mx/author/maricruz-partum/ associated with post_type: page and Title: "Inicio ss" has been purged, triggered by action: save_post 
[2026-02-07 22:17:56 : INFO] - Cache for URL: https://partumdesign.com.mx/inicio-ss/ has been purged, triggered by action: save_post 
[2026-02-07 22:17:56 : INFO] - Cache for author page URL: https://partumdesign.com.mx/author/maricruz-partum/ associated with post_type: page and Title: "Inicio ss" has been purged, triggered by action: save_post 
[2026-02-07 22:17:56 : INFO] - Cache for URL: https://partumdesign.com.mx/inicio-ss/ has been purged, triggered by action: save_post 
[2026-02-07 22:17:56 : INFO] - Cache for author page URL: https://partumdesign.com.mx/author/maricruz-partum/ associated with post_type: page and Title: "Inicio ss" has been purged, triggered by action: save_post 
[2026-02-07 22:17:56 : INFO] - Cache for URL: https://partumdesign.com.mx/inicio-ss/ has been purged, triggered by action: save_post 
[2026-02-07 22:17:56 : INFO] - Cache for author page URL: https://partumdesign.com.mx/author/maricruz-partum/ associated with post_type: page and Title: "Inicio ss" has been purged, triggered by action: save_post 
[2026-02-07 22:42:09 : INFO] - Cache for URL: https://partumdesign.com.mx/inicio-ss/ has been purged, triggered by action: save_post 
[2026-02-07 22:42:09 : INFO] - Cache for author page URL: https://partumdesign.com.mx/author/maricruz-partum/ associated with post_type: page and Title: "Inicio ss" has been purged, triggered by action: save_post 
[2026-02-07 22:42:09 : INFO] - Cache for URL: https://partumdesign.com.mx/inicio-ss/ has been purged, triggered by action: save_post 
[2026-02-07 22:42:09 : INFO] - Cache for author page URL: https://partumdesign.com.mx/author/maricruz-partum/ associated with post_type: page and Title: "Inicio ss" has been purged, triggered by action: save_post 
[2026-02-07 22:42:09 : INFO] - Cache for URL: https://partumdesign.com.mx/inicio-ss/ has been purged, triggered by action: save_post 
[2026-02-07 22:42:09 : INFO] - Cache for author page URL: https://partumdesign.com.mx/author/maricruz-partum/ associated with post_type: page and Title: "Inicio ss" has been purged, triggered by action: save_post 
[2026-02-07 22:44:54 : INFO] - Cache for URL: https://partumdesign.com.mx/inicio-ss/ has been purged, triggered by action: save_post 
[2026-02-07 22:44:54 : INFO] - Cache for author page URL: https://partumdesign.com.mx/author/maricruz-partum/ associated with post_type: page and Title: "Inicio ss" has been purged, triggered by action: save_post 
[2026-02-07 22:44:54 : INFO] - Cache for URL: https://partumdesign.com.mx/inicio-ss/ has been purged, triggered by action: save_post 
[2026-02-07 22:44:54 : INFO] - Cache for author page URL: https://partumdesign.com.mx/author/maricruz-partum/ associated with post_type: page and Title: "Inicio ss" has been purged, triggered by action: save_post 
[2026-02-07 22:44:54 : INFO] - Cache for URL: https://partumdesign.com.mx/inicio-ss/ has been purged, triggered by action: save_post 
[2026-02-07 22:44:54 : INFO] - Cache for author page URL: https://partumdesign.com.mx/author/maricruz-partum/ associated with post_type: page and Title: "Inicio ss" has been purged, triggered by action: save_post 
[2026-02-07 23:46:25 : INFO] - Cache for URL: https://partumdesign.com.mx/inicio-ss/ has been purged, triggered by action: save_post 
[2026-02-07 23:46:25 : INFO] - Cache for author page URL: https://partumdesign.com.mx/author/maricruz-partum/ associated with post_type: page and Title: "Inicio ss" has been purged, triggered by action: save_post 
[2026-02-07 23:46:25 : INFO] - Cache for URL: https://partumdesign.com.mx/inicio-ss/ has been purged, triggered by action: save_post 
[2026-02-07 23:46:25 : INFO] - Cache for author page URL: https://partumdesign.com.mx/author/maricruz-partum/ associated with post_type: page and Title: "Inicio ss" has been purged, triggered by action: save_post 
[2026-02-07 23:46:25 : INFO] - Cache for URL: https://partumdesign.com.mx/inicio-ss/ has been purged, triggered by action: save_post 
[2026-02-07 23:46:25 : INFO] - Cache for author page URL: https://partumdesign.com.mx/author/maricruz-partum/ associated with post_type: page and Title: "Inicio ss" has been purged, triggered by action: save_post 
[2026-02-08 00:33:09 : INFO] - Cache for URL: https://partumdesign.com.mx/inicio-ss/ has been purged, triggered by action: save_post 
[2026-02-08 00:33:09 : INFO] - Cache for author page URL: https://partumdesign.com.mx/author/maricruz-partum/ associated with post_type: page and Title: "Inicio ss" has been purged, triggered by action: save_post 
[2026-02-08 00:33:09 : INFO] - Cache for URL: https://partumdesign.com.mx/inicio-ss/ has been purged, triggered by action: save_post 
[2026-02-08 00:33:09 : INFO] - Cache for author page URL: https://partumdesign.com.mx/author/maricruz-partum/ associated with post_type: page and Title: "Inicio ss" has been purged, triggered by action: save_post 
[2026-02-08 00:33:09 : INFO] - Cache for URL: https://partumdesign.com.mx/inicio-ss/ has been purged, triggered by action: save_post 
[2026-02-08 00:33:09 : INFO] - Cache for author page URL: https://partumdesign.com.mx/author/maricruz-partum/ associated with post_type: page and Title: "Inicio ss" has been purged, triggered by action: save_post 
[2026-02-08 03:39:48 : INFO] - Full Cache Purge triggered by: plugin activation/deactivation 
[2026-02-09 03:39:49 : INFO] - Cache for URL: https://partumdesign.com.mx/inicio-redinmobiliaria/ has been purged, triggered by action: save_post 
[2026-02-09 03:39:49 : INFO] - Cache for author page URL: https://partumdesign.com.mx/author/maricruz-partum/ associated with post_type: page and Title: "INICIO REDINMOBILIARIA" has been purged, triggered by action: save_post 
[2026-02-09 03:39:50 : INFO] - Cache for URL: https://partumdesign.com.mx/inicio-redinmobiliaria/ has been purged, triggered by action: save_post 
[2026-02-09 03:39:50 : INFO] - Cache for author page URL: https://partumdesign.com.mx/author/maricruz-partum/ associated with post_type: page and Title: "INICIO REDINMOBILIARIA" has been purged, triggered by action: save_post 
[2026-02-09 03:39:50 : INFO] - Cache for URL: https://partumdesign.com.mx/inicio-redinmobiliaria/ has been purged, triggered by action: save_post 
[2026-02-09 03:39:50 : INFO] - Cache for author page URL: https://partumdesign.com.mx/author/maricruz-partum/ associated with post_type: page and Title: "INICIO REDINMOBILIARIA" has been purged, triggered by action: save_post 
[2026-02-09 04:36:50 : INFO] - Cache for URL: https://partumdesign.com.mx/inicio-redinmobiliaria/ has been purged, triggered by action: save_post 
[2026-02-09 04:36:50 : INFO] - Cache for author page URL: https://partumdesign.com.mx/author/maricruz-partum/ associated with post_type: page and Title: "INICIO REDINMOBILIARIA" has been purged, triggered by action: save_post 
[2026-02-09 04:36:50 : INFO] - Cache for URL: https://partumdesign.com.mx/inicio-redinmobiliaria/ has been purged, triggered by action: save_post 
[2026-02-09 04:36:50 : INFO] - Cache for author page URL: https://partumdesign.com.mx/author/maricruz-partum/ associated with post_type: page and Title: "INICIO REDINMOBILIARIA" has been purged, triggered by action: save_post 
[2026-02-09 04:36:51 : INFO] - Cache for URL: https://partumdesign.com.mx/inicio-redinmobiliaria/ has been purged, triggered by action: save_post 
[2026-02-09 04:36:51 : INFO] - Cache for author page URL: https://partumdesign.com.mx/author/maricruz-partum/ associated with post_type: page and Title: "INICIO REDINMOBILIARIA" has been purged, triggered by action: save_post 
[2026-02-09 04:42:10 : INFO] - Cache for URL: https://partumdesign.com.mx/inicio-redinmobiliaria/ has been purged, triggered by action: save_post 
[2026-02-09 04:42:10 : INFO] - Cache for author page URL: https://partumdesign.com.mx/author/maricruz-partum/ associated with post_type: page and Title: "INICIO REDINMOBILIARIA" has been purged, triggered by action: save_post 
[2026-02-09 04:42:11 : INFO] - Cache for URL: https://partumdesign.com.mx/inicio-redinmobiliaria/ has been purged, triggered by action: save_post 
[2026-02-09 04:42:11 : INFO] - Cache for author page URL: https://partumdesign.com.mx/author/maricruz-partum/ associated with post_type: page and Title: "INICIO REDINMOBILIARIA" has been purged, triggered by action: save_post 
[2026-02-09 04:42:13 : INFO] - Cache for URL: https://partumdesign.com.mx/inicio-redinmobiliaria/ has been purged, triggered by action: save_post 
[2026-02-09 04:42:13 : INFO] - Cache for author page URL: https://partumdesign.com.mx/author/maricruz-partum/ associated with post_type: page and Title: "INICIO REDINMOBILIARIA" has been purged, triggered by action: save_post 
[2026-02-09 04:57:41 : INFO] - Cache for URL: https://partumdesign.com.mx/inicio-redinmobiliaria/ has been purged, triggered by action: save_post 
[2026-02-09 04:57:41 : INFO] - Cache for author page URL: https://partumdesign.com.mx/author/maricruz-partum/ associated with post_type: page and Title: "INICIO REDINMOBILIARIA" has been purged, triggered by action: save_post 
[2026-02-09 04:57:41 : INFO] - Cache for URL: https://partumdesign.com.mx/inicio-redinmobiliaria/ has been purged, triggered by action: save_post 
[2026-02-09 04:57:41 : INFO] - Cache for author page URL: https://partumdesign.com.mx/author/maricruz-partum/ associated with post_type: page and Title: "INICIO REDINMOBILIARIA" has been purged, triggered by action: save_post 
[2026-02-09 04:57:41 : INFO] - Cache for URL: https://partumdesign.com.mx/inicio-redinmobiliaria/ has been purged, triggered by action: save_post 
[2026-02-09 04:57:41 : INFO] - Cache for author page URL: https://partumdesign.com.mx/author/maricruz-partum/ associated with post_type: page and Title: "INICIO REDINMOBILIARIA" has been purged, triggered by action: save_post 
[2026-02-09 05:09:38 : INFO] - Cache for URL: https://partumdesign.com.mx/contacto-red-inmobiliaria/ has been purged, triggered by action: save_post 
[2026-02-09 05:09:38 : INFO] - Cache for author page URL: https://partumdesign.com.mx/author/maricruz-partum/ associated with post_type: page and Title: "contacto red inmobiliaria" has been purged, triggered by action: save_post 
[2026-02-09 05:09:39 : INFO] - Cache for URL: https://partumdesign.com.mx/contacto-red-inmobiliaria/ has been purged, triggered by action: save_post 
[2026-02-09 05:09:39 : INFO] - Cache for author page URL: https://partumdesign.com.mx/author/maricruz-partum/ associated with post_type: page and Title: "contacto red inmobiliaria" has been purged, triggered by action: save_post 
[2026-02-09 05:09:39 : INFO] - Cache for URL: https://partumdesign.com.mx/contacto-red-inmobiliaria/ has been purged, triggered by action: save_post 
[2026-02-09 05:09:39 : INFO] - Cache for author page URL: https://partumdesign.com.mx/author/maricruz-partum/ associated with post_type: page and Title: "contacto red inmobiliaria" has been purged, triggered by action: save_post 
[2026-02-09 05:21:14 : INFO] - Cache for URL: https://partumdesign.com.mx/contacto-red-inmobiliaria/ has been purged, triggered by action: save_post 
[2026-02-09 05:21:14 : INFO] - Cache for author page URL: https://partumdesign.com.mx/author/maricruz-partum/ associated with post_type: page and Title: "contacto red inmobiliaria" has been purged, triggered by action: save_post 
[2026-02-09 05:21:15 : INFO] - Cache for URL: https://partumdesign.com.mx/contacto-red-inmobiliaria/ has been purged, triggered by action: save_post 
[2026-02-09 05:21:15 : INFO] - Cache for author page URL: https://partumdesign.com.mx/author/maricruz-partum/ associated with post_type: page and Title: "contacto red inmobiliaria" has been purged, triggered by action: save_post 
[2026-02-09 05:21:15 : INFO] - Cache for URL: https://partumdesign.com.mx/contacto-red-inmobiliaria/ has been purged, triggered by action: save_post 
[2026-02-09 05:21:15 : INFO] - Cache for author page URL: https://partumdesign.com.mx/author/maricruz-partum/ associated with post_type: page and Title: "contacto red inmobiliaria" has been purged, triggered by action: save_post 
[2026-02-09 16:44:07 : INFO] - Cache for URL: https://partumdesign.com.mx/servicios-red-inmobiliaria/ has been purged, triggered by action: save_post 
[2026-02-09 16:44:07 : INFO] - Cache for author page URL: https://partumdesign.com.mx/author/maricruz-partum/ associated with post_type: page and Title: "Servicios Red inmobiliaria" has been purged, triggered by action: save_post 
[2026-02-09 16:44:09 : INFO] - Cache for URL: https://partumdesign.com.mx/servicios-red-inmobiliaria/ has been purged, triggered by action: save_post 
[2026-02-09 16:44:09 : INFO] - Cache for author page URL: https://partumdesign.com.mx/author/maricruz-partum/ associated with post_type: page and Title: "Servicios Red inmobiliaria" has been purged, triggered by action: save_post 
[2026-02-09 17:02:31 : INFO] - Cache for URL: https://partumdesign.com.mx/servicios-red-inmobiliaria/ has been purged, triggered by action: save_post 
[2026-02-09 17:02:31 : INFO] - Cache for author page URL: https://partumdesign.com.mx/author/maricruz-partum/ associated with post_type: page and Title: "Servicios Red inmobiliaria" has been purged, triggered by action: save_post 
[2026-02-09 17:02:32 : INFO] - Cache for URL: https://partumdesign.com.mx/servicios-red-inmobiliaria/ has been purged, triggered by action: save_post 
[2026-02-09 17:02:32 : INFO] - Cache for author page URL: https://partumdesign.com.mx/author/maricruz-partum/ associated with post_type: page and Title: "Servicios Red inmobiliaria" has been purged, triggered by action: save_post 
[2026-02-09 17:02:32 : INFO] - Cache for URL: https://partumdesign.com.mx/servicios-red-inmobiliaria/ has been purged, triggered by action: save_post 
[2026-02-09 17:02:32 : INFO] - Cache for author page URL: https://partumdesign.com.mx/author/maricruz-partum/ associated with post_type: page and Title: "Servicios Red inmobiliaria" has been purged, triggered by action: save_post 
[2026-02-09 21:48:02 : INFO] - Cache for URL: https://partumdesign.com.mx/servicios-red-inmobiliaria/ has been purged, triggered by action: save_post 
[2026-02-09 21:48:02 : INFO] - Cache for author page URL: https://partumdesign.com.mx/author/maricruz-partum/ associated with post_type: page and Title: "Servicios Red inmobiliaria" has been purged, triggered by action: save_post 
[2026-02-09 21:48:02 : INFO] - Cache for URL: https://partumdesign.com.mx/servicios-red-inmobiliaria/ has been purged, triggered by action: save_post 
[2026-02-09 21:48:02 : INFO] - Cache for author page URL: https://partumdesign.com.mx/author/maricruz-partum/ associated with post_type: page and Title: "Servicios Red inmobiliaria" has been purged, triggered by action: save_post 
[2026-02-09 21:48:03 : INFO] - Cache for URL: https://partumdesign.com.mx/servicios-red-inmobiliaria/ has been purged, triggered by action: save_post 
[2026-02-09 21:48:03 : INFO] - Cache for author page URL: https://partumdesign.com.mx/author/maricruz-partum/ associated with post_type: page and Title: "Servicios Red inmobiliaria" has been purged, triggered by action: save_post 
[2026-02-09 22:21:05 : INFO] - Cache for URL: https://partumdesign.com.mx/servicios-red-inmobiliaria/ has been purged, triggered by action: save_post 
[2026-02-09 22:21:05 : INFO] - Cache for author page URL: https://partumdesign.com.mx/author/maricruz-partum/ associated with post_type: page and Title: "Servicios Red inmobiliaria" has been purged, triggered by action: save_post 
[2026-02-09 22:21:06 : INFO] - Cache for URL: https://partumdesign.com.mx/servicios-red-inmobiliaria/ has been purged, triggered by action: save_post 
[2026-02-09 22:21:06 : INFO] - Cache for author page URL: https://partumdesign.com.mx/author/maricruz-partum/ associated with post_type: page and Title: "Servicios Red inmobiliaria" has been purged, triggered by action: save_post 
[2026-02-09 22:21:07 : INFO] - Cache for URL: https://partumdesign.com.mx/servicios-red-inmobiliaria/ has been purged, triggered by action: save_post 
[2026-02-09 22:21:07 : INFO] - Cache for author page URL: https://partumdesign.com.mx/author/maricruz-partum/ associated with post_type: page and Title: "Servicios Red inmobiliaria" has been purged, triggered by action: save_post 
[2026-02-09 22:31:21 : INFO] - Cache for URL: https://partumdesign.com.mx/servicios-red-inmobiliaria/ has been purged, triggered by action: save_post 
[2026-02-09 22:31:21 : INFO] - Cache for author page URL: https://partumdesign.com.mx/author/maricruz-partum/ associated with post_type: page and Title: "Servicios Red inmobiliaria" has been purged, triggered by action: save_post 
[2026-02-09 22:31:21 : INFO] - Cache for URL: https://partumdesign.com.mx/servicios-red-inmobiliaria/ has been purged, triggered by action: save_post 
[2026-02-09 22:31:21 : INFO] - Cache for author page URL: https://partumdesign.com.mx/author/maricruz-partum/ associated with post_type: page and Title: "Servicios Red inmobiliaria" has been purged, triggered by action: save_post 
[2026-02-09 22:31:22 : INFO] - Cache for URL: https://partumdesign.com.mx/servicios-red-inmobiliaria/ has been purged, triggered by action: save_post 
[2026-02-09 22:31:22 : INFO] - Cache for author page URL: https://partumdesign.com.mx/author/maricruz-partum/ associated with post_type: page and Title: "Servicios Red inmobiliaria" has been purged, triggered by action: save_post 
[2026-02-10 05:43:20 : INFO] - Full Cache Purge triggered by: plugin activation/deactivation 
[2026-02-10 05:45:58 : INFO] - Full Cache Purge triggered by: plugin activation/deactivation 
[2026-02-10 05:51:50 : INFO] - Cache for URL: https://partumdesign.com.mx/quien-es-partum-rediseno/ has been purged, triggered by action: save_post 
[2026-02-10 05:51:50 : INFO] - Cache for author page URL: https://partumdesign.com.mx/author/maricruz-partum/ associated with post_type: page and Title: "¿Quién es partum? rediseño" has been purged, triggered by action: save_post 
[2026-02-10 05:51:50 : INFO] - Cache for URL: https://partumdesign.com.mx/quien-es-partum-rediseno/ has been purged, triggered by action: save_post 
[2026-02-10 05:51:50 : INFO] - Cache for author page URL: https://partumdesign.com.mx/author/maricruz-partum/ associated with post_type: page and Title: "¿Quién es partum? rediseño" has been purged, triggered by action: save_post 
[2026-02-10 05:51:50 : INFO] - Cache for URL: https://partumdesign.com.mx/quien-es-partum-rediseno/ has been purged, triggered by action: save_post 
[2026-02-10 05:51:50 : INFO] - Cache for author page URL: https://partumdesign.com.mx/author/maricruz-partum/ associated with post_type: page and Title: "¿Quién es partum? rediseño" has been purged, triggered by action: save_post 
[2026-02-10 17:43:53 : INFO] - Cache for URL: https://partumdesign.com.mx/quien-es-partum-rediseno/ has been purged, triggered by action: save_post 
[2026-02-10 17:43:53 : INFO] - Cache for author page URL: https://partumdesign.com.mx/author/maricruz-partum/ associated with post_type: page and Title: "¿Quién es partum? rediseño" has been purged, triggered by action: save_post 
[2026-02-10 17:43:54 : INFO] - Cache for URL: https://partumdesign.com.mx/quien-es-partum-rediseno/ has been purged, triggered by action: save_post 
[2026-02-10 17:43:54 : INFO] - Cache for author page URL: https://partumdesign.com.mx/author/maricruz-partum/ associated with post_type: page and Title: "¿Quién es partum? rediseño" has been purged, triggered by action: save_post 
[2026-02-10 17:43:54 : INFO] - Cache for URL: https://partumdesign.com.mx/quien-es-partum-rediseno/ has been purged, triggered by action: save_post 
[2026-02-10 17:43:54 : INFO] - Cache for author page URL: https://partumdesign.com.mx/author/maricruz-partum/ associated with post_type: page and Title: "¿Quién es partum? rediseño" has been purged, triggered by action: save_post 
[2026-02-10 17:44:08 : INFO] - Cache for URL: https://partumdesign.com.mx/quien-es-partum-rediseno/ has been purged, triggered by action: save_post 
[2026-02-10 17:44:08 : INFO] - Cache for author page URL: https://partumdesign.com.mx/author/maricruz-partum/ associated with post_type: page and Title: "¿Quién es partum? rediseño" has been purged, triggered by action: save_post 
[2026-02-10 17:44:08 : INFO] - Cache for URL: https://partumdesign.com.mx/quien-es-partum-rediseno/ has been purged, triggered by action: save_post 
[2026-02-10 17:44:08 : INFO] - Cache for author page URL: https://partumdesign.com.mx/author/maricruz-partum/ associated with post_type: page and Title: "¿Quién es partum? rediseño" has been purged, triggered by action: save_post 
[2026-02-10 17:44:09 : INFO] - Cache for URL: https://partumdesign.com.mx/quien-es-partum-rediseno/ has been purged, triggered by action: save_post 
[2026-02-10 17:44:09 : INFO] - Cache for author page URL: https://partumdesign.com.mx/author/maricruz-partum/ associated with post_type: page and Title: "¿Quién es partum? rediseño" has been purged, triggered by action: save_post 
[2026-02-10 17:45:19 : INFO] - Cache for URL: https://partumdesign.com.mx/quien-es-partum-rediseno/ has been purged, triggered by action: save_post 
[2026-02-10 17:45:19 : INFO] - Cache for author page URL: https://partumdesign.com.mx/author/maricruz-partum/ associated with post_type: page and Title: "¿Quién es partum? rediseño" has been purged, triggered by action: save_post 
[2026-02-10 17:45:19 : INFO] - Cache for URL: https://partumdesign.com.mx/quien-es-partum-rediseno/ has been purged, triggered by action: save_post 
[2026-02-10 17:45:19 : INFO] - Cache for author page URL: https://partumdesign.com.mx/author/maricruz-partum/ associated with post_type: page and Title: "¿Quién es partum? rediseño" has been purged, triggered by action: save_post 
[2026-02-10 17:45:19 : INFO] - Cache for URL: https://partumdesign.com.mx/quien-es-partum-rediseno/ has been purged, triggered by action: save_post 
[2026-02-10 17:45:19 : INFO] - Cache for author page URL: https://partumdesign.com.mx/author/maricruz-partum/ associated with post_type: page and Title: "¿Quién es partum? rediseño" has been purged, triggered by action: save_post 
[2026-02-10 17:46:45 : INFO] - Cache for URL: https://partumdesign.com.mx/quien-es-partum-rediseno/ has been purged, triggered by action: save_post 
[2026-02-10 17:46:45 : INFO] - Cache for author page URL: https://partumdesign.com.mx/author/maricruz-partum/ associated with post_type: page and Title: "¿Quién es partum? rediseño" has been purged, triggered by action: save_post 
[2026-02-10 17:46:45 : INFO] - Cache for URL: https://partumdesign.com.mx/quien-es-partum-rediseno/ has been purged, triggered by action: save_post 
[2026-02-10 17:46:45 : INFO] - Cache for author page URL: https://partumdesign.com.mx/author/maricruz-partum/ associated with post_type: page and Title: "¿Quién es partum? rediseño" has been purged, triggered by action: save_post 
[2026-02-10 17:46:45 : INFO] - Cache for URL: https://partumdesign.com.mx/quien-es-partum-rediseno/ has been purged, triggered by action: save_post 
[2026-02-10 17:46:45 : INFO] - Cache for author page URL: https://partumdesign.com.mx/author/maricruz-partum/ associated with post_type: page and Title: "¿Quién es partum? rediseño" has been purged, triggered by action: save_post 
[2026-02-10 19:54:01 : INFO] - Cache for URL: https://partumdesign.com.mx/servicios-red-inmobiliaria/ has been purged, triggered by action: save_post 
[2026-02-10 19:54:01 : INFO] - Cache for author page URL: https://partumdesign.com.mx/author/maricruz-partum/ associated with post_type: page and Title: "Servicios Red inmobiliaria" has been purged, triggered by action: save_post 
[2026-02-10 19:54:01 : INFO] - Cache for URL: https://partumdesign.com.mx/servicios-red-inmobiliaria/ has been purged, triggered by action: save_post 
[2026-02-10 19:54:01 : INFO] - Cache for author page URL: https://partumdesign.com.mx/author/maricruz-partum/ associated with post_type: page and Title: "Servicios Red inmobiliaria" has been purged, triggered by action: save_post 
[2026-02-10 19:54:02 : INFO] - Cache for URL: https://partumdesign.com.mx/servicios-red-inmobiliaria/ has been purged, triggered by action: save_post 
[2026-02-10 19:54:02 : INFO] - Cache for author page URL: https://partumdesign.com.mx/author/maricruz-partum/ associated with post_type: page and Title: "Servicios Red inmobiliaria" has been purged, triggered by action: save_post 
[2026-02-10 20:32:51 : INFO] - Cache for URL: https://partumdesign.com.mx/servicios-red-inmobiliaria/ has been purged, triggered by action: save_post 
[2026-02-10 20:32:51 : INFO] - Cache for author page URL: https://partumdesign.com.mx/author/maricruz-partum/ associated with post_type: page and Title: "Servicios Red inmobiliaria" has been purged, triggered by action: save_post 
[2026-02-10 20:32:52 : INFO] - Cache for URL: https://partumdesign.com.mx/servicios-red-inmobiliaria/ has been purged, triggered by action: save_post 
[2026-02-10 20:32:52 : INFO] - Cache for author page URL: https://partumdesign.com.mx/author/maricruz-partum/ associated with post_type: page and Title: "Servicios Red inmobiliaria" has been purged, triggered by action: save_post 
[2026-02-10 20:32:52 : INFO] - Cache for URL: https://partumdesign.com.mx/servicios-red-inmobiliaria/ has been purged, triggered by action: save_post 
[2026-02-10 20:32:52 : INFO] - Cache for author page URL: https://partumdesign.com.mx/author/maricruz-partum/ associated with post_type: page and Title: "Servicios Red inmobiliaria" has been purged, triggered by action: save_post 
[2026-02-10 22:40:54 : INFO] - Cache for URL: https://partumdesign.com.mx/servicios-red-inmobiliaria/ has been purged, triggered by action: save_post 
[2026-02-10 22:40:54 : INFO] - Cache for author page URL: https://partumdesign.com.mx/author/maricruz-partum/ associated with post_type: page and Title: "Servicios Red inmobiliaria" has been purged, triggered by action: save_post 
[2026-02-10 22:40:55 : INFO] - Cache for URL: https://partumdesign.com.mx/servicios-red-inmobiliaria/ has been purged, triggered by action: save_post 
[2026-02-10 22:40:55 : INFO] - Cache for author page URL: https://partumdesign.com.mx/author/maricruz-partum/ associated with post_type: page and Title: "Servicios Red inmobiliaria" has been purged, triggered by action: save_post 
[2026-02-10 22:40:55 : INFO] - Cache for URL: https://partumdesign.com.mx/servicios-red-inmobiliaria/ has been purged, triggered by action: save_post 
[2026-02-10 22:40:55 : INFO] - Cache for author page URL: https://partumdesign.com.mx/author/maricruz-partum/ associated with post_type: page and Title: "Servicios Red inmobiliaria" has been purged, triggered by action: save_post 
[2026-02-10 23:16:54 : INFO] - Cache for URL: https://partumdesign.com.mx/servicios-red-inmobiliaria/ has been purged, triggered by action: save_post 
[2026-02-10 23:16:54 : INFO] - Cache for author page URL: https://partumdesign.com.mx/author/maricruz-partum/ associated with post_type: page and Title: "Servicios Red inmobiliaria" has been purged, triggered by action: save_post 
[2026-02-10 23:16:54 : INFO] - Cache for URL: https://partumdesign.com.mx/servicios-red-inmobiliaria/ has been purged, triggered by action: save_post 
[2026-02-10 23:16:54 : INFO] - Cache for author page URL: https://partumdesign.com.mx/author/maricruz-partum/ associated with post_type: page and Title: "Servicios Red inmobiliaria" has been purged, triggered by action: save_post 
[2026-02-10 23:16:54 : INFO] - Cache for URL: https://partumdesign.com.mx/servicios-red-inmobiliaria/ has been purged, triggered by action: save_post 
[2026-02-10 23:16:54 : INFO] - Cache for author page URL: https://partumdesign.com.mx/author/maricruz-partum/ associated with post_type: page and Title: "Servicios Red inmobiliaria" has been purged, triggered by action: save_post 
[2026-02-10 23:55:47 : INFO] - Cache for URL: https://partumdesign.com.mx/inicio-redinmobiliaria/ has been purged, triggered by action: save_post 
[2026-02-10 23:55:47 : INFO] - Cache for author page URL: https://partumdesign.com.mx/author/maricruz-partum/ associated with post_type: page and Title: "INICIO REDINMOBILIARIA" has been purged, triggered by action: save_post 
[2026-02-10 23:55:48 : INFO] - Cache for URL: https://partumdesign.com.mx/inicio-redinmobiliaria/ has been purged, triggered by action: save_post 
[2026-02-10 23:55:48 : INFO] - Cache for author page URL: https://partumdesign.com.mx/author/maricruz-partum/ associated with post_type: page and Title: "INICIO REDINMOBILIARIA" has been purged, triggered by action: save_post 
[2026-02-10 23:55:48 : INFO] - Cache for URL: https://partumdesign.com.mx/inicio-redinmobiliaria/ has been purged, triggered by action: save_post 
[2026-02-10 23:55:48 : INFO] - Cache for author page URL: https://partumdesign.com.mx/author/maricruz-partum/ associated with post_type: page and Title: "INICIO REDINMOBILIARIA" has been purged, triggered by action: save_post 
[2026-02-11 00:05:11 : INFO] - Cache for URL: https://partumdesign.com.mx/servicios-red-inmobiliaria/ has been purged, triggered by action: save_post 
[2026-02-11 00:05:11 : INFO] - Cache for author page URL: https://partumdesign.com.mx/author/maricruz-partum/ associated with post_type: page and Title: "Servicios Red inmobiliaria" has been purged, triggered by action: save_post 
[2026-02-11 00:05:11 : INFO] - Cache for URL: https://partumdesign.com.mx/servicios-red-inmobiliaria/ has been purged, triggered by action: save_post 
[2026-02-11 00:05:11 : INFO] - Cache for author page URL: https://partumdesign.com.mx/author/maricruz-partum/ associated with post_type: page and Title: "Servicios Red inmobiliaria" has been purged, triggered by action: save_post 
[2026-02-11 00:05:11 : INFO] - Cache for URL: https://partumdesign.com.mx/servicios-red-inmobiliaria/ has been purged, triggered by action: save_post 
[2026-02-11 00:05:11 : INFO] - Cache for author page URL: https://partumdesign.com.mx/author/maricruz-partum/ associated with post_type: page and Title: "Servicios Red inmobiliaria" has been purged, triggered by action: save_post 
[2026-02-11 03:25:50 : INFO] - Cache for URL: https://partumdesign.com.mx/quien-es-partum-rediseno/ has been purged, triggered by action: save_post 
[2026-02-11 03:25:50 : INFO] - Cache for author page URL: https://partumdesign.com.mx/author/maricruz-partum/ associated with post_type: page and Title: "¿Quién es partum? rediseño" has been purged, triggered by action: save_post 
[2026-02-11 03:25:50 : INFO] - Cache for URL: https://partumdesign.com.mx/quien-es-partum-rediseno/ has been purged, triggered by action: save_post 
[2026-02-11 03:25:50 : INFO] - Cache for author page URL: https://partumdesign.com.mx/author/maricruz-partum/ associated with post_type: page and Title: "¿Quién es partum? rediseño" has been purged, triggered by action: save_post 
[2026-02-11 03:25:50 : INFO] - Cache for URL: https://partumdesign.com.mx/quien-es-partum-rediseno/ has been purged, triggered by action: save_post 
[2026-02-11 03:25:50 : INFO] - Cache for author page URL: https://partumdesign.com.mx/author/maricruz-partum/ associated with post_type: page and Title: "¿Quién es partum? rediseño" has been purged, triggered by action: save_post 
[2026-02-11 05:21:45 : INFO] - Cache for URL: https://partumdesign.com.mx/servicios-red-inmobiliaria/ has been purged, triggered by action: save_post 
[2026-02-11 05:21:45 : INFO] - Cache for author page URL: https://partumdesign.com.mx/author/maricruz-partum/ associated with post_type: page and Title: "Servicios Red inmobiliaria" has been purged, triggered by action: save_post 
[2026-02-11 05:21:45 : INFO] - Cache for URL: https://partumdesign.com.mx/servicios-red-inmobiliaria/ has been purged, triggered by action: save_post 
[2026-02-11 05:21:45 : INFO] - Cache for author page URL: https://partumdesign.com.mx/author/maricruz-partum/ associated with post_type: page and Title: "Servicios Red inmobiliaria" has been purged, triggered by action: save_post 
[2026-02-11 05:21:46 : INFO] - Cache for URL: https://partumdesign.com.mx/servicios-red-inmobiliaria/ has been purged, triggered by action: save_post 
[2026-02-11 05:21:46 : INFO] - Cache for author page URL: https://partumdesign.com.mx/author/maricruz-partum/ associated with post_type: page and Title: "Servicios Red inmobiliaria" has been purged, triggered by action: save_post 
[2026-02-11 05:24:15 : INFO] - Cache for URL: https://partumdesign.com.mx/servicios-red-inmobiliaria/ has been purged, triggered by action: save_post 
[2026-02-11 05:24:15 : INFO] - Cache for author page URL: https://partumdesign.com.mx/author/maricruz-partum/ associated with post_type: page and Title: "Servicios Red inmobiliaria" has been purged, triggered by action: save_post 
[2026-02-11 05:24:15 : INFO] - Cache for URL: https://partumdesign.com.mx/servicios-red-inmobiliaria/ has been purged, triggered by action: save_post 
[2026-02-11 05:24:15 : INFO] - Cache for author page URL: https://partumdesign.com.mx/author/maricruz-partum/ associated with post_type: page and Title: "Servicios Red inmobiliaria" has been purged, triggered by action: save_post 
[2026-02-11 05:24:15 : INFO] - Cache for URL: https://partumdesign.com.mx/servicios-red-inmobiliaria/ has been purged, triggered by action: save_post 
[2026-02-11 05:24:15 : INFO] - Cache for author page URL: https://partumdesign.com.mx/author/maricruz-partum/ associated with post_type: page and Title: "Servicios Red inmobiliaria" has been purged, triggered by action: save_post 
[2026-02-13 19:07:48 : INFO] - Cache for URL: https://partumdesign.com.mx/contacto-red-inmobiliaria/ has been purged, triggered by action: wp_trash_post 
[2026-02-13 19:09:18 : INFO] - Cache for URL: https://partumdesign.com.mx/inicio-redinmobiliaria/ has been purged, triggered by action: wp_trash_post 
[2026-02-13 19:43:48 : INFO] - Cache for URL: https://partumdesign.com.mx/inicio-rediseno/ has been purged, triggered by action: save_post 
[2026-02-13 19:43:48 : INFO] - Cache for author page URL: https://partumdesign.com.mx/author/maricruz-partum/ associated with post_type: page and Title: "Inicio Rediseño" has been purged, triggered by action: save_post 
[2026-02-13 19:43:49 : INFO] - Cache for URL: https://partumdesign.com.mx/inicio-rediseno/ has been purged, triggered by action: save_post 
[2026-02-13 19:43:49 : INFO] - Cache for author page URL: https://partumdesign.com.mx/author/maricruz-partum/ associated with post_type: page and Title: "Inicio Rediseño" has been purged, triggered by action: save_post 
[2026-02-13 19:43:49 : INFO] - Cache for URL: https://partumdesign.com.mx/inicio-rediseno/ has been purged, triggered by action: save_post 
[2026-02-13 19:43:49 : INFO] - Cache for author page URL: https://partumdesign.com.mx/author/maricruz-partum/ associated with post_type: page and Title: "Inicio Rediseño" has been purged, triggered by action: save_post 
[2026-02-13 19:59:47 : INFO] - Cache for URL: https://partumdesign.com.mx/inicio-rediseno/ has been purged, triggered by action: save_post 
[2026-02-13 19:59:47 : INFO] - Cache for author page URL: https://partumdesign.com.mx/author/maricruz-partum/ associated with post_type: page and Title: "Inicio Rediseño" has been purged, triggered by action: save_post 
[2026-02-13 19:59:48 : INFO] - Cache for URL: https://partumdesign.com.mx/inicio-rediseno/ has been purged, triggered by action: save_post 
[2026-02-13 19:59:48 : INFO] - Cache for author page URL: https://partumdesign.com.mx/author/maricruz-partum/ associated with post_type: page and Title: "Inicio Rediseño" has been purged, triggered by action: save_post 
[2026-02-13 19:59:48 : INFO] - Cache for URL: https://partumdesign.com.mx/inicio-rediseno/ has been purged, triggered by action: save_post 
[2026-02-13 19:59:48 : INFO] - Cache for author page URL: https://partumdesign.com.mx/author/maricruz-partum/ associated with post_type: page and Title: "Inicio Rediseño" has been purged, triggered by action: save_post 
[2026-02-13 20:01:40 : INFO] - Cache for URL: https://partumdesign.com.mx/inicio-rediseno/ has been purged, triggered by action: save_post 
[2026-02-13 20:01:40 : INFO] - Cache for author page URL: https://partumdesign.com.mx/author/maricruz-partum/ associated with post_type: page and Title: "Inicio Rediseño" has been purged, triggered by action: save_post 
[2026-02-13 20:01:41 : INFO] - Cache for URL: https://partumdesign.com.mx/inicio-rediseno/ has been purged, triggered by action: save_post 
[2026-02-13 20:01:41 : INFO] - Cache for author page URL: https://partumdesign.com.mx/author/maricruz-partum/ associated with post_type: page and Title: "Inicio Rediseño" has been purged, triggered by action: save_post 
[2026-02-13 20:01:41 : INFO] - Cache for URL: https://partumdesign.com.mx/inicio-rediseno/ has been purged, triggered by action: save_post 
[2026-02-13 20:01:41 : INFO] - Cache for author page URL: https://partumdesign.com.mx/author/maricruz-partum/ associated with post_type: page and Title: "Inicio Rediseño" has been purged, triggered by action: save_post 
[2026-02-16 15:51:16 : INFO] - Full Cache Purge triggered by: plugin activation/deactivation 
[2026-02-18 20:24:50 : INFO] - Full Cache Purge triggered by: plugin activation/deactivation 
[2026-02-18 20:29:59 : INFO] - Full Cache Purge triggered by: plugin activation/deactivation 
[2026-02-18 20:30:27 : INFO] - Full Cache Purge triggered by: plugin activation/deactivation 
[2026-02-19 03:54:07 : INFO] - Full Cache Purge triggered by: plugin activation/deactivation 
[2026-02-19 03:57:20 : INFO] - Full Cache Purge triggered by: plugin activation/deactivation 
[2026-02-19 03:58:33 : INFO] - Full Cache Purge triggered by: plugin activation/deactivation 
[2026-02-19 04:05:45 : INFO] - Cache for URL: https://partumdesign.com.mx/nosotros/ has been purged, triggered by action: save_post 
[2026-02-19 04:05:45 : INFO] - Cache for author page URL: https://partumdesign.com.mx/author/maricruz-partum/ associated with post_type: page and Title: "Nosotros" has been purged, triggered by action: save_post 
[2026-02-19 04:05:45 : INFO] - Cache for URL: https://partumdesign.com.mx/nosotros/ has been purged, triggered by action: save_post 
[2026-02-19 04:05:45 : INFO] - Cache for author page URL: https://partumdesign.com.mx/author/maricruz-partum/ associated with post_type: page and Title: "Nosotros" has been purged, triggered by action: save_post 
[2026-02-19 04:05:45 : INFO] - Cache for URL: https://partumdesign.com.mx/nosotros/ has been purged, triggered by action: save_post 
[2026-02-19 04:05:45 : INFO] - Cache for author page URL: https://partumdesign.com.mx/author/maricruz-partum/ associated with post_type: page and Title: "Nosotros" has been purged, triggered by action: save_post 
[2026-02-19 04:08:18 : INFO] - Cache for URL: https://partumdesign.com.mx/nosotros/ has been purged, triggered by action: save_post 
[2026-02-19 04:08:18 : INFO] - Cache for author page URL: https://partumdesign.com.mx/author/maricruz-partum/ associated with post_type: page and Title: "Nosotros" has been purged, triggered by action: save_post 
[2026-02-19 04:08:18 : INFO] - Cache for URL: https://partumdesign.com.mx/nosotros/ has been purged, triggered by action: save_post 
[2026-02-19 04:08:18 : INFO] - Cache for author page URL: https://partumdesign.com.mx/author/maricruz-partum/ associated with post_type: page and Title: "Nosotros" has been purged, triggered by action: save_post 
[2026-02-19 04:08:18 : INFO] - Cache for URL: https://partumdesign.com.mx/nosotros/ has been purged, triggered by action: save_post 
[2026-02-19 04:08:18 : INFO] - Cache for author page URL: https://partumdesign.com.mx/author/maricruz-partum/ associated with post_type: page and Title: "Nosotros" has been purged, triggered by action: save_post 
[2026-02-19 04:15:02 : INFO] - Cache for URL: https://partumdesign.com.mx/nosotros/ has been purged, triggered by action: save_post 
[2026-02-19 04:15:02 : INFO] - Cache for author page URL: https://partumdesign.com.mx/author/maricruz-partum/ associated with post_type: page and Title: "Nosotros" has been purged, triggered by action: save_post 
[2026-02-19 04:15:03 : INFO] - Cache for URL: https://partumdesign.com.mx/nosotros/ has been purged, triggered by action: save_post 
[2026-02-19 04:15:03 : INFO] - Cache for author page URL: https://partumdesign.com.mx/author/maricruz-partum/ associated with post_type: page and Title: "Nosotros" has been purged, triggered by action: save_post 
[2026-02-19 04:15:03 : INFO] - Cache for URL: https://partumdesign.com.mx/nosotros/ has been purged, triggered by action: save_post 
[2026-02-19 04:15:03 : INFO] - Cache for author page URL: https://partumdesign.com.mx/author/maricruz-partum/ associated with post_type: page and Title: "Nosotros" has been purged, triggered by action: save_post 
[2026-02-19 04:31:24 : INFO] - Cache for URL: https://partumdesign.com.mx/nosotros/ has been purged, triggered by action: save_post 
[2026-02-19 04:31:24 : INFO] - Cache for author page URL: https://partumdesign.com.mx/author/maricruz-partum/ associated with post_type: page and Title: "Nosotros" has been purged, triggered by action: save_post 
[2026-02-19 04:31:24 : INFO] - Cache for URL: https://partumdesign.com.mx/nosotros/ has been purged, triggered by action: save_post 
[2026-02-19 04:31:24 : INFO] - Cache for author page URL: https://partumdesign.com.mx/author/maricruz-partum/ associated with post_type: page and Title: "Nosotros" has been purged, triggered by action: save_post 
[2026-02-19 04:31:25 : INFO] - Cache for URL: https://partumdesign.com.mx/nosotros/ has been purged, triggered by action: save_post 
[2026-02-19 04:31:25 : INFO] - Cache for author page URL: https://partumdesign.com.mx/author/maricruz-partum/ associated with post_type: page and Title: "Nosotros" has been purged, triggered by action: save_post 
[2026-02-19 04:33:26 : INFO] - Cache for URL: https://partumdesign.com.mx/nosotros/ has been purged, triggered by action: save_post 
[2026-02-19 04:33:26 : INFO] - Cache for author page URL: https://partumdesign.com.mx/author/maricruz-partum/ associated with post_type: page and Title: "Nosotros" has been purged, triggered by action: save_post 
[2026-02-19 04:33:26 : INFO] - Cache for URL: https://partumdesign.com.mx/nosotros/ has been purged, triggered by action: save_post 
[2026-02-19 04:33:26 : INFO] - Cache for author page URL: https://partumdesign.com.mx/author/maricruz-partum/ associated with post_type: page and Title: "Nosotros" has been purged, triggered by action: save_post 
[2026-02-19 04:33:26 : INFO] - Cache for URL: https://partumdesign.com.mx/nosotros/ has been purged, triggered by action: save_post 
[2026-02-19 04:33:26 : INFO] - Cache for author page URL: https://partumdesign.com.mx/author/maricruz-partum/ associated with post_type: page and Title: "Nosotros" has been purged, triggered by action: save_post 
[2026-02-19 04:42:06 : INFO] - Cache for URL: https://partumdesign.com.mx/nosotros/ has been purged, triggered by action: save_post 
[2026-02-19 04:42:06 : INFO] - Cache for author page URL: https://partumdesign.com.mx/author/maricruz-partum/ associated with post_type: page and Title: "Nosotros" has been purged, triggered by action: save_post 
[2026-02-19 04:42:06 : INFO] - Cache for URL: https://partumdesign.com.mx/nosotros/ has been purged, triggered by action: save_post 
[2026-02-19 04:42:06 : INFO] - Cache for author page URL: https://partumdesign.com.mx/author/maricruz-partum/ associated with post_type: page and Title: "Nosotros" has been purged, triggered by action: save_post 
[2026-02-19 04:42:07 : INFO] - Cache for URL: https://partumdesign.com.mx/nosotros/ has been purged, triggered by action: save_post 
[2026-02-19 04:42:07 : INFO] - Cache for author page URL: https://partumdesign.com.mx/author/maricruz-partum/ associated with post_type: page and Title: "Nosotros" has been purged, triggered by action: save_post 
[2026-02-19 04:44:36 : INFO] - Cache for URL: https://partumdesign.com.mx/nosotros/ has been purged, triggered by action: save_post 
[2026-02-19 04:44:36 : INFO] - Cache for author page URL: https://partumdesign.com.mx/author/maricruz-partum/ associated with post_type: page and Title: "Nosotros" has been purged, triggered by action: save_post 
[2026-02-19 04:44:36 : INFO] - Cache for URL: https://partumdesign.com.mx/nosotros/ has been purged, triggered by action: save_post 
[2026-02-19 04:44:36 : INFO] - Cache for author page URL: https://partumdesign.com.mx/author/maricruz-partum/ associated with post_type: page and Title: "Nosotros" has been purged, triggered by action: save_post 
[2026-02-19 04:44:37 : INFO] - Cache for URL: https://partumdesign.com.mx/nosotros/ has been purged, triggered by action: save_post 
[2026-02-19 04:44:37 : INFO] - Cache for author page URL: https://partumdesign.com.mx/author/maricruz-partum/ associated with post_type: page and Title: "Nosotros" has been purged, triggered by action: save_post 
[2026-02-19 05:00:38 : INFO] - Cache for URL: https://partumdesign.com.mx/nosotros/ has been purged, triggered by action: save_post 
[2026-02-19 05:00:38 : INFO] - Cache for author page URL: https://partumdesign.com.mx/author/maricruz-partum/ associated with post_type: page and Title: "Nosotros" has been purged, triggered by action: save_post 
[2026-02-19 05:00:38 : INFO] - Cache for URL: https://partumdesign.com.mx/nosotros/ has been purged, triggered by action: save_post 
[2026-02-19 05:00:38 : INFO] - Cache for author page URL: https://partumdesign.com.mx/author/maricruz-partum/ associated with post_type: page and Title: "Nosotros" has been purged, triggered by action: save_post 
[2026-02-19 05:00:38 : INFO] - Cache for URL: https://partumdesign.com.mx/nosotros/ has been purged, triggered by action: save_post 
[2026-02-19 05:00:38 : INFO] - Cache for author page URL: https://partumdesign.com.mx/author/maricruz-partum/ associated with post_type: page and Title: "Nosotros" has been purged, triggered by action: save_post 
[2026-02-19 05:18:19 : INFO] - Cache for URL: https://partumdesign.com.mx/nosotros/ has been purged, triggered by action: save_post 
[2026-02-19 05:18:19 : INFO] - Cache for author page URL: https://partumdesign.com.mx/author/maricruz-partum/ associated with post_type: page and Title: "Nosotros" has been purged, triggered by action: save_post 
[2026-02-19 05:18:20 : INFO] - Cache for URL: https://partumdesign.com.mx/nosotros/ has been purged, triggered by action: save_post 
[2026-02-19 05:18:20 : INFO] - Cache for author page URL: https://partumdesign.com.mx/author/maricruz-partum/ associated with post_type: page and Title: "Nosotros" has been purged, triggered by action: save_post 
[2026-02-19 05:18:20 : INFO] - Cache for URL: https://partumdesign.com.mx/nosotros/ has been purged, triggered by action: save_post 
[2026-02-19 05:18:20 : INFO] - Cache for author page URL: https://partumdesign.com.mx/author/maricruz-partum/ associated with post_type: page and Title: "Nosotros" has been purged, triggered by action: save_post 
[2026-02-19 05:26:54 : INFO] - Cache for URL: https://partumdesign.com.mx/nosotros/ has been purged, triggered by action: save_post 
[2026-02-19 05:26:54 : INFO] - Cache for author page URL: https://partumdesign.com.mx/author/maricruz-partum/ associated with post_type: page and Title: "Nosotros" has been purged, triggered by action: save_post 
[2026-02-19 05:26:54 : INFO] - Cache for URL: https://partumdesign.com.mx/nosotros/ has been purged, triggered by action: save_post 
[2026-02-19 05:26:54 : INFO] - Cache for author page URL: https://partumdesign.com.mx/author/maricruz-partum/ associated with post_type: page and Title: "Nosotros" has been purged, triggered by action: save_post 
[2026-02-19 05:26:55 : INFO] - Cache for URL: https://partumdesign.com.mx/nosotros/ has been purged, triggered by action: save_post 
[2026-02-19 05:26:55 : INFO] - Cache for author page URL: https://partumdesign.com.mx/author/maricruz-partum/ associated with post_type: page and Title: "Nosotros" has been purged, triggered by action: save_post 
[2026-02-19 05:37:15 : INFO] - Full Cache Purge triggered by: plugin activation/deactivation 
[2026-02-19 05:50:02 : INFO] - Cache for URL: https://partumdesign.com.mx/nosotros/ has been purged, triggered by action: save_post 
[2026-02-19 05:50:02 : INFO] - Cache for author page URL: https://partumdesign.com.mx/author/maricruz-partum/ associated with post_type: page and Title: "Nosotros" has been purged, triggered by action: save_post 
[2026-02-19 05:50:03 : INFO] - Cache for URL: https://partumdesign.com.mx/nosotros/ has been purged, triggered by action: save_post 
[2026-02-19 05:50:03 : INFO] - Cache for author page URL: https://partumdesign.com.mx/author/maricruz-partum/ associated with post_type: page and Title: "Nosotros" has been purged, triggered by action: save_post 
[2026-02-19 05:50:03 : INFO] - Cache for URL: https://partumdesign.com.mx/nosotros/ has been purged, triggered by action: save_post 
[2026-02-19 05:50:03 : INFO] - Cache for author page URL: https://partumdesign.com.mx/author/maricruz-partum/ associated with post_type: page and Title: "Nosotros" has been purged, triggered by action: save_post 
[2026-02-19 05:57:12 : INFO] - Cache for URL: https://partumdesign.com.mx/nosotros/ has been purged, triggered by action: save_post 
[2026-02-19 05:57:12 : INFO] - Cache for author page URL: https://partumdesign.com.mx/author/maricruz-partum/ associated with post_type: page and Title: "Nosotros" has been purged, triggered by action: save_post 
[2026-02-19 05:57:13 : INFO] - Cache for URL: https://partumdesign.com.mx/nosotros/ has been purged, triggered by action: save_post 
[2026-02-19 05:57:13 : INFO] - Cache for author page URL: https://partumdesign.com.mx/author/maricruz-partum/ associated with post_type: page and Title: "Nosotros" has been purged, triggered by action: save_post 
[2026-02-19 05:57:13 : INFO] - Cache for URL: https://partumdesign.com.mx/nosotros/ has been purged, triggered by action: save_post 
[2026-02-19 05:57:13 : INFO] - Cache for author page URL: https://partumdesign.com.mx/author/maricruz-partum/ associated with post_type: page and Title: "Nosotros" has been purged, triggered by action: save_post 
[2026-02-19 06:15:14 : INFO] - Cache for URL: https://partumdesign.com.mx/nosotros/ has been purged, triggered by action: save_post 
[2026-02-19 06:15:14 : INFO] - Cache for author page URL: https://partumdesign.com.mx/author/maricruz-partum/ associated with post_type: page and Title: "Nosotros" has been purged, triggered by action: save_post 
[2026-02-19 06:15:15 : INFO] - Cache for URL: https://partumdesign.com.mx/nosotros/ has been purged, triggered by action: save_post 
[2026-02-19 06:15:15 : INFO] - Cache for author page URL: https://partumdesign.com.mx/author/maricruz-partum/ associated with post_type: page and Title: "Nosotros" has been purged, triggered by action: save_post 
[2026-02-19 06:15:15 : INFO] - Cache for URL: https://partumdesign.com.mx/nosotros/ has been purged, triggered by action: save_post 
[2026-02-19 06:15:15 : INFO] - Cache for author page URL: https://partumdesign.com.mx/author/maricruz-partum/ associated with post_type: page and Title: "Nosotros" has been purged, triggered by action: save_post 
[2026-02-19 06:19:27 : INFO] - Cache for URL: https://partumdesign.com.mx/nosotros/ has been purged, triggered by action: save_post 
[2026-02-19 06:19:27 : INFO] - Cache for author page URL: https://partumdesign.com.mx/author/maricruz-partum/ associated with post_type: page and Title: "Nosotros" has been purged, triggered by action: save_post 
[2026-02-19 06:19:27 : INFO] - Cache for URL: https://partumdesign.com.mx/nosotros/ has been purged, triggered by action: save_post 
[2026-02-19 06:19:27 : INFO] - Cache for author page URL: https://partumdesign.com.mx/author/maricruz-partum/ associated with post_type: page and Title: "Nosotros" has been purged, triggered by action: save_post 
[2026-02-19 06:19:27 : INFO] - Cache for URL: https://partumdesign.com.mx/nosotros/ has been purged, triggered by action: save_post 
[2026-02-19 06:19:27 : INFO] - Cache for author page URL: https://partumdesign.com.mx/author/maricruz-partum/ associated with post_type: page and Title: "Nosotros" has been purged, triggered by action: save_post 
[2026-02-19 06:22:42 : INFO] - Cache for URL: https://partumdesign.com.mx/nosotros/ has been purged, triggered by action: save_post 
[2026-02-19 06:22:42 : INFO] - Cache for author page URL: https://partumdesign.com.mx/author/maricruz-partum/ associated with post_type: page and Title: "Nosotros" has been purged, triggered by action: save_post 
[2026-02-19 06:22:43 : INFO] - Cache for URL: https://partumdesign.com.mx/nosotros/ has been purged, triggered by action: save_post 
[2026-02-19 06:22:43 : INFO] - Cache for author page URL: https://partumdesign.com.mx/author/maricruz-partum/ associated with post_type: page and Title: "Nosotros" has been purged, triggered by action: save_post 
[2026-02-19 06:22:43 : INFO] - Cache for URL: https://partumdesign.com.mx/nosotros/ has been purged, triggered by action: save_post 
[2026-02-19 06:22:43 : INFO] - Cache for author page URL: https://partumdesign.com.mx/author/maricruz-partum/ associated with post_type: page and Title: "Nosotros" has been purged, triggered by action: save_post 
[2026-02-19 06:35:43 : INFO] - Cache for URL: https://partumdesign.com.mx/nosotros/ has been purged, triggered by action: save_post 
[2026-02-19 06:35:43 : INFO] - Cache for author page URL: https://partumdesign.com.mx/author/maricruz-partum/ associated with post_type: page and Title: "Nosotros" has been purged, triggered by action: save_post 
[2026-02-19 06:35:43 : INFO] - Cache for URL: https://partumdesign.com.mx/nosotros/ has been purged, triggered by action: save_post 
[2026-02-19 06:35:43 : INFO] - Cache for author page URL: https://partumdesign.com.mx/author/maricruz-partum/ associated with post_type: page and Title: "Nosotros" has been purged, triggered by action: save_post 
[2026-02-19 06:35:43 : INFO] - Cache for URL: https://partumdesign.com.mx/nosotros/ has been purged, triggered by action: save_post 
[2026-02-19 06:35:43 : INFO] - Cache for author page URL: https://partumdesign.com.mx/author/maricruz-partum/ associated with post_type: page and Title: "Nosotros" has been purged, triggered by action: save_post 
[2026-02-19 06:36:30 : INFO] - Cache for URL: https://partumdesign.com.mx/inicio-rediseno/ has been purged, triggered by action: save_post 
[2026-02-19 06:36:30 : INFO] - Cache for author page URL: https://partumdesign.com.mx/author/maricruz-partum/ associated with post_type: page and Title: "Inicio Rediseño" has been purged, triggered by action: save_post 
[2026-02-19 06:36:31 : INFO] - Cache for URL: https://partumdesign.com.mx/inicio-rediseno/ has been purged, triggered by action: save_post 
[2026-02-19 06:36:31 : INFO] - Cache for author page URL: https://partumdesign.com.mx/author/maricruz-partum/ associated with post_type: page and Title: "Inicio Rediseño" has been purged, triggered by action: save_post 
[2026-02-19 06:36:31 : INFO] - Cache for URL: https://partumdesign.com.mx/inicio-rediseno/ has been purged, triggered by action: save_post 
[2026-02-19 06:36:31 : INFO] - Cache for author page URL: https://partumdesign.com.mx/author/maricruz-partum/ associated with post_type: page and Title: "Inicio Rediseño" has been purged, triggered by action: save_post 
[2026-02-19 16:21:51 : INFO] - Cache for URL: https://partumdesign.com.mx/inicio-rediseno/ has been purged, triggered by action: save_post 
[2026-02-19 16:21:51 : INFO] - Cache for author page URL: https://partumdesign.com.mx/author/maricruz-partum/ associated with post_type: page and Title: "Inicio Rediseño" has been purged, triggered by action: save_post 
[2026-02-19 16:21:52 : INFO] - Cache for URL: https://partumdesign.com.mx/inicio-rediseno/ has been purged, triggered by action: save_post 
[2026-02-19 16:21:52 : INFO] - Cache for author page URL: https://partumdesign.com.mx/author/maricruz-partum/ associated with post_type: page and Title: "Inicio Rediseño" has been purged, triggered by action: save_post 
[2026-02-19 16:21:52 : INFO] - Cache for URL: https://partumdesign.com.mx/inicio-rediseno/ has been purged, triggered by action: save_post 
[2026-02-19 16:21:52 : INFO] - Cache for author page URL: https://partumdesign.com.mx/author/maricruz-partum/ associated with post_type: page and Title: "Inicio Rediseño" has been purged, triggered by action: save_post 
[2026-02-19 16:28:28 : INFO] - Cache for URL: https://partumdesign.com.mx/inicio-rediseno/ has been purged, triggered by action: save_post 
[2026-02-19 16:28:28 : INFO] - Cache for author page URL: https://partumdesign.com.mx/author/maricruz-partum/ associated with post_type: page and Title: "Inicio Rediseño" has been purged, triggered by action: save_post 
[2026-02-19 16:28:28 : INFO] - Cache for URL: https://partumdesign.com.mx/inicio-rediseno/ has been purged, triggered by action: save_post 
[2026-02-19 16:28:28 : INFO] - Cache for author page URL: https://partumdesign.com.mx/author/maricruz-partum/ associated with post_type: page and Title: "Inicio Rediseño" has been purged, triggered by action: save_post 
[2026-02-19 16:28:28 : INFO] - Cache for URL: https://partumdesign.com.mx/inicio-rediseno/ has been purged, triggered by action: save_post 
[2026-02-19 16:28:28 : INFO] - Cache for author page URL: https://partumdesign.com.mx/author/maricruz-partum/ associated with post_type: page and Title: "Inicio Rediseño" has been purged, triggered by action: save_post 
[2026-02-19 16:44:35 : INFO] - Cache for URL: https://partumdesign.com.mx/inicio-rediseno/ has been purged, triggered by action: save_post 
[2026-02-19 16:44:35 : INFO] - Cache for author page URL: https://partumdesign.com.mx/author/maricruz-partum/ associated with post_type: page and Title: "Inicio Rediseño" has been purged, triggered by action: save_post 
[2026-02-19 16:44:36 : INFO] - Cache for URL: https://partumdesign.com.mx/inicio-rediseno/ has been purged, triggered by action: save_post 
[2026-02-19 16:44:36 : INFO] - Cache for author page URL: https://partumdesign.com.mx/author/maricruz-partum/ associated with post_type: page and Title: "Inicio Rediseño" has been purged, triggered by action: save_post 
[2026-02-19 16:44:36 : INFO] - Cache for URL: https://partumdesign.com.mx/inicio-rediseno/ has been purged, triggered by action: save_post 
[2026-02-19 16:44:36 : INFO] - Cache for author page URL: https://partumdesign.com.mx/author/maricruz-partum/ associated with post_type: page and Title: "Inicio Rediseño" has been purged, triggered by action: save_post 
[2026-02-19 17:01:02 : INFO] - Cache for URL: https://partumdesign.com.mx/inicio-rediseno/ has been purged, triggered by action: save_post 
[2026-02-19 17:01:02 : INFO] - Cache for author page URL: https://partumdesign.com.mx/author/maricruz-partum/ associated with post_type: page and Title: "Inicio Rediseño" has been purged, triggered by action: save_post 
[2026-02-19 17:01:03 : INFO] - Cache for URL: https://partumdesign.com.mx/inicio-rediseno/ has been purged, triggered by action: save_post 
[2026-02-19 17:01:03 : INFO] - Cache for author page URL: https://partumdesign.com.mx/author/maricruz-partum/ associated with post_type: page and Title: "Inicio Rediseño" has been purged, triggered by action: save_post 
[2026-02-19 17:01:03 : INFO] - Cache for URL: https://partumdesign.com.mx/inicio-rediseno/ has been purged, triggered by action: save_post 
[2026-02-19 17:01:03 : INFO] - Cache for author page URL: https://partumdesign.com.mx/author/maricruz-partum/ associated with post_type: page and Title: "Inicio Rediseño" has been purged, triggered by action: save_post 
[2026-02-19 17:05:00 : INFO] - Cache for URL: https://partumdesign.com.mx/inicio-rediseno/ has been purged, triggered by action: save_post 
[2026-02-19 17:05:00 : INFO] - Cache for author page URL: https://partumdesign.com.mx/author/maricruz-partum/ associated with post_type: page and Title: "Inicio Rediseño" has been purged, triggered by action: save_post 
[2026-02-19 17:05:01 : INFO] - Cache for URL: https://partumdesign.com.mx/inicio-rediseno/ has been purged, triggered by action: save_post 
[2026-02-19 17:05:01 : INFO] - Cache for author page URL: https://partumdesign.com.mx/author/maricruz-partum/ associated with post_type: page and Title: "Inicio Rediseño" has been purged, triggered by action: save_post 
[2026-02-19 17:05:01 : INFO] - Cache for URL: https://partumdesign.com.mx/inicio-rediseno/ has been purged, triggered by action: save_post 
[2026-02-19 17:05:01 : INFO] - Cache for author page URL: https://partumdesign.com.mx/author/maricruz-partum/ associated with post_type: page and Title: "Inicio Rediseño" has been purged, triggered by action: save_post 
[2026-02-19 17:09:36 : INFO] - Full Cache Purge triggered by: plugin activation/deactivation 
[2026-02-19 17:09:40 : INFO] - Cache for multiple term taxonomy have been purged due to post terms update, triggered by action: set_object_terms 
[2026-02-19 17:09:40 : INFO] - Cache for URL: https://partumdesign.com.mx/?gs-logo-slider=gs-logo-one has been purged, triggered by action: save_post 
[2026-02-19 17:09:41 : INFO] - Cache for multiple term taxonomy have been purged due to post terms update, triggered by action: set_object_terms 
[2026-02-19 17:09:41 : INFO] - Cache for URL: https://partumdesign.com.mx/?gs-logo-slider=gs-logo-two has been purged, triggered by action: save_post 
[2026-02-19 17:09:41 : INFO] - Cache for multiple term taxonomy have been purged due to post terms update, triggered by action: set_object_terms 
[2026-02-19 17:09:41 : INFO] - Cache for URL: https://partumdesign.com.mx/?gs-logo-slider=gs-logo-three has been purged, triggered by action: save_post 
[2026-02-19 17:09:41 : INFO] - Cache for multiple term taxonomy have been purged due to post terms update, triggered by action: set_object_terms 
[2026-02-19 17:09:41 : INFO] - Cache for URL: https://partumdesign.com.mx/?gs-logo-slider=gs-logo-four has been purged, triggered by action: save_post 
[2026-02-19 17:09:41 : INFO] - Cache for multiple term taxonomy have been purged due to post terms update, triggered by action: set_object_terms 
[2026-02-19 17:09:41 : INFO] - Cache for URL: https://partumdesign.com.mx/?gs-logo-slider=gs-logo-five has been purged, triggered by action: save_post 
[2026-02-19 17:09:41 : INFO] - Cache for multiple term taxonomy have been purged due to post terms update, triggered by action: set_object_terms 
[2026-02-19 17:09:41 : INFO] - Cache for URL: https://partumdesign.com.mx/?gs-logo-slider=gs-logo-six has been purged, triggered by action: save_post 
[2026-02-19 17:09:41 : INFO] - Cache for multiple term taxonomy have been purged due to post terms update, triggered by action: set_object_terms 
[2026-02-19 17:09:41 : INFO] - Cache for URL: https://partumdesign.com.mx/?gs-logo-slider=gs-logo-seven has been purged, triggered by action: save_post 
[2026-02-19 17:09:41 : INFO] - Cache for multiple term taxonomy have been purged due to post terms update, triggered by action: set_object_terms 
[2026-02-19 17:09:41 : INFO] - Cache for URL: https://partumdesign.com.mx/?gs-logo-slider=gs-logo-eight has been purged, triggered by action: save_post 
[2026-02-19 17:09:41 : INFO] - Cache for multiple term taxonomy have been purged due to post terms update, triggered by action: set_object_terms 
[2026-02-19 17:09:41 : INFO] - Cache for URL: https://partumdesign.com.mx/?gs-logo-slider=gs-logo-nine has been purged, triggered by action: save_post 
[2026-02-19 17:09:41 : INFO] - Cache for multiple term taxonomy have been purged due to post terms update, triggered by action: set_object_terms 
[2026-02-19 17:09:41 : INFO] - Cache for URL: https://partumdesign.com.mx/?gs-logo-slider=gs-logo-ten has been purged, triggered by action: save_post 
[2026-02-19 17:09:41 : INFO] - Cache for multiple term taxonomy have been purged due to post terms update, triggered by action: set_object_terms 
[2026-02-19 17:09:41 : INFO] - Cache for URL: https://partumdesign.com.mx/?gs-logo-slider=gs-logo-eleven has been purged, triggered by action: save_post 
[2026-02-19 17:09:41 : INFO] - Cache for multiple term taxonomy have been purged due to post terms update, triggered by action: set_object_terms 
[2026-02-19 17:09:42 : INFO] - Cache for URL: https://partumdesign.com.mx/?gs-logo-slider=gs-logo-twelve has been purged, triggered by action: save_post 
[2026-02-19 17:15:00 : INFO] - Cache for multiple term taxonomy have been purged due to post terms update, triggered by action: set_object_terms 
[2026-02-19 17:15:00 : INFO] - Cache for URL: https://partumdesign.com.mx/?gs-logo-slider=gs-logo-one has been purged, triggered by action: save_post 
[2026-02-19 17:15:34 : INFO] - Cache for URL: https://partumdesign.com.mx/?gs-logo-slider=gs-logo-eight has been purged, triggered by action: wp_trash_post 
[2026-02-19 17:16:52 : INFO] - Cache for multiple term taxonomy have been purged due to post terms update, triggered by action: set_object_terms 
[2026-02-19 17:16:52 : INFO] - Cache for URL: https://partumdesign.com.mx/?gs-logo-slider=gs-logo-two has been purged, triggered by action: save_post 
[2026-02-19 17:18:59 : INFO] - Cache for URL: https://partumdesign.com.mx/inicio-rediseno/ has been purged, triggered by action: save_post 
[2026-02-19 17:18:59 : INFO] - Cache for author page URL: https://partumdesign.com.mx/author/maricruz-partum/ associated with post_type: page and Title: "Inicio Rediseño" has been purged, triggered by action: save_post 
[2026-02-19 17:19:00 : INFO] - Cache for URL: https://partumdesign.com.mx/inicio-rediseno/ has been purged, triggered by action: save_post 
[2026-02-19 17:19:00 : INFO] - Cache for author page URL: https://partumdesign.com.mx/author/maricruz-partum/ associated with post_type: page and Title: "Inicio Rediseño" has been purged, triggered by action: save_post 
[2026-02-19 17:19:00 : INFO] - Cache for URL: https://partumdesign.com.mx/inicio-rediseno/ has been purged, triggered by action: save_post 
[2026-02-19 17:19:00 : INFO] - Cache for author page URL: https://partumdesign.com.mx/author/maricruz-partum/ associated with post_type: page and Title: "Inicio Rediseño" has been purged, triggered by action: save_post 
[2026-02-19 17:19:55 : INFO] - Cache for multiple term taxonomy have been purged due to post terms update, triggered by action: set_object_terms 
[2026-02-19 17:19:56 : INFO] - Cache for URL: https://partumdesign.com.mx/?gs-logo-slider=gs-logo-two has been purged, triggered by action: save_post 
[2026-02-19 17:20:31 : INFO] - Cache for multiple term taxonomy have been purged due to post terms update, triggered by action: set_object_terms 
[2026-02-19 17:20:31 : INFO] - Cache for URL: https://partumdesign.com.mx/?gs-logo-slider=circle has been purged, triggered by action: save_post 
[2026-02-19 17:20:55 : INFO] - Cache for multiple term taxonomy have been purged due to post terms update, triggered by action: set_object_terms 
[2026-02-19 17:20:55 : INFO] - Cache for URL: https://partumdesign.com.mx/?gs-logo-slider=aven has been purged, triggered by action: save_post 
[2026-02-19 17:22:07 : INFO] - Cache for multiple term taxonomy have been purged due to post terms update, triggered by action: set_object_terms 
[2026-02-19 17:22:08 : INFO] - Cache for URL: https://partumdesign.com.mx/?gs-logo-slider=prefabricados has been purged, triggered by action: save_post 
[2026-02-19 17:22:50 : INFO] - Cache for multiple term taxonomy have been purged due to post terms update, triggered by action: set_object_terms 
[2026-02-19 17:22:50 : INFO] - Cache for URL: https://partumdesign.com.mx/?gs-logo-slider=velocity has been purged, triggered by action: save_post 
[2026-02-19 17:23:11 : INFO] - Cache for URL: https://partumdesign.com.mx/?gs-logo-slider=treva has been purged, triggered by action: save_post 
[2026-02-19 17:23:17 : INFO] - Cache for multiple term taxonomy have been purged due to post terms update, triggered by action: set_object_terms 
[2026-02-19 17:23:17 : INFO] - Cache for URL: https://partumdesign.com.mx/?gs-logo-slider=treva has been purged, triggered by action: save_post 
[2026-02-19 17:23:41 : INFO] - Cache for multiple term taxonomy have been purged due to post terms update, triggered by action: set_object_terms 
[2026-02-19 17:23:41 : INFO] - Cache for URL: https://partumdesign.com.mx/?gs-logo-slider=solay has been purged, triggered by action: save_post 
[2026-02-19 17:24:06 : INFO] - Cache for multiple term taxonomy have been purged due to post terms update, triggered by action: set_object_terms 
[2026-02-19 17:24:06 : INFO] - Cache for URL: https://partumdesign.com.mx/?gs-logo-slider=muzica has been purged, triggered by action: save_post 
[2026-02-19 17:24:41 : INFO] - Cache for multiple term taxonomy have been purged due to post terms update, triggered by action: set_object_terms 
[2026-02-19 17:24:41 : INFO] - Cache for URL: https://partumdesign.com.mx/?gs-logo-slider=light-ai has been purged, triggered by action: save_post 
[2026-02-19 17:25:07 : INFO] - Cache for multiple term taxonomy have been purged due to post terms update, triggered by action: set_object_terms 
[2026-02-19 17:25:08 : INFO] - Cache for URL: https://partumdesign.com.mx/?gs-logo-slider=hexlab has been purged, triggered by action: save_post 
[2026-02-19 17:25:28 : INFO] - Cache for multiple term taxonomy have been purged due to post terms update, triggered by action: set_object_terms 
[2026-02-19 17:25:28 : INFO] - Cache for URL: https://partumdesign.com.mx/?gs-logo-slider=zootv has been purged, triggered by action: save_post 
[2026-02-19 17:25:55 : INFO] - Cache for multiple term taxonomy have been purged due to post terms update, triggered by action: set_object_terms 
[2026-02-19 17:25:56 : INFO] - Cache for URL: https://partumdesign.com.mx/?gs-logo-slider=fox-hub has been purged, triggered by action: save_post 
[2026-02-19 17:26:24 : INFO] - Cache for multiple term taxonomy have been purged due to post terms update, triggered by action: set_object_terms 
[2026-02-19 17:26:24 : INFO] - Cache for URL: https://partumdesign.com.mx/?gs-logo-slider=earth-2-0 has been purged, triggered by action: save_post 
[2026-02-19 17:26:54 : INFO] - Cache for multiple term taxonomy have been purged due to post terms update, triggered by action: set_object_terms 
[2026-02-19 17:26:54 : INFO] - Cache for URL: https://partumdesign.com.mx/?gs-logo-slider=amara has been purged, triggered by action: save_post 
[2026-02-19 17:27:28 : INFO] - Cache for multiple term taxonomy have been purged due to post terms update, triggered by action: set_object_terms 
[2026-02-19 17:27:28 : INFO] - Cache for URL: https://partumdesign.com.mx/?gs-logo-slider=triton has been purged, triggered by action: save_post 
[2026-02-19 17:28:21 : INFO] - Cache for multiple term taxonomy have been purged due to post terms update, triggered by action: set_object_terms 
[2026-02-19 17:28:21 : INFO] - Cache for URL: https://partumdesign.com.mx/?gs-logo-slider=grupo-ad has been purged, triggered by action: save_post 
[2026-02-19 17:28:54 : INFO] - Cache for multiple term taxonomy have been purged due to post terms update, triggered by action: set_object_terms 
[2026-02-19 17:28:55 : INFO] - Cache for URL: https://partumdesign.com.mx/?gs-logo-slider=golden-republic has been purged, triggered by action: save_post 
[2026-02-19 17:30:23 : INFO] - Cache for multiple term taxonomy have been purged due to post terms update, triggered by action: set_object_terms 
[2026-02-19 17:30:23 : INFO] - Cache for URL: https://partumdesign.com.mx/?gs-logo-slider=tritton has been purged, triggered by action: save_post 
[2026-02-19 17:33:13 : INFO] - Cache for multiple term taxonomy have been purged due to post terms update, triggered by action: set_object_terms 
[2026-02-19 17:33:14 : INFO] - Cache for URL: https://partumdesign.com.mx/?gs-logo-slider=xigma has been purged, triggered by action: save_post 
[2026-02-19 17:33:48 : INFO] - Cache for multiple term taxonomy have been purged due to post terms update, triggered by action: set_object_terms 
[2026-02-19 17:33:48 : INFO] - Cache for URL: https://partumdesign.com.mx/?gs-logo-slider=plus-secure has been purged, triggered by action: save_post 
[2026-02-19 17:34:23 : INFO] - Cache for multiple term taxonomy have been purged due to post terms update, triggered by action: set_object_terms 
[2026-02-19 17:34:23 : INFO] - Cache for URL: https://partumdesign.com.mx/?gs-logo-slider=efficient has been purged, triggered by action: save_post 
[2026-02-19 17:34:49 : INFO] - Cache for multiple term taxonomy have been purged due to post terms update, triggered by action: set_object_terms 
[2026-02-19 17:34:49 : INFO] - Cache for URL: https://partumdesign.com.mx/?gs-logo-slider=karina-pot has been purged, triggered by action: save_post 
[2026-02-19 17:36:28 : INFO] - Cache for URL: https://partumdesign.com.mx/inicio-rediseno/ has been purged, triggered by action: save_post 
[2026-02-19 17:36:28 : INFO] - Cache for author page URL: https://partumdesign.com.mx/author/maricruz-partum/ associated with post_type: page and Title: "Inicio Rediseño" has been purged, triggered by action: save_post 
[2026-02-19 17:36:28 : INFO] - Cache for URL: https://partumdesign.com.mx/inicio-rediseno/ has been purged, triggered by action: save_post 
[2026-02-19 17:36:28 : INFO] - Cache for author page URL: https://partumdesign.com.mx/author/maricruz-partum/ associated with post_type: page and Title: "Inicio Rediseño" has been purged, triggered by action: save_post 
[2026-02-19 17:36:28 : INFO] - Cache for URL: https://partumdesign.com.mx/inicio-rediseno/ has been purged, triggered by action: save_post 
[2026-02-19 17:36:28 : INFO] - Cache for author page URL: https://partumdesign.com.mx/author/maricruz-partum/ associated with post_type: page and Title: "Inicio Rediseño" has been purged, triggered by action: save_post 
[2026-02-19 17:37:13 : INFO] - Cache for multiple term taxonomy have been purged due to post terms update, triggered by action: set_object_terms 
[2026-02-19 17:37:13 : INFO] - Cache for URL: https://partumdesign.com.mx/?gs-logo-slider=bravo-logix has been purged, triggered by action: save_post 
[2026-02-19 17:37:43 : INFO] - Cache for multiple term taxonomy have been purged due to post terms update, triggered by action: set_object_terms 
[2026-02-19 17:37:43 : INFO] - Cache for URL: https://partumdesign.com.mx/?gs-logo-slider=sum has been purged, triggered by action: save_post 
[2026-02-19 17:38:33 : INFO] - Cache for multiple term taxonomy have been purged due to post terms update, triggered by action: set_object_terms 
[2026-02-19 17:38:33 : INFO] - Cache for URL: https://partumdesign.com.mx/?gs-logo-slider=sum has been purged, triggered by action: save_post 
[2026-02-19 17:39:13 : INFO] - Cache for multiple term taxonomy have been purged due to post terms update, triggered by action: set_object_terms 
[2026-02-19 17:39:14 : INFO] - Cache for URL: https://partumdesign.com.mx/?gs-logo-slider=smart-storage has been purged, triggered by action: save_post 
[2026-02-19 17:45:40 : INFO] - Cache for URL: https://partumdesign.com.mx/inicio-rediseno/ has been purged, triggered by action: save_post 
[2026-02-19 17:45:40 : INFO] - Cache for author page URL: https://partumdesign.com.mx/author/maricruz-partum/ associated with post_type: page and Title: "Inicio Rediseño" has been purged, triggered by action: save_post 
[2026-02-19 17:45:41 : INFO] - Cache for URL: https://partumdesign.com.mx/inicio-rediseno/ has been purged, triggered by action: save_post 
[2026-02-19 17:45:41 : INFO] - Cache for author page URL: https://partumdesign.com.mx/author/maricruz-partum/ associated with post_type: page and Title: "Inicio Rediseño" has been purged, triggered by action: save_post 
[2026-02-19 17:45:41 : INFO] - Cache for URL: https://partumdesign.com.mx/inicio-rediseno/ has been purged, triggered by action: save_post 
[2026-02-19 17:45:41 : INFO] - Cache for author page URL: https://partumdesign.com.mx/author/maricruz-partum/ associated with post_type: page and Title: "Inicio Rediseño" has been purged, triggered by action: save_post 
[2026-02-19 17:47:45 : INFO] - Cache for URL: https://partumdesign.com.mx/inicio-rediseno/ has been purged, triggered by action: save_post 
[2026-02-19 17:47:45 : INFO] - Cache for author page URL: https://partumdesign.com.mx/author/maricruz-partum/ associated with post_type: page and Title: "Inicio Rediseño" has been purged, triggered by action: save_post 
[2026-02-19 17:47:45 : INFO] - Cache for URL: https://partumdesign.com.mx/inicio-rediseno/ has been purged, triggered by action: save_post 
[2026-02-19 17:47:45 : INFO] - Cache for author page URL: https://partumdesign.com.mx/author/maricruz-partum/ associated with post_type: page and Title: "Inicio Rediseño" has been purged, triggered by action: save_post 
[2026-02-19 17:47:46 : INFO] - Cache for URL: https://partumdesign.com.mx/inicio-rediseno/ has been purged, triggered by action: save_post 
[2026-02-19 17:47:46 : INFO] - Cache for author page URL: https://partumdesign.com.mx/author/maricruz-partum/ associated with post_type: page and Title: "Inicio Rediseño" has been purged, triggered by action: save_post 
[2026-02-19 17:54:26 : INFO] - Cache for URL: https://partumdesign.com.mx/inicio-rediseno/ has been purged, triggered by action: save_post 
[2026-02-19 17:54:26 : INFO] - Cache for author page URL: https://partumdesign.com.mx/author/maricruz-partum/ associated with post_type: page and Title: "Inicio Rediseño" has been purged, triggered by action: save_post 
[2026-02-19 17:54:27 : INFO] - Cache for URL: https://partumdesign.com.mx/inicio-rediseno/ has been purged, triggered by action: save_post 
[2026-02-19 17:54:27 : INFO] - Cache for author page URL: https://partumdesign.com.mx/author/maricruz-partum/ associated with post_type: page and Title: "Inicio Rediseño" has been purged, triggered by action: save_post 
[2026-02-19 17:54:27 : INFO] - Cache for URL: https://partumdesign.com.mx/inicio-rediseno/ has been purged, triggered by action: save_post 
[2026-02-19 17:54:27 : INFO] - Cache for author page URL: https://partumdesign.com.mx/author/maricruz-partum/ associated with post_type: page and Title: "Inicio Rediseño" has been purged, triggered by action: save_post 
[2026-02-19 18:07:29 : INFO] - Cache for URL: https://partumdesign.com.mx/inicio-rediseno/ has been purged, triggered by action: save_post 
[2026-02-19 18:07:29 : INFO] - Cache for author page URL: https://partumdesign.com.mx/author/maricruz-partum/ associated with post_type: page and Title: "Inicio Rediseño" has been purged, triggered by action: save_post 
[2026-02-19 18:07:30 : INFO] - Cache for URL: https://partumdesign.com.mx/inicio-rediseno/ has been purged, triggered by action: save_post 
[2026-02-19 18:07:30 : INFO] - Cache for author page URL: https://partumdesign.com.mx/author/maricruz-partum/ associated with post_type: page and Title: "Inicio Rediseño" has been purged, triggered by action: save_post 
[2026-02-19 18:07:30 : INFO] - Cache for URL: https://partumdesign.com.mx/inicio-rediseno/ has been purged, triggered by action: save_post 
[2026-02-19 18:07:30 : INFO] - Cache for author page URL: https://partumdesign.com.mx/author/maricruz-partum/ associated with post_type: page and Title: "Inicio Rediseño" has been purged, triggered by action: save_post 
[2026-02-19 18:11:45 : INFO] - Cache for URL: https://partumdesign.com.mx/inicio-rediseno/ has been purged, triggered by action: save_post 
[2026-02-19 18:11:45 : INFO] - Cache for author page URL: https://partumdesign.com.mx/author/maricruz-partum/ associated with post_type: page and Title: "Inicio Rediseño" has been purged, triggered by action: save_post 
[2026-02-19 18:11:46 : INFO] - Cache for URL: https://partumdesign.com.mx/inicio-rediseno/ has been purged, triggered by action: save_post 
[2026-02-19 18:11:46 : INFO] - Cache for author page URL: https://partumdesign.com.mx/author/maricruz-partum/ associated with post_type: page and Title: "Inicio Rediseño" has been purged, triggered by action: save_post 
[2026-02-19 18:11:46 : INFO] - Cache for URL: https://partumdesign.com.mx/inicio-rediseno/ has been purged, triggered by action: save_post 
[2026-02-19 18:11:46 : INFO] - Cache for author page URL: https://partumdesign.com.mx/author/maricruz-partum/ associated with post_type: page and Title: "Inicio Rediseño" has been purged, triggered by action: save_post 
[2026-02-19 18:19:36 : INFO] - Cache for URL: https://partumdesign.com.mx/inicio-rediseno/ has been purged, triggered by action: save_post 
[2026-02-19 18:19:36 : INFO] - Cache for author page URL: https://partumdesign.com.mx/author/maricruz-partum/ associated with post_type: page and Title: "Inicio Rediseño" has been purged, triggered by action: save_post 
[2026-02-19 18:19:36 : INFO] - Cache for URL: https://partumdesign.com.mx/inicio-rediseno/ has been purged, triggered by action: save_post 
[2026-02-19 18:19:36 : INFO] - Cache for author page URL: https://partumdesign.com.mx/author/maricruz-partum/ associated with post_type: page and Title: "Inicio Rediseño" has been purged, triggered by action: save_post 
[2026-02-19 18:19:37 : INFO] - Cache for URL: https://partumdesign.com.mx/inicio-rediseno/ has been purged, triggered by action: save_post 
[2026-02-19 18:19:37 : INFO] - Cache for author page URL: https://partumdesign.com.mx/author/maricruz-partum/ associated with post_type: page and Title: "Inicio Rediseño" has been purged, triggered by action: save_post 
[2026-02-19 18:21:48 : INFO] - Cache for URL: https://partumdesign.com.mx/inicio-rediseno/ has been purged, triggered by action: save_post 
[2026-02-19 18:21:48 : INFO] - Cache for author page URL: https://partumdesign.com.mx/author/maricruz-partum/ associated with post_type: page and Title: "Inicio Rediseño" has been purged, triggered by action: save_post 
[2026-02-19 18:21:49 : INFO] - Cache for URL: https://partumdesign.com.mx/inicio-rediseno/ has been purged, triggered by action: save_post 
[2026-02-19 18:21:49 : INFO] - Cache for author page URL: https://partumdesign.com.mx/author/maricruz-partum/ associated with post_type: page and Title: "Inicio Rediseño" has been purged, triggered by action: save_post 
[2026-02-19 18:21:49 : INFO] - Cache for URL: https://partumdesign.com.mx/inicio-rediseno/ has been purged, triggered by action: save_post 
[2026-02-19 18:21:49 : INFO] - Cache for author page URL: https://partumdesign.com.mx/author/maricruz-partum/ associated with post_type: page and Title: "Inicio Rediseño" has been purged, triggered by action: save_post 
[2026-02-19 18:33:55 : INFO] - Full Cache Purge triggered by: plugin activation/deactivation 
[2026-02-19 18:39:28 : INFO] - Cache for URL: https://partumdesign.com.mx/inicio-rediseno/ has been purged, triggered by action: save_post 
[2026-02-19 18:39:28 : INFO] - Cache for author page URL: https://partumdesign.com.mx/author/maricruz-partum/ associated with post_type: page and Title: "Inicio Rediseño" has been purged, triggered by action: save_post 
[2026-02-19 18:39:28 : INFO] - Cache for URL: https://partumdesign.com.mx/inicio-rediseno/ has been purged, triggered by action: save_post 
[2026-02-19 18:39:28 : INFO] - Cache for author page URL: https://partumdesign.com.mx/author/maricruz-partum/ associated with post_type: page and Title: "Inicio Rediseño" has been purged, triggered by action: save_post 
[2026-02-19 18:39:29 : INFO] - Cache for URL: https://partumdesign.com.mx/inicio-rediseno/ has been purged, triggered by action: save_post 
[2026-02-19 18:39:29 : INFO] - Cache for author page URL: https://partumdesign.com.mx/author/maricruz-partum/ associated with post_type: page and Title: "Inicio Rediseño" has been purged, triggered by action: save_post 
[2026-02-19 18:51:06 : INFO] - Cache for URL: https://partumdesign.com.mx/inicio-rediseno/ has been purged, triggered by action: save_post 
[2026-02-19 18:51:06 : INFO] - Cache for author page URL: https://partumdesign.com.mx/author/maricruz-partum/ associated with post_type: page and Title: "Inicio Rediseño" has been purged, triggered by action: save_post 
[2026-02-19 18:51:07 : INFO] - Cache for URL: https://partumdesign.com.mx/inicio-rediseno/ has been purged, triggered by action: save_post 
[2026-02-19 18:51:07 : INFO] - Cache for author page URL: https://partumdesign.com.mx/author/maricruz-partum/ associated with post_type: page and Title: "Inicio Rediseño" has been purged, triggered by action: save_post 
[2026-02-19 18:51:08 : INFO] - Cache for URL: https://partumdesign.com.mx/inicio-rediseno/ has been purged, triggered by action: save_post 
[2026-02-19 18:51:08 : INFO] - Cache for author page URL: https://partumdesign.com.mx/author/maricruz-partum/ associated with post_type: page and Title: "Inicio Rediseño" has been purged, triggered by action: save_post 
[2026-02-19 19:09:59 : INFO] - Cache for URL: https://partumdesign.com.mx/inicio-rediseno/ has been purged, triggered by action: save_post 
[2026-02-19 19:09:59 : INFO] - Cache for author page URL: https://partumdesign.com.mx/author/maricruz-partum/ associated with post_type: page and Title: "Inicio Rediseño" has been purged, triggered by action: save_post 
[2026-02-19 19:09:59 : INFO] - Cache for URL: https://partumdesign.com.mx/inicio-rediseno/ has been purged, triggered by action: save_post 
[2026-02-19 19:09:59 : INFO] - Cache for author page URL: https://partumdesign.com.mx/author/maricruz-partum/ associated with post_type: page and Title: "Inicio Rediseño" has been purged, triggered by action: save_post 
[2026-02-19 19:10:00 : INFO] - Cache for URL: https://partumdesign.com.mx/inicio-rediseno/ has been purged, triggered by action: save_post 
[2026-02-19 19:10:00 : INFO] - Cache for author page URL: https://partumdesign.com.mx/author/maricruz-partum/ associated with post_type: page and Title: "Inicio Rediseño" has been purged, triggered by action: save_post 
[2026-02-19 19:10:30 : INFO] - Cache for URL: https://partumdesign.com.mx/servicios-red-inmobiliaria/ has been purged, triggered by action: wp_trash_post 
[2026-02-19 19:56:15 : INFO] - Cache for URL: https://partumdesign.com.mx/servicios-rediseno/ has been purged, triggered by action: save_post 
[2026-02-19 19:56:15 : INFO] - Cache for author page URL: https://partumdesign.com.mx/author/maricruz-partum/ associated with post_type: page and Title: "Servicios Desarrollo web" has been purged, triggered by action: save_post 
[2026-02-19 19:56:15 : INFO] - Cache for URL: https://partumdesign.com.mx/servicios-rediseno/ has been purged, triggered by action: save_post 
[2026-02-19 19:56:15 : INFO] - Cache for author page URL: https://partumdesign.com.mx/author/maricruz-partum/ associated with post_type: page and Title: "Servicios Desarrollo web" has been purged, triggered by action: save_post 
[2026-02-19 19:56:15 : INFO] - Cache for URL: https://partumdesign.com.mx/servicios-rediseno/ has been purged, triggered by action: save_post 
[2026-02-19 19:56:15 : INFO] - Cache for author page URL: https://partumdesign.com.mx/author/maricruz-partum/ associated with post_type: page and Title: "Servicios Desarrollo web" has been purged, triggered by action: save_post 
[2026-02-19 20:05:57 : INFO] - Cache for URL: https://partumdesign.com.mx/servicios-rediseno/ has been purged, triggered by action: save_post 
[2026-02-19 20:05:57 : INFO] - Cache for author page URL: https://partumdesign.com.mx/author/maricruz-partum/ associated with post_type: page and Title: "Servicios Desarrollo web" has been purged, triggered by action: save_post 
[2026-02-19 20:05:58 : INFO] - Cache for URL: https://partumdesign.com.mx/servicios-rediseno/ has been purged, triggered by action: save_post 
[2026-02-19 20:05:58 : INFO] - Cache for author page URL: https://partumdesign.com.mx/author/maricruz-partum/ associated with post_type: page and Title: "Servicios Desarrollo web" has been purged, triggered by action: save_post 
[2026-02-19 20:05:58 : INFO] - Cache for URL: https://partumdesign.com.mx/servicios-rediseno/ has been purged, triggered by action: save_post 
[2026-02-19 20:05:58 : INFO] - Cache for author page URL: https://partumdesign.com.mx/author/maricruz-partum/ associated with post_type: page and Title: "Servicios Desarrollo web" has been purged, triggered by action: save_post 
[2026-02-19 20:17:55 : INFO] - Cache for URL: https://partumdesign.com.mx/servicios-rediseno/ has been purged, triggered by action: save_post 
[2026-02-19 20:17:55 : INFO] - Cache for author page URL: https://partumdesign.com.mx/author/maricruz-partum/ associated with post_type: page and Title: "Servicios Desarrollo web" has been purged, triggered by action: save_post 
[2026-02-19 20:17:55 : INFO] - Cache for URL: https://partumdesign.com.mx/servicios-rediseno/ has been purged, triggered by action: save_post 
[2026-02-19 20:17:55 : INFO] - Cache for author page URL: https://partumdesign.com.mx/author/maricruz-partum/ associated with post_type: page and Title: "Servicios Desarrollo web" has been purged, triggered by action: save_post 
[2026-02-19 20:17:55 : INFO] - Cache for URL: https://partumdesign.com.mx/servicios-rediseno/ has been purged, triggered by action: save_post 
[2026-02-19 20:17:55 : INFO] - Cache for author page URL: https://partumdesign.com.mx/author/maricruz-partum/ associated with post_type: page and Title: "Servicios Desarrollo web" has been purged, triggered by action: save_post 
[2026-02-19 20:47:04 : INFO] - Cache for URL: https://partumdesign.com.mx/?elementor_library=kit-por-defecto has been purged, triggered by action: save_post 
[2026-02-19 20:47:04 : INFO] - Cache for author page URL: https://partumdesign.com.mx/author/partum-design-agency/ associated with post_type: elementor_library and Title: "Kit por defecto" has been purged, triggered by action: save_post 
[2026-02-19 20:47:04 : INFO] - Cache for URL: https://partumdesign.com.mx/?elementor_library=kit-por-defecto has been purged, triggered by action: save_post 
[2026-02-19 20:47:04 : INFO] - Cache for author page URL: https://partumdesign.com.mx/author/partum-design-agency/ associated with post_type: elementor_library and Title: "Kit por defecto" has been purged, triggered by action: save_post 
[2026-02-19 20:47:04 : INFO] - Cache for URL: https://partumdesign.com.mx/?elementor_library=kit-por-defecto has been purged, triggered by action: save_post 
[2026-02-19 20:47:04 : INFO] - Cache for author page URL: https://partumdesign.com.mx/author/partum-design-agency/ associated with post_type: elementor_library and Title: "Kit por defecto" has been purged, triggered by action: save_post 
[2026-02-19 20:48:02 : INFO] - Cache for URL: https://partumdesign.com.mx/servicios-rediseno/ has been purged, triggered by action: save_post 
[2026-02-19 20:48:02 : INFO] - Cache for author page URL: https://partumdesign.com.mx/author/maricruz-partum/ associated with post_type: page and Title: "Servicios Desarrollo web" has been purged, triggered by action: save_post 
[2026-02-19 20:48:03 : INFO] - Cache for URL: https://partumdesign.com.mx/servicios-rediseno/ has been purged, triggered by action: save_post 
[2026-02-19 20:48:03 : INFO] - Cache for author page URL: https://partumdesign.com.mx/author/maricruz-partum/ associated with post_type: page and Title: "Servicios Desarrollo web" has been purged, triggered by action: save_post 
[2026-02-19 20:48:03 : INFO] - Cache for URL: https://partumdesign.com.mx/servicios-rediseno/ has been purged, triggered by action: save_post 
[2026-02-19 20:48:03 : INFO] - Cache for author page URL: https://partumdesign.com.mx/author/maricruz-partum/ associated with post_type: page and Title: "Servicios Desarrollo web" has been purged, triggered by action: save_post 
[2026-02-20 03:48:36 : INFO] - Cache for URL: https://partumdesign.com.mx/nosotros/ has been purged, triggered by action: save_post 
[2026-02-20 03:48:36 : INFO] - Cache for author page URL: https://partumdesign.com.mx/author/maricruz-partum/ associated with post_type: page and Title: "Nosotros" has been purged, triggered by action: save_post 
[2026-02-20 03:48:36 : INFO] - Cache for URL: https://partumdesign.com.mx/nosotros/ has been purged, triggered by action: save_post 
[2026-02-20 03:48:36 : INFO] - Cache for author page URL: https://partumdesign.com.mx/author/maricruz-partum/ associated with post_type: page and Title: "Nosotros" has been purged, triggered by action: save_post 
[2026-02-20 03:48:36 : INFO] - Cache for URL: https://partumdesign.com.mx/nosotros/ has been purged, triggered by action: save_post 
[2026-02-20 03:48:36 : INFO] - Cache for author page URL: https://partumdesign.com.mx/author/maricruz-partum/ associated with post_type: page and Title: "Nosotros" has been purged, triggered by action: save_post 
[2026-02-20 05:28:31 : INFO] - Cache for URL: https://partumdesign.com.mx/servicios-rediseno/ has been purged, triggered by action: save_post 
[2026-02-20 05:28:31 : INFO] - Cache for author page URL: https://partumdesign.com.mx/author/maricruz-partum/ associated with post_type: page and Title: "Servicios Desarrollo web" has been purged, triggered by action: save_post 
[2026-02-20 05:28:31 : INFO] - Cache for URL: https://partumdesign.com.mx/servicios-rediseno/ has been purged, triggered by action: save_post 
[2026-02-20 05:28:31 : INFO] - Cache for author page URL: https://partumdesign.com.mx/author/maricruz-partum/ associated with post_type: page and Title: "Servicios Desarrollo web" has been purged, triggered by action: save_post 
[2026-02-20 05:28:32 : INFO] - Cache for URL: https://partumdesign.com.mx/servicios-rediseno/ has been purged, triggered by action: save_post 
[2026-02-20 05:28:32 : INFO] - Cache for author page URL: https://partumdesign.com.mx/author/maricruz-partum/ associated with post_type: page and Title: "Servicios Desarrollo web" has been purged, triggered by action: save_post 
[2026-02-20 06:07:06 : INFO] - Cache for URL: https://partumdesign.com.mx/servicios-rediseno/ has been purged, triggered by action: save_post 
[2026-02-20 06:07:06 : INFO] - Cache for author page URL: https://partumdesign.com.mx/author/maricruz-partum/ associated with post_type: page and Title: "Servicios Desarrollo web" has been purged, triggered by action: save_post 
[2026-02-20 06:07:06 : INFO] - Cache for URL: https://partumdesign.com.mx/servicios-rediseno/ has been purged, triggered by action: save_post 
[2026-02-20 06:07:06 : INFO] - Cache for author page URL: https://partumdesign.com.mx/author/maricruz-partum/ associated with post_type: page and Title: "Servicios Desarrollo web" has been purged, triggered by action: save_post 
[2026-02-20 06:07:06 : INFO] - Cache for URL: https://partumdesign.com.mx/servicios-rediseno/ has been purged, triggered by action: save_post 
[2026-02-20 06:07:06 : INFO] - Cache for author page URL: https://partumdesign.com.mx/author/maricruz-partum/ associated with post_type: page and Title: "Servicios Desarrollo web" has been purged, triggered by action: save_post 
[2026-02-20 06:10:42 : INFO] - Cache for URL: https://partumdesign.com.mx/servicios-rediseno/ has been purged, triggered by action: save_post 
[2026-02-20 06:10:42 : INFO] - Cache for author page URL: https://partumdesign.com.mx/author/maricruz-partum/ associated with post_type: page and Title: "Servicios Desarrollo web" has been purged, triggered by action: save_post 
[2026-02-20 06:10:43 : INFO] - Cache for URL: https://partumdesign.com.mx/servicios-rediseno/ has been purged, triggered by action: save_post 
[2026-02-20 06:10:43 : INFO] - Cache for author page URL: https://partumdesign.com.mx/author/maricruz-partum/ associated with post_type: page and Title: "Servicios Desarrollo web" has been purged, triggered by action: save_post 
[2026-02-20 06:10:43 : INFO] - Cache for URL: https://partumdesign.com.mx/servicios-rediseno/ has been purged, triggered by action: save_post 
[2026-02-20 06:10:43 : INFO] - Cache for author page URL: https://partumdesign.com.mx/author/maricruz-partum/ associated with post_type: page and Title: "Servicios Desarrollo web" has been purged, triggered by action: save_post 
[2026-02-20 06:21:25 : INFO] - Cache for URL: https://partumdesign.com.mx/servicios-rediseno/ has been purged, triggered by action: save_post 
[2026-02-20 06:21:25 : INFO] - Cache for author page URL: https://partumdesign.com.mx/author/maricruz-partum/ associated with post_type: page and Title: "Servicios Desarrollo web" has been purged, triggered by action: save_post 
[2026-02-20 06:21:25 : INFO] - Cache for URL: https://partumdesign.com.mx/servicios-rediseno/ has been purged, triggered by action: save_post 
[2026-02-20 06:21:25 : INFO] - Cache for author page URL: https://partumdesign.com.mx/author/maricruz-partum/ associated with post_type: page and Title: "Servicios Desarrollo web" has been purged, triggered by action: save_post 
[2026-02-20 06:21:25 : INFO] - Cache for URL: https://partumdesign.com.mx/servicios-rediseno/ has been purged, triggered by action: save_post 
[2026-02-20 06:21:25 : INFO] - Cache for author page URL: https://partumdesign.com.mx/author/maricruz-partum/ associated with post_type: page and Title: "Servicios Desarrollo web" has been purged, triggered by action: save_post 
[2026-02-20 06:30:38 : INFO] - Cache for URL: https://partumdesign.com.mx/servicios-integrales/ has been purged, triggered by action: save_post 
[2026-02-20 06:30:38 : INFO] - Cache for author page URL: https://partumdesign.com.mx/author/maricruz-partum/ associated with post_type: page and Title: "Servicios Integrales" has been purged, triggered by action: save_post 
[2026-02-20 06:30:39 : INFO] - Cache for URL: https://partumdesign.com.mx/servicios-integrales/ has been purged, triggered by action: save_post 
[2026-02-20 06:30:39 : INFO] - Cache for author page URL: https://partumdesign.com.mx/author/maricruz-partum/ associated with post_type: page and Title: "Servicios Integrales" has been purged, triggered by action: save_post 
[2026-02-20 06:31:10 : INFO] - Cache for URL: https://partumdesign.com.mx/servicios-integrales/ has been purged, triggered by action: save_post 
[2026-02-20 06:31:10 : INFO] - Cache for author page URL: https://partumdesign.com.mx/author/maricruz-partum/ associated with post_type: page and Title: "Servicios Integrales" has been purged, triggered by action: save_post 
[2026-02-20 06:31:11 : INFO] - Cache for URL: https://partumdesign.com.mx/servicios-integrales/ has been purged, triggered by action: save_post 
[2026-02-20 06:31:11 : INFO] - Cache for author page URL: https://partumdesign.com.mx/author/maricruz-partum/ associated with post_type: page and Title: "Servicios Integrales" has been purged, triggered by action: save_post 
[2026-02-20 06:31:11 : INFO] - Cache for URL: https://partumdesign.com.mx/servicios-integrales/ has been purged, triggered by action: save_post 
[2026-02-20 06:31:11 : INFO] - Cache for author page URL: https://partumdesign.com.mx/author/maricruz-partum/ associated with post_type: page and Title: "Servicios Integrales" has been purged, triggered by action: save_post 
[2026-02-20 06:31:25 : INFO] - Cache for URL: https://partumdesign.com.mx/servicios-rediseno/ has been purged, triggered by action: save_post 
[2026-02-20 06:31:25 : INFO] - Cache for author page URL: https://partumdesign.com.mx/author/maricruz-partum/ associated with post_type: page and Title: "Servicios Desarrollo web" has been purged, triggered by action: save_post 
[2026-02-20 06:31:25 : INFO] - Cache for URL: https://partumdesign.com.mx/servicios-rediseno/ has been purged, triggered by action: save_post 
[2026-02-20 06:31:25 : INFO] - Cache for author page URL: https://partumdesign.com.mx/author/maricruz-partum/ associated with post_type: page and Title: "Servicios Desarrollo web" has been purged, triggered by action: save_post 
[2026-02-20 06:31:26 : INFO] - Cache for URL: https://partumdesign.com.mx/servicios-rediseno/ has been purged, triggered by action: save_post 
[2026-02-20 06:31:26 : INFO] - Cache for author page URL: https://partumdesign.com.mx/author/maricruz-partum/ associated with post_type: page and Title: "Servicios Desarrollo web" has been purged, triggered by action: save_post 
[2026-02-20 06:36:19 : INFO] - Cache for URL: https://partumdesign.com.mx/servicios-rediseno/ has been purged, triggered by action: save_post 
[2026-02-20 06:36:19 : INFO] - Cache for author page URL: https://partumdesign.com.mx/author/maricruz-partum/ associated with post_type: page and Title: "Servicios Desarrollo web" has been purged, triggered by action: save_post 
[2026-02-20 06:36:19 : INFO] - Cache for URL: https://partumdesign.com.mx/servicios-rediseno/ has been purged, triggered by action: save_post 
[2026-02-20 06:36:19 : INFO] - Cache for author page URL: https://partumdesign.com.mx/author/maricruz-partum/ associated with post_type: page and Title: "Servicios Desarrollo web" has been purged, triggered by action: save_post 
[2026-02-20 06:36:20 : INFO] - Cache for URL: https://partumdesign.com.mx/servicios-rediseno/ has been purged, triggered by action: save_post 
[2026-02-20 06:36:20 : INFO] - Cache for author page URL: https://partumdesign.com.mx/author/maricruz-partum/ associated with post_type: page and Title: "Servicios Desarrollo web" has been purged, triggered by action: save_post 
[2026-02-20 06:53:09 : INFO] - Cache for URL: https://partumdesign.com.mx/servicios-rediseno/ has been purged, triggered by action: save_post 
[2026-02-20 06:53:09 : INFO] - Cache for author page URL: https://partumdesign.com.mx/author/maricruz-partum/ associated with post_type: page and Title: "Servicios Desarrollo web" has been purged, triggered by action: save_post 
[2026-02-20 06:53:15 : INFO] - Cache for URL: https://partumdesign.com.mx/servicios-rediseno/ has been purged, triggered by action: save_post 
[2026-02-20 06:53:15 : INFO] - Cache for author page URL: https://partumdesign.com.mx/author/maricruz-partum/ associated with post_type: page and Title: "Servicios Desarrollo web" has been purged, triggered by action: save_post 
[2026-02-20 06:53:17 : INFO] - Cache for URL: https://partumdesign.com.mx/servicios-rediseno/ has been purged, triggered by action: save_post 
[2026-02-20 06:53:17 : INFO] - Cache for author page URL: https://partumdesign.com.mx/author/maricruz-partum/ associated with post_type: page and Title: "Servicios Desarrollo web" has been purged, triggered by action: save_post 
[2026-02-20 07:01:42 : INFO] - Cache for URL: https://partumdesign.com.mx/servicios-integrales/ has been purged, triggered by action: save_post 
[2026-02-20 07:01:42 : INFO] - Cache for author page URL: https://partumdesign.com.mx/author/maricruz-partum/ associated with post_type: page and Title: "Servicios Integrales" has been purged, triggered by action: save_post 
[2026-02-20 07:01:42 : INFO] - Cache for URL: https://partumdesign.com.mx/servicios-integrales/ has been purged, triggered by action: save_post 
[2026-02-20 07:01:42 : INFO] - Cache for author page URL: https://partumdesign.com.mx/author/maricruz-partum/ associated with post_type: page and Title: "Servicios Integrales" has been purged, triggered by action: save_post 
[2026-02-20 07:01:42 : INFO] - Cache for URL: https://partumdesign.com.mx/servicios-integrales/ has been purged, triggered by action: save_post 
[2026-02-20 07:01:42 : INFO] - Cache for author page URL: https://partumdesign.com.mx/author/maricruz-partum/ associated with post_type: page and Title: "Servicios Integrales" has been purged, triggered by action: save_post 
[2026-02-20 07:13:49 : INFO] - Cache for URL: https://partumdesign.com.mx/servicios-rediseno/ has been purged, triggered by action: save_post 
[2026-02-20 07:13:49 : INFO] - Cache for author page URL: https://partumdesign.com.mx/author/maricruz-partum/ associated with post_type: page and Title: "Servicios Desarrollo web" has been purged, triggered by action: save_post 
[2026-02-20 07:13:49 : INFO] - Cache for URL: https://partumdesign.com.mx/servicios-rediseno/ has been purged, triggered by action: save_post 
[2026-02-20 07:13:49 : INFO] - Cache for author page URL: https://partumdesign.com.mx/author/maricruz-partum/ associated with post_type: page and Title: "Servicios Desarrollo web" has been purged, triggered by action: save_post 
[2026-02-20 07:13:49 : INFO] - Cache for URL: https://partumdesign.com.mx/servicios-rediseno/ has been purged, triggered by action: save_post 
[2026-02-20 07:13:49 : INFO] - Cache for author page URL: https://partumdesign.com.mx/author/maricruz-partum/ associated with post_type: page and Title: "Servicios Desarrollo web" has been purged, triggered by action: save_post 
[2026-02-20 07:18:38 : INFO] - Cache for URL: https://partumdesign.com.mx/servicios-rediseno/ has been purged, triggered by action: save_post 
[2026-02-20 07:18:38 : INFO] - Cache for author page URL: https://partumdesign.com.mx/author/maricruz-partum/ associated with post_type: page and Title: "Servicios Desarrollo web" has been purged, triggered by action: save_post 
[2026-02-20 07:18:38 : INFO] - Cache for URL: https://partumdesign.com.mx/servicios-rediseno/ has been purged, triggered by action: save_post 
[2026-02-20 07:18:38 : INFO] - Cache for author page URL: https://partumdesign.com.mx/author/maricruz-partum/ associated with post_type: page and Title: "Servicios Desarrollo web" has been purged, triggered by action: save_post 
[2026-02-20 07:18:39 : INFO] - Cache for URL: https://partumdesign.com.mx/servicios-rediseno/ has been purged, triggered by action: save_post 
[2026-02-20 07:18:39 : INFO] - Cache for author page URL: https://partumdesign.com.mx/author/maricruz-partum/ associated with post_type: page and Title: "Servicios Desarrollo web" has been purged, triggered by action: save_post 
[2026-02-20 07:22:10 : INFO] - Cache for URL: https://partumdesign.com.mx/servicios-rediseno/ has been purged, triggered by action: save_post 
[2026-02-20 07:22:10 : INFO] - Cache for author page URL: https://partumdesign.com.mx/author/maricruz-partum/ associated with post_type: page and Title: "Servicios Desarrollo web" has been purged, triggered by action: save_post 
[2026-02-20 07:22:11 : INFO] - Cache for URL: https://partumdesign.com.mx/servicios-rediseno/ has been purged, triggered by action: save_post 
[2026-02-20 07:22:11 : INFO] - Cache for author page URL: https://partumdesign.com.mx/author/maricruz-partum/ associated with post_type: page and Title: "Servicios Desarrollo web" has been purged, triggered by action: save_post 
[2026-02-20 07:22:11 : INFO] - Cache for URL: https://partumdesign.com.mx/servicios-rediseno/ has been purged, triggered by action: save_post 
[2026-02-20 07:22:11 : INFO] - Cache for author page URL: https://partumdesign.com.mx/author/maricruz-partum/ associated with post_type: page and Title: "Servicios Desarrollo web" has been purged, triggered by action: save_post 
[2026-02-20 07:32:43 : INFO] - Cache for URL: https://partumdesign.com.mx/inicio-rediseno/ has been purged, triggered by action: save_post 
[2026-02-20 07:32:43 : INFO] - Cache for author page URL: https://partumdesign.com.mx/author/maricruz-partum/ associated with post_type: page and Title: "Inicio Rediseño" has been purged, triggered by action: save_post 
[2026-02-20 07:32:44 : INFO] - Cache for URL: https://partumdesign.com.mx/inicio-rediseno/ has been purged, triggered by action: save_post 
[2026-02-20 07:32:44 : INFO] - Cache for author page URL: https://partumdesign.com.mx/author/maricruz-partum/ associated with post_type: page and Title: "Inicio Rediseño" has been purged, triggered by action: save_post 
[2026-02-20 07:32:45 : INFO] - Cache for URL: https://partumdesign.com.mx/inicio-rediseno/ has been purged, triggered by action: save_post 
[2026-02-20 07:32:45 : INFO] - Cache for author page URL: https://partumdesign.com.mx/author/maricruz-partum/ associated with post_type: page and Title: "Inicio Rediseño" has been purged, triggered by action: save_post 
[2026-02-20 07:54:28 : INFO] - Cache for URL: https://partumdesign.com.mx/inicio-rediseno/ has been purged, triggered by action: save_post 
[2026-02-20 07:54:28 : INFO] - Cache for author page URL: https://partumdesign.com.mx/author/maricruz-partum/ associated with post_type: page and Title: "Inicio Rediseño" has been purged, triggered by action: save_post 
[2026-02-20 07:54:29 : INFO] - Cache for URL: https://partumdesign.com.mx/inicio-rediseno/ has been purged, triggered by action: save_post 
[2026-02-20 07:54:29 : INFO] - Cache for author page URL: https://partumdesign.com.mx/author/maricruz-partum/ associated with post_type: page and Title: "Inicio Rediseño" has been purged, triggered by action: save_post 
[2026-02-20 07:54:29 : INFO] - Cache for URL: https://partumdesign.com.mx/inicio-rediseno/ has been purged, triggered by action: save_post 
[2026-02-20 07:54:29 : INFO] - Cache for author page URL: https://partumdesign.com.mx/author/maricruz-partum/ associated with post_type: page and Title: "Inicio Rediseño" has been purged, triggered by action: save_post 
[2026-02-20 08:01:13 : INFO] - Cache for URL: https://partumdesign.com.mx/contacto2/ has been purged, triggered by action: save_post 
[2026-02-20 08:01:13 : INFO] - Cache for author page URL: https://partumdesign.com.mx/author/maricruz-partum/ associated with post_type: page and Title: "contacto2" has been purged, triggered by action: save_post 
[2026-02-20 08:01:13 : INFO] - Cache for URL: https://partumdesign.com.mx/contacto2/ has been purged, triggered by action: save_post 
[2026-02-20 08:01:13 : INFO] - Cache for author page URL: https://partumdesign.com.mx/author/maricruz-partum/ associated with post_type: page and Title: "contacto2" has been purged, triggered by action: save_post 
[2026-02-20 08:01:13 : INFO] - Cache for URL: https://partumdesign.com.mx/contacto2/ has been purged, triggered by action: save_post 
[2026-02-20 08:01:13 : INFO] - Cache for author page URL: https://partumdesign.com.mx/author/maricruz-partum/ associated with post_type: page and Title: "contacto2" has been purged, triggered by action: save_post 
[2026-02-20 08:09:55 : INFO] - Cache for URL: https://partumdesign.com.mx/contacto2/ has been purged, triggered by action: save_post 
[2026-02-20 08:09:55 : INFO] - Cache for author page URL: https://partumdesign.com.mx/author/maricruz-partum/ associated with post_type: page and Title: "contacto2" has been purged, triggered by action: save_post 
[2026-02-20 08:09:55 : INFO] - Cache for URL: https://partumdesign.com.mx/contacto2/ has been purged, triggered by action: save_post 
[2026-02-20 08:09:55 : INFO] - Cache for author page URL: https://partumdesign.com.mx/author/maricruz-partum/ associated with post_type: page and Title: "contacto2" has been purged, triggered by action: save_post 
[2026-02-20 08:09:56 : INFO] - Cache for URL: https://partumdesign.com.mx/contacto2/ has been purged, triggered by action: save_post 
[2026-02-20 08:09:56 : INFO] - Cache for author page URL: https://partumdesign.com.mx/author/maricruz-partum/ associated with post_type: page and Title: "contacto2" has been purged, triggered by action: save_post 
[2026-02-20 08:14:58 : INFO] - Cache for URL: https://partumdesign.com.mx/contacto2/ has been purged, triggered by action: save_post 
[2026-02-20 08:14:58 : INFO] - Cache for author page URL: https://partumdesign.com.mx/author/maricruz-partum/ associated with post_type: page and Title: "contacto2" has been purged, triggered by action: save_post 
[2026-02-20 08:14:58 : INFO] - Cache for URL: https://partumdesign.com.mx/contacto2/ has been purged, triggered by action: save_post 
[2026-02-20 08:14:58 : INFO] - Cache for author page URL: https://partumdesign.com.mx/author/maricruz-partum/ associated with post_type: page and Title: "contacto2" has been purged, triggered by action: save_post 
[2026-02-20 08:14:58 : INFO] - Cache for URL: https://partumdesign.com.mx/contacto2/ has been purged, triggered by action: save_post 
[2026-02-20 08:14:58 : INFO] - Cache for author page URL: https://partumdesign.com.mx/author/maricruz-partum/ associated with post_type: page and Title: "contacto2" has been purged, triggered by action: save_post 
[2026-02-20 08:16:49 : INFO] - Cache for URL: https://partumdesign.com.mx/contacto2/ has been purged, triggered by action: save_post 
[2026-02-20 08:16:49 : INFO] - Cache for author page URL: https://partumdesign.com.mx/author/maricruz-partum/ associated with post_type: page and Title: "contacto2" has been purged, triggered by action: save_post 
[2026-02-20 08:16:50 : INFO] - Cache for URL: https://partumdesign.com.mx/contacto2/ has been purged, triggered by action: save_post 
[2026-02-20 08:16:50 : INFO] - Cache for author page URL: https://partumdesign.com.mx/author/maricruz-partum/ associated with post_type: page and Title: "contacto2" has been purged, triggered by action: save_post 
[2026-02-20 08:16:50 : INFO] - Cache for URL: https://partumdesign.com.mx/contacto2/ has been purged, triggered by action: save_post 
[2026-02-20 08:16:50 : INFO] - Cache for author page URL: https://partumdesign.com.mx/author/maricruz-partum/ associated with post_type: page and Title: "contacto2" has been purged, triggered by action: save_post 
[2026-02-20 08:18:59 : INFO] - Cache for URL: https://partumdesign.com.mx/contacto2/ has been purged, triggered by action: save_post 
[2026-02-20 08:18:59 : INFO] - Cache for author page URL: https://partumdesign.com.mx/author/maricruz-partum/ associated with post_type: page and Title: "contacto2" has been purged, triggered by action: save_post 
[2026-02-20 08:18:59 : INFO] - Cache for URL: https://partumdesign.com.mx/contacto2/ has been purged, triggered by action: save_post 
[2026-02-20 08:18:59 : INFO] - Cache for author page URL: https://partumdesign.com.mx/author/maricruz-partum/ associated with post_type: page and Title: "contacto2" has been purged, triggered by action: save_post 
[2026-02-20 08:18:59 : INFO] - Cache for URL: https://partumdesign.com.mx/contacto2/ has been purged, triggered by action: save_post 
[2026-02-20 08:18:59 : INFO] - Cache for author page URL: https://partumdesign.com.mx/author/maricruz-partum/ associated with post_type: page and Title: "contacto2" has been purged, triggered by action: save_post 
[2026-02-20 08:21:04 : INFO] - Cache for URL: https://partumdesign.com.mx/contacto2/ has been purged, triggered by action: save_post 
[2026-02-20 08:21:04 : INFO] - Cache for author page URL: https://partumdesign.com.mx/author/maricruz-partum/ associated with post_type: page and Title: "contacto2" has been purged, triggered by action: save_post 
[2026-02-20 08:21:04 : INFO] - Cache for URL: https://partumdesign.com.mx/contacto2/ has been purged, triggered by action: save_post 
[2026-02-20 08:21:04 : INFO] - Cache for author page URL: https://partumdesign.com.mx/author/maricruz-partum/ associated with post_type: page and Title: "contacto2" has been purged, triggered by action: save_post 
[2026-02-20 08:21:05 : INFO] - Cache for URL: https://partumdesign.com.mx/contacto2/ has been purged, triggered by action: save_post 
[2026-02-20 08:21:05 : INFO] - Cache for author page URL: https://partumdesign.com.mx/author/maricruz-partum/ associated with post_type: page and Title: "contacto2" has been purged, triggered by action: save_post 
[2026-02-20 08:23:06 : INFO] - Cache for URL: https://partumdesign.com.mx/contacto2/ has been purged, triggered by action: save_post 
[2026-02-20 08:23:06 : INFO] - Cache for author page URL: https://partumdesign.com.mx/author/maricruz-partum/ associated with post_type: page and Title: "contacto2" has been purged, triggered by action: save_post 
[2026-02-20 08:23:07 : INFO] - Cache for URL: https://partumdesign.com.mx/contacto2/ has been purged, triggered by action: save_post 
[2026-02-20 08:23:07 : INFO] - Cache for author page URL: https://partumdesign.com.mx/author/maricruz-partum/ associated with post_type: page and Title: "contacto2" has been purged, triggered by action: save_post 
[2026-02-20 08:23:07 : INFO] - Cache for URL: https://partumdesign.com.mx/contacto2/ has been purged, triggered by action: save_post 
[2026-02-20 08:23:07 : INFO] - Cache for author page URL: https://partumdesign.com.mx/author/maricruz-partum/ associated with post_type: page and Title: "contacto2" has been purged, triggered by action: save_post 
[2026-02-20 08:24:31 : INFO] - Cache for URL: https://partumdesign.com.mx/contacto2/ has been purged, triggered by action: save_post 
[2026-02-20 08:24:31 : INFO] - Cache for author page URL: https://partumdesign.com.mx/author/maricruz-partum/ associated with post_type: page and Title: "contacto2" has been purged, triggered by action: save_post 
[2026-02-20 08:24:31 : INFO] - Cache for URL: https://partumdesign.com.mx/contacto2/ has been purged, triggered by action: save_post 
[2026-02-20 08:24:31 : INFO] - Cache for author page URL: https://partumdesign.com.mx/author/maricruz-partum/ associated with post_type: page and Title: "contacto2" has been purged, triggered by action: save_post 
[2026-02-20 08:24:31 : INFO] - Cache for URL: https://partumdesign.com.mx/contacto2/ has been purged, triggered by action: save_post 
[2026-02-20 08:24:31 : INFO] - Cache for author page URL: https://partumdesign.com.mx/author/maricruz-partum/ associated with post_type: page and Title: "contacto2" has been purged, triggered by action: save_post 
[2026-02-20 08:26:12 : INFO] - Cache for URL: https://partumdesign.com.mx/contacto2/ has been purged, triggered by action: save_post 
[2026-02-20 08:26:12 : INFO] - Cache for author page URL: https://partumdesign.com.mx/author/maricruz-partum/ associated with post_type: page and Title: "contacto2" has been purged, triggered by action: save_post 
[2026-02-20 08:26:12 : INFO] - Cache for URL: https://partumdesign.com.mx/contacto2/ has been purged, triggered by action: save_post 
[2026-02-20 08:26:12 : INFO] - Cache for author page URL: https://partumdesign.com.mx/author/maricruz-partum/ associated with post_type: page and Title: "contacto2" has been purged, triggered by action: save_post 
[2026-02-20 08:26:13 : INFO] - Cache for URL: https://partumdesign.com.mx/contacto2/ has been purged, triggered by action: save_post 
[2026-02-20 08:26:13 : INFO] - Cache for author page URL: https://partumdesign.com.mx/author/maricruz-partum/ associated with post_type: page and Title: "contacto2" has been purged, triggered by action: save_post 
[2026-02-20 08:27:19 : INFO] - Cache for URL: https://partumdesign.com.mx/produccion-audiovisual/ has been purged, triggered by action: save_post 
[2026-02-20 08:27:20 : INFO] - Cache for author page URL: https://partumdesign.com.mx/author/maricruz-partum/ associated with post_type: page and Title: "Producción Audiovisual" has been purged, triggered by action: save_post 
[2026-02-20 08:27:21 : INFO] - Cache for URL: https://partumdesign.com.mx/produccion-audiovisual/ has been purged, triggered by action: save_post 
[2026-02-20 08:27:21 : INFO] - Cache for author page URL: https://partumdesign.com.mx/author/maricruz-partum/ associated with post_type: page and Title: "Producción Audiovisual" has been purged, triggered by action: save_post 
[2026-02-20 08:36:09 : INFO] - Cache for URL: https://partumdesign.com.mx/produccion-audiovisual/ has been purged, triggered by action: save_post 
[2026-02-20 08:36:09 : INFO] - Cache for author page URL: https://partumdesign.com.mx/author/maricruz-partum/ associated with post_type: page and Title: "Producción Audiovisual" has been purged, triggered by action: save_post 
[2026-02-20 08:36:09 : INFO] - Cache for URL: https://partumdesign.com.mx/produccion-audiovisual/ has been purged, triggered by action: save_post 
[2026-02-20 08:36:09 : INFO] - Cache for author page URL: https://partumdesign.com.mx/author/maricruz-partum/ associated with post_type: page and Title: "Producción Audiovisual" has been purged, triggered by action: save_post 
[2026-02-20 08:36:10 : INFO] - Cache for URL: https://partumdesign.com.mx/produccion-audiovisual/ has been purged, triggered by action: save_post 
[2026-02-20 08:36:10 : INFO] - Cache for author page URL: https://partumdesign.com.mx/author/maricruz-partum/ associated with post_type: page and Title: "Producción Audiovisual" has been purged, triggered by action: save_post 
[2026-02-20 08:38:06 : INFO] - Cache for URL: https://partumdesign.com.mx/produccion-audiovisual/ has been purged, triggered by action: save_post 
[2026-02-20 08:38:06 : INFO] - Cache for author page URL: https://partumdesign.com.mx/author/maricruz-partum/ associated with post_type: page and Title: "Producción Audiovisual" has been purged, triggered by action: save_post 
[2026-02-20 08:38:06 : INFO] - Cache for URL: https://partumdesign.com.mx/produccion-audiovisual/ has been purged, triggered by action: save_post 
[2026-02-20 08:38:06 : INFO] - Cache for author page URL: https://partumdesign.com.mx/author/maricruz-partum/ associated with post_type: page and Title: "Producción Audiovisual" has been purged, triggered by action: save_post 
[2026-02-20 08:38:06 : INFO] - Cache for URL: https://partumdesign.com.mx/produccion-audiovisual/ has been purged, triggered by action: save_post 
[2026-02-20 08:38:06 : INFO] - Cache for author page URL: https://partumdesign.com.mx/author/maricruz-partum/ associated with post_type: page and Title: "Producción Audiovisual" has been purged, triggered by action: save_post 
[2026-02-20 08:40:41 : INFO] - Cache for URL: https://partumdesign.com.mx/produccion-audiovisual/ has been purged, triggered by action: save_post 
[2026-02-20 08:40:41 : INFO] - Cache for author page URL: https://partumdesign.com.mx/author/maricruz-partum/ associated with post_type: page and Title: "Producción Audiovisual" has been purged, triggered by action: save_post 
[2026-02-20 08:40:41 : INFO] - Cache for URL: https://partumdesign.com.mx/produccion-audiovisual/ has been purged, triggered by action: save_post 
[2026-02-20 08:40:41 : INFO] - Cache for author page URL: https://partumdesign.com.mx/author/maricruz-partum/ associated with post_type: page and Title: "Producción Audiovisual" has been purged, triggered by action: save_post 
[2026-02-20 08:40:41 : INFO] - Cache for URL: https://partumdesign.com.mx/produccion-audiovisual/ has been purged, triggered by action: save_post 
[2026-02-20 08:40:41 : INFO] - Cache for author page URL: https://partumdesign.com.mx/author/maricruz-partum/ associated with post_type: page and Title: "Producción Audiovisual" has been purged, triggered by action: save_post 
[2026-02-20 08:48:00 : INFO] - Cache for URL: https://partumdesign.com.mx/produccion-audiovisual/ has been purged, triggered by action: save_post 
[2026-02-20 08:48:00 : INFO] - Cache for author page URL: https://partumdesign.com.mx/author/maricruz-partum/ associated with post_type: page and Title: "Producción Audiovisual" has been purged, triggered by action: save_post 
[2026-02-20 08:48:01 : INFO] - Cache for URL: https://partumdesign.com.mx/produccion-audiovisual/ has been purged, triggered by action: save_post 
[2026-02-20 08:48:01 : INFO] - Cache for author page URL: https://partumdesign.com.mx/author/maricruz-partum/ associated with post_type: page and Title: "Producción Audiovisual" has been purged, triggered by action: save_post 
[2026-02-20 08:48:01 : INFO] - Cache for URL: https://partumdesign.com.mx/produccion-audiovisual/ has been purged, triggered by action: save_post 
[2026-02-20 08:48:01 : INFO] - Cache for author page URL: https://partumdesign.com.mx/author/maricruz-partum/ associated with post_type: page and Title: "Producción Audiovisual" has been purged, triggered by action: save_post 
[2026-02-20 08:51:33 : INFO] - Cache for URL: https://partumdesign.com.mx/produccion-audiovisual/ has been purged, triggered by action: save_post 
[2026-02-20 08:51:33 : INFO] - Cache for author page URL: https://partumdesign.com.mx/author/maricruz-partum/ associated with post_type: page and Title: "Producción Audiovisual" has been purged, triggered by action: save_post 
[2026-02-20 08:51:33 : INFO] - Cache for URL: https://partumdesign.com.mx/produccion-audiovisual/ has been purged, triggered by action: save_post 
[2026-02-20 08:51:33 : INFO] - Cache for author page URL: https://partumdesign.com.mx/author/maricruz-partum/ associated with post_type: page and Title: "Producción Audiovisual" has been purged, triggered by action: save_post 
[2026-02-20 08:51:34 : INFO] - Cache for URL: https://partumdesign.com.mx/produccion-audiovisual/ has been purged, triggered by action: save_post 
[2026-02-20 08:51:34 : INFO] - Cache for author page URL: https://partumdesign.com.mx/author/maricruz-partum/ associated with post_type: page and Title: "Producción Audiovisual" has been purged, triggered by action: save_post 
[2026-02-20 08:53:11 : INFO] - Cache for URL: https://partumdesign.com.mx/produccion-audiovisual/ has been purged, triggered by action: save_post 
[2026-02-20 08:53:11 : INFO] - Cache for author page URL: https://partumdesign.com.mx/author/maricruz-partum/ associated with post_type: page and Title: "Producción Audiovisual" has been purged, triggered by action: save_post 
[2026-02-20 08:53:12 : INFO] - Cache for URL: https://partumdesign.com.mx/produccion-audiovisual/ has been purged, triggered by action: save_post 
[2026-02-20 08:53:12 : INFO] - Cache for author page URL: https://partumdesign.com.mx/author/maricruz-partum/ associated with post_type: page and Title: "Producción Audiovisual" has been purged, triggered by action: save_post 
[2026-02-20 08:53:12 : INFO] - Cache for URL: https://partumdesign.com.mx/produccion-audiovisual/ has been purged, triggered by action: save_post 
[2026-02-20 08:53:12 : INFO] - Cache for author page URL: https://partumdesign.com.mx/author/maricruz-partum/ associated with post_type: page and Title: "Producción Audiovisual" has been purged, triggered by action: save_post 
[2026-02-20 09:21:08 : INFO] - Cache for URL: https://partumdesign.com.mx/produccion-audiovisual/ has been purged, triggered by action: save_post 
[2026-02-20 09:21:08 : INFO] - Cache for author page URL: https://partumdesign.com.mx/author/maricruz-partum/ associated with post_type: page and Title: "Producción Audiovisual" has been purged, triggered by action: save_post 
[2026-02-20 09:21:09 : INFO] - Cache for URL: https://partumdesign.com.mx/produccion-audiovisual/ has been purged, triggered by action: save_post 
[2026-02-20 09:21:09 : INFO] - Cache for author page URL: https://partumdesign.com.mx/author/maricruz-partum/ associated with post_type: page and Title: "Producción Audiovisual" has been purged, triggered by action: save_post 
[2026-02-20 09:21:09 : INFO] - Cache for URL: https://partumdesign.com.mx/produccion-audiovisual/ has been purged, triggered by action: save_post 
[2026-02-20 09:21:09 : INFO] - Cache for author page URL: https://partumdesign.com.mx/author/maricruz-partum/ associated with post_type: page and Title: "Producción Audiovisual" has been purged, triggered by action: save_post 
[2026-02-20 09:38:15 : INFO] - Cache for URL: https://partumdesign.com.mx/produccion-audiovisual/ has been purged, triggered by action: save_post 
[2026-02-20 09:38:15 : INFO] - Cache for author page URL: https://partumdesign.com.mx/author/maricruz-partum/ associated with post_type: page and Title: "Producción Audiovisual" has been purged, triggered by action: save_post 
[2026-02-20 09:38:15 : INFO] - Cache for URL: https://partumdesign.com.mx/produccion-audiovisual/ has been purged, triggered by action: save_post 
[2026-02-20 09:38:15 : INFO] - Cache for author page URL: https://partumdesign.com.mx/author/maricruz-partum/ associated with post_type: page and Title: "Producción Audiovisual" has been purged, triggered by action: save_post 
[2026-02-20 09:38:15 : INFO] - Cache for URL: https://partumdesign.com.mx/produccion-audiovisual/ has been purged, triggered by action: save_post 
[2026-02-20 09:38:15 : INFO] - Cache for author page URL: https://partumdesign.com.mx/author/maricruz-partum/ associated with post_type: page and Title: "Producción Audiovisual" has been purged, triggered by action: save_post 
[2026-02-20 09:40:09 : INFO] - Cache for URL: https://partumdesign.com.mx/produccion-audiovisual/ has been purged, triggered by action: save_post 
[2026-02-20 09:40:09 : INFO] - Cache for author page URL: https://partumdesign.com.mx/author/maricruz-partum/ associated with post_type: page and Title: "Producción Audiovisual" has been purged, triggered by action: save_post 
[2026-02-20 09:40:09 : INFO] - Cache for URL: https://partumdesign.com.mx/produccion-audiovisual/ has been purged, triggered by action: save_post 
[2026-02-20 09:40:09 : INFO] - Cache for author page URL: https://partumdesign.com.mx/author/maricruz-partum/ associated with post_type: page and Title: "Producción Audiovisual" has been purged, triggered by action: save_post 
[2026-02-20 09:40:09 : INFO] - Cache for URL: https://partumdesign.com.mx/produccion-audiovisual/ has been purged, triggered by action: save_post 
[2026-02-20 09:40:09 : INFO] - Cache for author page URL: https://partumdesign.com.mx/author/maricruz-partum/ associated with post_type: page and Title: "Producción Audiovisual" has been purged, triggered by action: save_post 
[2026-02-20 09:43:02 : INFO] - Cache for URL: https://partumdesign.com.mx/produccion-audiovisual/ has been purged, triggered by action: save_post 
[2026-02-20 09:43:02 : INFO] - Cache for author page URL: https://partumdesign.com.mx/author/maricruz-partum/ associated with post_type: page and Title: "Producción Audiovisual" has been purged, triggered by action: save_post 
[2026-02-20 09:43:02 : INFO] - Cache for URL: https://partumdesign.com.mx/produccion-audiovisual/ has been purged, triggered by action: save_post 
[2026-02-20 09:43:02 : INFO] - Cache for author page URL: https://partumdesign.com.mx/author/maricruz-partum/ associated with post_type: page and Title: "Producción Audiovisual" has been purged, triggered by action: save_post 
[2026-02-20 09:43:02 : INFO] - Cache for URL: https://partumdesign.com.mx/produccion-audiovisual/ has been purged, triggered by action: save_post 
[2026-02-20 09:43:02 : INFO] - Cache for author page URL: https://partumdesign.com.mx/author/maricruz-partum/ associated with post_type: page and Title: "Producción Audiovisual" has been purged, triggered by action: save_post 
[2026-02-20 09:51:28 : INFO] - Cache for URL: https://partumdesign.com.mx/produccion-audiovisual/ has been purged, triggered by action: save_post 
[2026-02-20 09:51:28 : INFO] - Cache for author page URL: https://partumdesign.com.mx/author/maricruz-partum/ associated with post_type: page and Title: "Producción Audiovisual" has been purged, triggered by action: save_post 
[2026-02-20 09:51:28 : INFO] - Cache for URL: https://partumdesign.com.mx/produccion-audiovisual/ has been purged, triggered by action: save_post 
[2026-02-20 09:51:28 : INFO] - Cache for author page URL: https://partumdesign.com.mx/author/maricruz-partum/ associated with post_type: page and Title: "Producción Audiovisual" has been purged, triggered by action: save_post 
[2026-02-20 09:51:28 : INFO] - Cache for URL: https://partumdesign.com.mx/produccion-audiovisual/ has been purged, triggered by action: save_post 
[2026-02-20 09:51:28 : INFO] - Cache for author page URL: https://partumdesign.com.mx/author/maricruz-partum/ associated with post_type: page and Title: "Producción Audiovisual" has been purged, triggered by action: save_post 
[2026-02-20 10:01:25 : INFO] - Cache for URL: https://partumdesign.com.mx/produccion-audiovisual/ has been purged, triggered by action: save_post 
[2026-02-20 10:01:25 : INFO] - Cache for author page URL: https://partumdesign.com.mx/author/maricruz-partum/ associated with post_type: page and Title: "Producción Audiovisual" has been purged, triggered by action: save_post 
[2026-02-20 10:01:26 : INFO] - Cache for URL: https://partumdesign.com.mx/produccion-audiovisual/ has been purged, triggered by action: save_post 
[2026-02-20 10:01:26 : INFO] - Cache for author page URL: https://partumdesign.com.mx/author/maricruz-partum/ associated with post_type: page and Title: "Producción Audiovisual" has been purged, triggered by action: save_post 
[2026-02-20 10:01:26 : INFO] - Cache for URL: https://partumdesign.com.mx/produccion-audiovisual/ has been purged, triggered by action: save_post 
[2026-02-20 10:01:26 : INFO] - Cache for author page URL: https://partumdesign.com.mx/author/maricruz-partum/ associated with post_type: page and Title: "Producción Audiovisual" has been purged, triggered by action: save_post 
[2026-02-20 10:02:31 : INFO] - Cache for URL: https://partumdesign.com.mx/produccion-audiovisual/ has been purged, triggered by action: save_post 
[2026-02-20 10:02:31 : INFO] - Cache for author page URL: https://partumdesign.com.mx/author/maricruz-partum/ associated with post_type: page and Title: "Producción Audiovisual" has been purged, triggered by action: save_post 
[2026-02-20 10:02:31 : INFO] - Cache for URL: https://partumdesign.com.mx/produccion-audiovisual/ has been purged, triggered by action: save_post 
[2026-02-20 10:02:31 : INFO] - Cache for author page URL: https://partumdesign.com.mx/author/maricruz-partum/ associated with post_type: page and Title: "Producción Audiovisual" has been purged, triggered by action: save_post 
[2026-02-20 10:02:32 : INFO] - Cache for URL: https://partumdesign.com.mx/produccion-audiovisual/ has been purged, triggered by action: save_post 
[2026-02-20 10:02:32 : INFO] - Cache for author page URL: https://partumdesign.com.mx/author/maricruz-partum/ associated with post_type: page and Title: "Producción Audiovisual" has been purged, triggered by action: save_post 
[2026-02-20 10:03:54 : INFO] - Cache for URL: https://partumdesign.com.mx/identidad-visual-y-corporativa/ has been purged, triggered by action: save_post 
[2026-02-20 10:03:54 : INFO] - Cache for author page URL: https://partumdesign.com.mx/author/maricruz-partum/ associated with post_type: page and Title: "Identidad Visual y Corporativa" has been purged, triggered by action: save_post 
[2026-02-20 10:04:00 : INFO] - Cache for URL: https://partumdesign.com.mx/identidad-visual-y-corporativa/ has been purged, triggered by action: save_post 
[2026-02-20 10:04:00 : INFO] - Cache for author page URL: https://partumdesign.com.mx/author/maricruz-partum/ associated with post_type: page and Title: "Identidad Visual y Corporativa" has been purged, triggered by action: save_post 
[2026-02-20 10:15:09 : INFO] - Cache for URL: https://partumdesign.com.mx/identidad-visual-y-corporativa/ has been purged, triggered by action: save_post 
[2026-02-20 10:15:09 : INFO] - Cache for author page URL: https://partumdesign.com.mx/author/maricruz-partum/ associated with post_type: page and Title: "Identidad Visual y Corporativa" has been purged, triggered by action: save_post 
[2026-02-20 10:15:10 : INFO] - Cache for URL: https://partumdesign.com.mx/identidad-visual-y-corporativa/ has been purged, triggered by action: save_post 
[2026-02-20 10:15:10 : INFO] - Cache for author page URL: https://partumdesign.com.mx/author/maricruz-partum/ associated with post_type: page and Title: "Identidad Visual y Corporativa" has been purged, triggered by action: save_post 
[2026-02-20 10:15:10 : INFO] - Cache for URL: https://partumdesign.com.mx/identidad-visual-y-corporativa/ has been purged, triggered by action: save_post 
[2026-02-20 10:15:10 : INFO] - Cache for author page URL: https://partumdesign.com.mx/author/maricruz-partum/ associated with post_type: page and Title: "Identidad Visual y Corporativa" has been purged, triggered by action: save_post 
[2026-02-20 10:21:51 : INFO] - Cache for URL: https://partumdesign.com.mx/identidad-visual-y-corporativa/ has been purged, triggered by action: save_post 
[2026-02-20 10:21:51 : INFO] - Cache for author page URL: https://partumdesign.com.mx/author/maricruz-partum/ associated with post_type: page and Title: "Identidad Visual y Corporativa" has been purged, triggered by action: save_post 
[2026-02-20 10:21:51 : INFO] - Cache for URL: https://partumdesign.com.mx/identidad-visual-y-corporativa/ has been purged, triggered by action: save_post 
[2026-02-20 10:21:51 : INFO] - Cache for author page URL: https://partumdesign.com.mx/author/maricruz-partum/ associated with post_type: page and Title: "Identidad Visual y Corporativa" has been purged, triggered by action: save_post 
[2026-02-20 10:21:51 : INFO] - Cache for URL: https://partumdesign.com.mx/identidad-visual-y-corporativa/ has been purged, triggered by action: save_post 
[2026-02-20 10:21:51 : INFO] - Cache for author page URL: https://partumdesign.com.mx/author/maricruz-partum/ associated with post_type: page and Title: "Identidad Visual y Corporativa" has been purged, triggered by action: save_post 
[2026-02-20 10:23:27 : INFO] - Cache for URL: https://partumdesign.com.mx/identidad-visual-y-corporativa/ has been purged, triggered by action: save_post 
[2026-02-20 10:23:27 : INFO] - Cache for author page URL: https://partumdesign.com.mx/author/maricruz-partum/ associated with post_type: page and Title: "Identidad Visual y Corporativa" has been purged, triggered by action: save_post 
[2026-02-20 10:23:27 : INFO] - Cache for URL: https://partumdesign.com.mx/identidad-visual-y-corporativa/ has been purged, triggered by action: save_post 
[2026-02-20 10:23:27 : INFO] - Cache for author page URL: https://partumdesign.com.mx/author/maricruz-partum/ associated with post_type: page and Title: "Identidad Visual y Corporativa" has been purged, triggered by action: save_post 
[2026-02-20 10:23:27 : INFO] - Cache for URL: https://partumdesign.com.mx/identidad-visual-y-corporativa/ has been purged, triggered by action: save_post 
[2026-02-20 10:23:27 : INFO] - Cache for author page URL: https://partumdesign.com.mx/author/maricruz-partum/ associated with post_type: page and Title: "Identidad Visual y Corporativa" has been purged, triggered by action: save_post 
[2026-02-20 10:24:07 : INFO] - Cache for URL: https://partumdesign.com.mx/identidad-visual-y-corporativa/ has been purged, triggered by action: save_post 
[2026-02-20 10:24:07 : INFO] - Cache for author page URL: https://partumdesign.com.mx/author/maricruz-partum/ associated with post_type: page and Title: "Identidad Visual y Corporativa" has been purged, triggered by action: save_post 
[2026-02-20 10:24:08 : INFO] - Cache for URL: https://partumdesign.com.mx/identidad-visual-y-corporativa/ has been purged, triggered by action: save_post 
[2026-02-20 10:24:08 : INFO] - Cache for author page URL: https://partumdesign.com.mx/author/maricruz-partum/ associated with post_type: page and Title: "Identidad Visual y Corporativa" has been purged, triggered by action: save_post 
[2026-02-20 10:24:08 : INFO] - Cache for URL: https://partumdesign.com.mx/identidad-visual-y-corporativa/ has been purged, triggered by action: save_post 
[2026-02-20 10:24:08 : INFO] - Cache for author page URL: https://partumdesign.com.mx/author/maricruz-partum/ associated with post_type: page and Title: "Identidad Visual y Corporativa" has been purged, triggered by action: save_post 
[2026-02-20 10:32:55 : INFO] - Cache for URL: https://partumdesign.com.mx/identidad-visual-y-corporativa/ has been purged, triggered by action: save_post 
[2026-02-20 10:32:55 : INFO] - Cache for author page URL: https://partumdesign.com.mx/author/maricruz-partum/ associated with post_type: page and Title: "Identidad Visual y Corporativa" has been purged, triggered by action: save_post 
[2026-02-20 10:32:55 : INFO] - Cache for URL: https://partumdesign.com.mx/identidad-visual-y-corporativa/ has been purged, triggered by action: save_post 
[2026-02-20 10:32:55 : INFO] - Cache for author page URL: https://partumdesign.com.mx/author/maricruz-partum/ associated with post_type: page and Title: "Identidad Visual y Corporativa" has been purged, triggered by action: save_post 
[2026-02-20 10:32:56 : INFO] - Cache for URL: https://partumdesign.com.mx/identidad-visual-y-corporativa/ has been purged, triggered by action: save_post 
[2026-02-20 10:32:56 : INFO] - Cache for author page URL: https://partumdesign.com.mx/author/maricruz-partum/ associated with post_type: page and Title: "Identidad Visual y Corporativa" has been purged, triggered by action: save_post 
[2026-02-20 11:04:39 : INFO] - Cache for URL: https://partumdesign.com.mx/identidad-visual-y-corporativa/ has been purged, triggered by action: save_post 
[2026-02-20 11:04:39 : INFO] - Cache for author page URL: https://partumdesign.com.mx/author/maricruz-partum/ associated with post_type: page and Title: "Identidad Visual y Corporativa" has been purged, triggered by action: save_post 
[2026-02-20 11:04:40 : INFO] - Cache for URL: https://partumdesign.com.mx/identidad-visual-y-corporativa/ has been purged, triggered by action: save_post 
[2026-02-20 11:04:40 : INFO] - Cache for author page URL: https://partumdesign.com.mx/author/maricruz-partum/ associated with post_type: page and Title: "Identidad Visual y Corporativa" has been purged, triggered by action: save_post 
[2026-02-20 11:04:40 : INFO] - Cache for URL: https://partumdesign.com.mx/identidad-visual-y-corporativa/ has been purged, triggered by action: save_post 
[2026-02-20 11:04:40 : INFO] - Cache for author page URL: https://partumdesign.com.mx/author/maricruz-partum/ associated with post_type: page and Title: "Identidad Visual y Corporativa" has been purged, triggered by action: save_post 
[2026-02-20 11:27:59 : INFO] - Cache for URL: https://partumdesign.com.mx/identidad-visual-y-corporativa/ has been purged, triggered by action: save_post 
[2026-02-20 11:27:59 : INFO] - Cache for author page URL: https://partumdesign.com.mx/author/maricruz-partum/ associated with post_type: page and Title: "Identidad Visual y Corporativa" has been purged, triggered by action: save_post 
[2026-02-20 11:27:59 : INFO] - Cache for URL: https://partumdesign.com.mx/identidad-visual-y-corporativa/ has been purged, triggered by action: save_post 
[2026-02-20 11:27:59 : INFO] - Cache for author page URL: https://partumdesign.com.mx/author/maricruz-partum/ associated with post_type: page and Title: "Identidad Visual y Corporativa" has been purged, triggered by action: save_post 
[2026-02-20 11:27:59 : INFO] - Cache for URL: https://partumdesign.com.mx/identidad-visual-y-corporativa/ has been purged, triggered by action: save_post 
[2026-02-20 11:27:59 : INFO] - Cache for author page URL: https://partumdesign.com.mx/author/maricruz-partum/ associated with post_type: page and Title: "Identidad Visual y Corporativa" has been purged, triggered by action: save_post 
[2026-02-20 11:30:12 : INFO] - Cache for URL: https://partumdesign.com.mx/produccion-audiovisual/ has been purged, triggered by action: save_post 
[2026-02-20 11:30:12 : INFO] - Cache for author page URL: https://partumdesign.com.mx/author/maricruz-partum/ associated with post_type: page and Title: "Producción Audiovisual" has been purged, triggered by action: save_post 
[2026-02-20 11:30:12 : INFO] - Cache for URL: https://partumdesign.com.mx/produccion-audiovisual/ has been purged, triggered by action: save_post 
[2026-02-20 11:30:12 : INFO] - Cache for author page URL: https://partumdesign.com.mx/author/maricruz-partum/ associated with post_type: page and Title: "Producción Audiovisual" has been purged, triggered by action: save_post 
[2026-02-20 11:30:13 : INFO] - Cache for URL: https://partumdesign.com.mx/produccion-audiovisual/ has been purged, triggered by action: save_post 
[2026-02-20 11:30:13 : INFO] - Cache for author page URL: https://partumdesign.com.mx/author/maricruz-partum/ associated with post_type: page and Title: "Producción Audiovisual" has been purged, triggered by action: save_post 
[2026-02-20 11:32:12 : INFO] - Cache for URL: https://partumdesign.com.mx/produccion-audiovisual/ has been purged, triggered by action: save_post 
[2026-02-20 11:32:12 : INFO] - Cache for author page URL: https://partumdesign.com.mx/author/maricruz-partum/ associated with post_type: page and Title: "Producción Audiovisual" has been purged, triggered by action: save_post 
[2026-02-20 11:32:12 : INFO] - Cache for URL: https://partumdesign.com.mx/produccion-audiovisual/ has been purged, triggered by action: save_post 
[2026-02-20 11:32:12 : INFO] - Cache for author page URL: https://partumdesign.com.mx/author/maricruz-partum/ associated with post_type: page and Title: "Producción Audiovisual" has been purged, triggered by action: save_post 
[2026-02-20 11:32:12 : INFO] - Cache for URL: https://partumdesign.com.mx/produccion-audiovisual/ has been purged, triggered by action: save_post 
[2026-02-20 11:32:12 : INFO] - Cache for author page URL: https://partumdesign.com.mx/author/maricruz-partum/ associated with post_type: page and Title: "Producción Audiovisual" has been purged, triggered by action: save_post 
[2026-02-20 11:33:53 : INFO] - Cache for URL: https://partumdesign.com.mx/identidad-visual-y-corporativa/ has been purged, triggered by action: save_post 
[2026-02-20 11:33:53 : INFO] - Cache for author page URL: https://partumdesign.com.mx/author/maricruz-partum/ associated with post_type: page and Title: "Identidad Visual y Corporativa" has been purged, triggered by action: save_post 
[2026-02-20 11:33:53 : INFO] - Cache for URL: https://partumdesign.com.mx/identidad-visual-y-corporativa/ has been purged, triggered by action: save_post 
[2026-02-20 11:33:53 : INFO] - Cache for author page URL: https://partumdesign.com.mx/author/maricruz-partum/ associated with post_type: page and Title: "Identidad Visual y Corporativa" has been purged, triggered by action: save_post 
[2026-02-20 11:33:53 : INFO] - Cache for URL: https://partumdesign.com.mx/identidad-visual-y-corporativa/ has been purged, triggered by action: save_post 
[2026-02-20 11:33:53 : INFO] - Cache for author page URL: https://partumdesign.com.mx/author/maricruz-partum/ associated with post_type: page and Title: "Identidad Visual y Corporativa" has been purged, triggered by action: save_post 
[2026-02-20 11:34:23 : INFO] - Cache for URL: https://partumdesign.com.mx/identidad-visual-y-corporativa/ has been purged, triggered by action: save_post 
[2026-02-20 11:34:23 : INFO] - Cache for author page URL: https://partumdesign.com.mx/author/maricruz-partum/ associated with post_type: page and Title: "Identidad Visual y Corporativa" has been purged, triggered by action: save_post 
[2026-02-20 11:34:23 : INFO] - Cache for URL: https://partumdesign.com.mx/identidad-visual-y-corporativa/ has been purged, triggered by action: save_post 
[2026-02-20 11:34:23 : INFO] - Cache for author page URL: https://partumdesign.com.mx/author/maricruz-partum/ associated with post_type: page and Title: "Identidad Visual y Corporativa" has been purged, triggered by action: save_post 
[2026-02-20 11:34:23 : INFO] - Cache for URL: https://partumdesign.com.mx/identidad-visual-y-corporativa/ has been purged, triggered by action: save_post 
[2026-02-20 11:34:23 : INFO] - Cache for author page URL: https://partumdesign.com.mx/author/maricruz-partum/ associated with post_type: page and Title: "Identidad Visual y Corporativa" has been purged, triggered by action: save_post 
[2026-02-20 11:36:35 : INFO] - Cache for URL: https://partumdesign.com.mx/produccion-audiovisual/ has been purged, triggered by action: save_post 
[2026-02-20 11:36:35 : INFO] - Cache for author page URL: https://partumdesign.com.mx/author/maricruz-partum/ associated with post_type: page and Title: "Producción Audiovisual" has been purged, triggered by action: save_post 
[2026-02-20 11:36:35 : INFO] - Cache for URL: https://partumdesign.com.mx/produccion-audiovisual/ has been purged, triggered by action: save_post 
[2026-02-20 11:36:35 : INFO] - Cache for author page URL: https://partumdesign.com.mx/author/maricruz-partum/ associated with post_type: page and Title: "Producción Audiovisual" has been purged, triggered by action: save_post 
[2026-02-20 11:36:35 : INFO] - Cache for URL: https://partumdesign.com.mx/produccion-audiovisual/ has been purged, triggered by action: save_post 
[2026-02-20 11:36:35 : INFO] - Cache for author page URL: https://partumdesign.com.mx/author/maricruz-partum/ associated with post_type: page and Title: "Producción Audiovisual" has been purged, triggered by action: save_post 
[2026-02-20 11:41:34 : INFO] - Cache for URL: https://partumdesign.com.mx/identidad-visual-y-corporativa/ has been purged, triggered by action: save_post 
[2026-02-20 11:41:34 : INFO] - Cache for author page URL: https://partumdesign.com.mx/author/maricruz-partum/ associated with post_type: page and Title: "Identidad Visual y Corporativa" has been purged, triggered by action: save_post 
[2026-02-20 11:41:35 : INFO] - Cache for URL: https://partumdesign.com.mx/identidad-visual-y-corporativa/ has been purged, triggered by action: save_post 
[2026-02-20 11:41:35 : INFO] - Cache for author page URL: https://partumdesign.com.mx/author/maricruz-partum/ associated with post_type: page and Title: "Identidad Visual y Corporativa" has been purged, triggered by action: save_post 
[2026-02-20 11:41:35 : INFO] - Cache for URL: https://partumdesign.com.mx/identidad-visual-y-corporativa/ has been purged, triggered by action: save_post 
[2026-02-20 11:41:35 : INFO] - Cache for author page URL: https://partumdesign.com.mx/author/maricruz-partum/ associated with post_type: page and Title: "Identidad Visual y Corporativa" has been purged, triggered by action: save_post 
[2026-02-20 11:42:54 : INFO] - Cache for URL: https://partumdesign.com.mx/identidad-visual-y-corporativa/ has been purged, triggered by action: save_post 
[2026-02-20 11:42:54 : INFO] - Cache for author page URL: https://partumdesign.com.mx/author/maricruz-partum/ associated with post_type: page and Title: "Identidad Visual y Corporativa" has been purged, triggered by action: save_post 
[2026-02-20 11:42:55 : INFO] - Cache for URL: https://partumdesign.com.mx/identidad-visual-y-corporativa/ has been purged, triggered by action: save_post 
[2026-02-20 11:42:55 : INFO] - Cache for author page URL: https://partumdesign.com.mx/author/maricruz-partum/ associated with post_type: page and Title: "Identidad Visual y Corporativa" has been purged, triggered by action: save_post 
[2026-02-20 11:42:55 : INFO] - Cache for URL: https://partumdesign.com.mx/identidad-visual-y-corporativa/ has been purged, triggered by action: save_post 
[2026-02-20 11:42:55 : INFO] - Cache for author page URL: https://partumdesign.com.mx/author/maricruz-partum/ associated with post_type: page and Title: "Identidad Visual y Corporativa" has been purged, triggered by action: save_post 
[2026-02-20 11:43:34 : INFO] - Cache for URL: https://partumdesign.com.mx/identidad-visual-y-corporativa/ has been purged, triggered by action: save_post 
[2026-02-20 11:43:34 : INFO] - Cache for author page URL: https://partumdesign.com.mx/author/maricruz-partum/ associated with post_type: page and Title: "Identidad Visual y Corporativa" has been purged, triggered by action: save_post 
[2026-02-20 11:43:35 : INFO] - Cache for URL: https://partumdesign.com.mx/identidad-visual-y-corporativa/ has been purged, triggered by action: save_post 
[2026-02-20 11:43:35 : INFO] - Cache for author page URL: https://partumdesign.com.mx/author/maricruz-partum/ associated with post_type: page and Title: "Identidad Visual y Corporativa" has been purged, triggered by action: save_post 
[2026-02-20 11:43:35 : INFO] - Cache for URL: https://partumdesign.com.mx/identidad-visual-y-corporativa/ has been purged, triggered by action: save_post 
[2026-02-20 11:43:35 : INFO] - Cache for author page URL: https://partumdesign.com.mx/author/maricruz-partum/ associated with post_type: page and Title: "Identidad Visual y Corporativa" has been purged, triggered by action: save_post 
[2026-02-20 11:45:56 : INFO] - Cache for URL: https://partumdesign.com.mx/marketing-digital/ has been purged, triggered by action: save_post 
[2026-02-20 11:45:56 : INFO] - Cache for author page URL: https://partumdesign.com.mx/author/maricruz-partum/ associated with post_type: page and Title: "Marketing digital" has been purged, triggered by action: save_post 
[2026-02-20 11:45:56 : INFO] - Cache for URL: https://partumdesign.com.mx/marketing-digital/ has been purged, triggered by action: save_post 
[2026-02-20 11:45:56 : INFO] - Cache for author page URL: https://partumdesign.com.mx/author/maricruz-partum/ associated with post_type: page and Title: "Marketing digital" has been purged, triggered by action: save_post 
[2026-02-20 11:45:56 : INFO] - Cache for URL: https://partumdesign.com.mx/marketing-digital/ has been purged, triggered by action: save_post 
[2026-02-20 11:45:56 : INFO] - Cache for author page URL: https://partumdesign.com.mx/author/maricruz-partum/ associated with post_type: page and Title: "Marketing digital" has been purged, triggered by action: save_post 
[2026-02-20 11:49:15 : INFO] - Cache for URL: https://partumdesign.com.mx/inicio-rediseno/ has been purged, triggered by action: save_post 
[2026-02-20 11:49:15 : INFO] - Cache for author page URL: https://partumdesign.com.mx/author/maricruz-partum/ associated with post_type: page and Title: "Inicio Rediseño" has been purged, triggered by action: save_post 
[2026-02-20 11:49:16 : INFO] - Cache for URL: https://partumdesign.com.mx/inicio-rediseno/ has been purged, triggered by action: save_post 
[2026-02-20 11:49:16 : INFO] - Cache for author page URL: https://partumdesign.com.mx/author/maricruz-partum/ associated with post_type: page and Title: "Inicio Rediseño" has been purged, triggered by action: save_post 
[2026-02-20 11:49:16 : INFO] - Cache for URL: https://partumdesign.com.mx/inicio-rediseno/ has been purged, triggered by action: save_post 
[2026-02-20 11:49:16 : INFO] - Cache for author page URL: https://partumdesign.com.mx/author/maricruz-partum/ associated with post_type: page and Title: "Inicio Rediseño" has been purged, triggered by action: save_post 
[2026-02-20 11:53:35 : INFO] - Cache for URL: https://partumdesign.com.mx/nosotros/ has been purged, triggered by action: save_post 
[2026-02-20 11:53:35 : INFO] - Cache for author page URL: https://partumdesign.com.mx/author/maricruz-partum/ associated with post_type: page and Title: "Nosotros" has been purged, triggered by action: save_post 
[2026-02-20 11:53:36 : INFO] - Cache for URL: https://partumdesign.com.mx/nosotros/ has been purged, triggered by action: save_post 
[2026-02-20 11:53:36 : INFO] - Cache for author page URL: https://partumdesign.com.mx/author/maricruz-partum/ associated with post_type: page and Title: "Nosotros" has been purged, triggered by action: save_post 
[2026-02-20 11:53:36 : INFO] - Cache for URL: https://partumdesign.com.mx/nosotros/ has been purged, triggered by action: save_post 
[2026-02-20 11:53:36 : INFO] - Cache for author page URL: https://partumdesign.com.mx/author/maricruz-partum/ associated with post_type: page and Title: "Nosotros" has been purged, triggered by action: save_post 
[2026-02-20 11:56:44 : INFO] - Cache for URL: https://partumdesign.com.mx/nosotros/ has been purged, triggered by action: save_post 
[2026-02-20 11:56:44 : INFO] - Cache for author page URL: https://partumdesign.com.mx/author/maricruz-partum/ associated with post_type: page and Title: "Nosotros" has been purged, triggered by action: save_post 
[2026-02-20 11:56:44 : INFO] - Cache for URL: https://partumdesign.com.mx/nosotros/ has been purged, triggered by action: save_post 
[2026-02-20 11:56:44 : INFO] - Cache for author page URL: https://partumdesign.com.mx/author/maricruz-partum/ associated with post_type: page and Title: "Nosotros" has been purged, triggered by action: save_post 
[2026-02-20 11:56:44 : INFO] - Cache for URL: https://partumdesign.com.mx/nosotros/ has been purged, triggered by action: save_post 
[2026-02-20 11:56:44 : INFO] - Cache for author page URL: https://partumdesign.com.mx/author/maricruz-partum/ associated with post_type: page and Title: "Nosotros" has been purged, triggered by action: save_post 
[2026-02-20 15:00:19 : INFO] - Cache for URL: https://partumdesign.com.mx/nosotros/ has been purged, triggered by action: save_post 
[2026-02-20 15:00:19 : INFO] - Cache for author page URL: https://partumdesign.com.mx/author/maricruz-partum/ associated with post_type: page and Title: "Nosotros" has been purged, triggered by action: save_post 
[2026-02-20 15:00:20 : INFO] - Cache for URL: https://partumdesign.com.mx/nosotros/ has been purged, triggered by action: save_post 
[2026-02-20 15:00:20 : INFO] - Cache for author page URL: https://partumdesign.com.mx/author/maricruz-partum/ associated with post_type: page and Title: "Nosotros" has been purged, triggered by action: save_post 
[2026-02-20 15:00:21 : INFO] - Cache for URL: https://partumdesign.com.mx/nosotros/ has been purged, triggered by action: save_post 
[2026-02-20 15:00:21 : INFO] - Cache for author page URL: https://partumdesign.com.mx/author/maricruz-partum/ associated with post_type: page and Title: "Nosotros" has been purged, triggered by action: save_post 
[2026-02-20 15:05:47 : INFO] - Cache for URL: https://partumdesign.com.mx/nosotros/ has been purged, triggered by action: save_post 
[2026-02-20 15:05:47 : INFO] - Cache for author page URL: https://partumdesign.com.mx/author/maricruz-partum/ associated with post_type: page and Title: "Nosotros" has been purged, triggered by action: save_post 
[2026-02-20 15:05:47 : INFO] - Cache for URL: https://partumdesign.com.mx/nosotros/ has been purged, triggered by action: save_post 
[2026-02-20 15:05:47 : INFO] - Cache for author page URL: https://partumdesign.com.mx/author/maricruz-partum/ associated with post_type: page and Title: "Nosotros" has been purged, triggered by action: save_post 
[2026-02-20 15:05:47 : INFO] - Cache for URL: https://partumdesign.com.mx/nosotros/ has been purged, triggered by action: save_post 
[2026-02-20 15:05:47 : INFO] - Cache for author page URL: https://partumdesign.com.mx/author/maricruz-partum/ associated with post_type: page and Title: "Nosotros" has been purged, triggered by action: save_post 
[2026-02-20 15:07:50 : INFO] - Cache for URL: https://partumdesign.com.mx/nosotros/ has been purged, triggered by action: save_post 
[2026-02-20 15:07:50 : INFO] - Cache for author page URL: https://partumdesign.com.mx/author/maricruz-partum/ associated with post_type: page and Title: "Nosotros" has been purged, triggered by action: save_post 
[2026-02-20 15:07:50 : INFO] - Cache for URL: https://partumdesign.com.mx/nosotros/ has been purged, triggered by action: save_post 
[2026-02-20 15:07:50 : INFO] - Cache for author page URL: https://partumdesign.com.mx/author/maricruz-partum/ associated with post_type: page and Title: "Nosotros" has been purged, triggered by action: save_post 
[2026-02-20 15:07:50 : INFO] - Cache for URL: https://partumdesign.com.mx/nosotros/ has been purged, triggered by action: save_post 
[2026-02-20 15:07:50 : INFO] - Cache for author page URL: https://partumdesign.com.mx/author/maricruz-partum/ associated with post_type: page and Title: "Nosotros" has been purged, triggered by action: save_post 
[2026-02-20 15:09:32 : INFO] - Cache for URL: https://partumdesign.com.mx/nosotros/ has been purged, triggered by action: save_post 
[2026-02-20 15:09:32 : INFO] - Cache for author page URL: https://partumdesign.com.mx/author/maricruz-partum/ associated with post_type: page and Title: "Nosotros" has been purged, triggered by action: save_post 
[2026-02-20 15:09:33 : INFO] - Cache for URL: https://partumdesign.com.mx/nosotros/ has been purged, triggered by action: save_post 
[2026-02-20 15:09:33 : INFO] - Cache for author page URL: https://partumdesign.com.mx/author/maricruz-partum/ associated with post_type: page and Title: "Nosotros" has been purged, triggered by action: save_post 
[2026-02-20 15:09:33 : INFO] - Cache for URL: https://partumdesign.com.mx/nosotros/ has been purged, triggered by action: save_post 
[2026-02-20 15:09:33 : INFO] - Cache for author page URL: https://partumdesign.com.mx/author/maricruz-partum/ associated with post_type: page and Title: "Nosotros" has been purged, triggered by action: save_post 
[2026-02-20 15:17:10 : INFO] - Cache for URL: https://partumdesign.com.mx/nosotros/ has been purged, triggered by action: save_post 
[2026-02-20 15:17:10 : INFO] - Cache for author page URL: https://partumdesign.com.mx/author/maricruz-partum/ associated with post_type: page and Title: "Nosotros" has been purged, triggered by action: save_post 
[2026-02-20 15:17:10 : INFO] - Cache for URL: https://partumdesign.com.mx/nosotros/ has been purged, triggered by action: save_post 
[2026-02-20 15:17:10 : INFO] - Cache for author page URL: https://partumdesign.com.mx/author/maricruz-partum/ associated with post_type: page and Title: "Nosotros" has been purged, triggered by action: save_post 
[2026-02-20 15:17:10 : INFO] - Cache for URL: https://partumdesign.com.mx/nosotros/ has been purged, triggered by action: save_post 
[2026-02-20 15:17:10 : INFO] - Cache for author page URL: https://partumdesign.com.mx/author/maricruz-partum/ associated with post_type: page and Title: "Nosotros" has been purged, triggered by action: save_post 
[2026-02-20 15:18:10 : INFO] - Cache for URL: https://partumdesign.com.mx/nosotros/ has been purged, triggered by action: save_post 
[2026-02-20 15:18:10 : INFO] - Cache for author page URL: https://partumdesign.com.mx/author/maricruz-partum/ associated with post_type: page and Title: "Nosotros" has been purged, triggered by action: save_post 
[2026-02-20 15:18:10 : INFO] - Cache for URL: https://partumdesign.com.mx/nosotros/ has been purged, triggered by action: save_post 
[2026-02-20 15:18:10 : INFO] - Cache for author page URL: https://partumdesign.com.mx/author/maricruz-partum/ associated with post_type: page and Title: "Nosotros" has been purged, triggered by action: save_post 
[2026-02-20 15:18:10 : INFO] - Cache for URL: https://partumdesign.com.mx/nosotros/ has been purged, triggered by action: save_post 
[2026-02-20 15:18:10 : INFO] - Cache for author page URL: https://partumdesign.com.mx/author/maricruz-partum/ associated with post_type: page and Title: "Nosotros" has been purged, triggered by action: save_post 
[2026-02-20 15:18:18 : INFO] - Cache for URL: https://partumdesign.com.mx/nosotros/ has been purged, triggered by action: save_post 
[2026-02-20 15:18:18 : INFO] - Cache for author page URL: https://partumdesign.com.mx/author/maricruz-partum/ associated with post_type: page and Title: "Nosotros" has been purged, triggered by action: save_post 
[2026-02-20 15:18:19 : INFO] - Cache for URL: https://partumdesign.com.mx/nosotros/ has been purged, triggered by action: save_post 
[2026-02-20 15:18:19 : INFO] - Cache for author page URL: https://partumdesign.com.mx/author/maricruz-partum/ associated with post_type: page and Title: "Nosotros" has been purged, triggered by action: save_post 
[2026-02-20 15:18:19 : INFO] - Cache for URL: https://partumdesign.com.mx/nosotros/ has been purged, triggered by action: save_post 
[2026-02-20 15:18:19 : INFO] - Cache for author page URL: https://partumdesign.com.mx/author/maricruz-partum/ associated with post_type: page and Title: "Nosotros" has been purged, triggered by action: save_post 
[2026-02-20 15:23:32 : INFO] - Cache for URL: https://partumdesign.com.mx/nosotros/ has been purged, triggered by action: save_post 
[2026-02-20 15:23:32 : INFO] - Cache for author page URL: https://partumdesign.com.mx/author/maricruz-partum/ associated with post_type: page and Title: "Nosotros" has been purged, triggered by action: save_post 
[2026-02-20 15:23:33 : INFO] - Cache for URL: https://partumdesign.com.mx/nosotros/ has been purged, triggered by action: save_post 
[2026-02-20 15:23:33 : INFO] - Cache for author page URL: https://partumdesign.com.mx/author/maricruz-partum/ associated with post_type: page and Title: "Nosotros" has been purged, triggered by action: save_post 
[2026-02-20 15:23:33 : INFO] - Cache for URL: https://partumdesign.com.mx/nosotros/ has been purged, triggered by action: save_post 
[2026-02-20 15:23:33 : INFO] - Cache for author page URL: https://partumdesign.com.mx/author/maricruz-partum/ associated with post_type: page and Title: "Nosotros" has been purged, triggered by action: save_post 
[2026-02-20 15:24:42 : INFO] - Cache for URL: https://partumdesign.com.mx/nosotros/ has been purged, triggered by action: save_post 
[2026-02-20 15:24:42 : INFO] - Cache for author page URL: https://partumdesign.com.mx/author/maricruz-partum/ associated with post_type: page and Title: "Nosotros" has been purged, triggered by action: save_post 
[2026-02-20 15:24:42 : INFO] - Cache for URL: https://partumdesign.com.mx/nosotros/ has been purged, triggered by action: save_post 
[2026-02-20 15:24:42 : INFO] - Cache for author page URL: https://partumdesign.com.mx/author/maricruz-partum/ associated with post_type: page and Title: "Nosotros" has been purged, triggered by action: save_post 
[2026-02-20 15:24:42 : INFO] - Cache for URL: https://partumdesign.com.mx/nosotros/ has been purged, triggered by action: save_post 
[2026-02-20 15:24:42 : INFO] - Cache for author page URL: https://partumdesign.com.mx/author/maricruz-partum/ associated with post_type: page and Title: "Nosotros" has been purged, triggered by action: save_post 
[2026-02-20 15:29:31 : INFO] - Cache for URL: https://partumdesign.com.mx/nosotros/ has been purged, triggered by action: save_post 
[2026-02-20 15:29:31 : INFO] - Cache for author page URL: https://partumdesign.com.mx/author/maricruz-partum/ associated with post_type: page and Title: "Nosotros" has been purged, triggered by action: save_post 
[2026-02-20 15:29:32 : INFO] - Cache for URL: https://partumdesign.com.mx/nosotros/ has been purged, triggered by action: save_post 
[2026-02-20 15:29:32 : INFO] - Cache for author page URL: https://partumdesign.com.mx/author/maricruz-partum/ associated with post_type: page and Title: "Nosotros" has been purged, triggered by action: save_post 
[2026-02-20 15:29:32 : INFO] - Cache for URL: https://partumdesign.com.mx/nosotros/ has been purged, triggered by action: save_post 
[2026-02-20 15:29:32 : INFO] - Cache for author page URL: https://partumdesign.com.mx/author/maricruz-partum/ associated with post_type: page and Title: "Nosotros" has been purged, triggered by action: save_post 
[2026-02-20 15:31:59 : INFO] - Cache for URL: https://partumdesign.com.mx/nosotros/ has been purged, triggered by action: save_post 
[2026-02-20 15:31:59 : INFO] - Cache for author page URL: https://partumdesign.com.mx/author/maricruz-partum/ associated with post_type: page and Title: "Nosotros" has been purged, triggered by action: save_post 
[2026-02-20 15:32:00 : INFO] - Cache for URL: https://partumdesign.com.mx/nosotros/ has been purged, triggered by action: save_post 
[2026-02-20 15:32:00 : INFO] - Cache for author page URL: https://partumdesign.com.mx/author/maricruz-partum/ associated with post_type: page and Title: "Nosotros" has been purged, triggered by action: save_post 
[2026-02-20 15:32:00 : INFO] - Cache for URL: https://partumdesign.com.mx/nosotros/ has been purged, triggered by action: save_post 
[2026-02-20 15:32:00 : INFO] - Cache for author page URL: https://partumdesign.com.mx/author/maricruz-partum/ associated with post_type: page and Title: "Nosotros" has been purged, triggered by action: save_post 
[2026-02-20 15:39:12 : INFO] - Cache for URL: https://partumdesign.com.mx/inicio-rediseno/ has been purged, triggered by action: save_post 
[2026-02-20 15:39:12 : INFO] - Cache for author page URL: https://partumdesign.com.mx/author/maricruz-partum/ associated with post_type: page and Title: "Inicio Rediseño" has been purged, triggered by action: save_post 
[2026-02-20 15:39:13 : INFO] - Cache for URL: https://partumdesign.com.mx/inicio-rediseno/ has been purged, triggered by action: save_post 
[2026-02-20 15:39:13 : INFO] - Cache for author page URL: https://partumdesign.com.mx/author/maricruz-partum/ associated with post_type: page and Title: "Inicio Rediseño" has been purged, triggered by action: save_post 
[2026-02-20 15:39:13 : INFO] - Cache for URL: https://partumdesign.com.mx/inicio-rediseno/ has been purged, triggered by action: save_post 
[2026-02-20 15:39:13 : INFO] - Cache for author page URL: https://partumdesign.com.mx/author/maricruz-partum/ associated with post_type: page and Title: "Inicio Rediseño" has been purged, triggered by action: save_post 
[2026-02-20 15:40:24 : INFO] - Cache for URL: https://partumdesign.com.mx/inicio-rediseno/ has been purged, triggered by action: save_post 
[2026-02-20 15:40:24 : INFO] - Cache for author page URL: https://partumdesign.com.mx/author/maricruz-partum/ associated with post_type: page and Title: "Inicio Rediseño" has been purged, triggered by action: save_post 
[2026-02-20 15:40:24 : INFO] - Cache for URL: https://partumdesign.com.mx/inicio-rediseno/ has been purged, triggered by action: save_post 
[2026-02-20 15:40:24 : INFO] - Cache for author page URL: https://partumdesign.com.mx/author/maricruz-partum/ associated with post_type: page and Title: "Inicio Rediseño" has been purged, triggered by action: save_post 
[2026-02-20 15:40:25 : INFO] - Cache for URL: https://partumdesign.com.mx/inicio-rediseno/ has been purged, triggered by action: save_post 
[2026-02-20 15:40:25 : INFO] - Cache for author page URL: https://partumdesign.com.mx/author/maricruz-partum/ associated with post_type: page and Title: "Inicio Rediseño" has been purged, triggered by action: save_post 
[2026-02-20 15:40:54 : INFO] - Cache for URL: https://partumdesign.com.mx/inicio-rediseno/ has been purged, triggered by action: save_post 
[2026-02-20 15:40:54 : INFO] - Cache for author page URL: https://partumdesign.com.mx/author/maricruz-partum/ associated with post_type: page and Title: "Inicio Rediseño" has been purged, triggered by action: save_post 
[2026-02-20 15:40:55 : INFO] - Cache for URL: https://partumdesign.com.mx/inicio-rediseno/ has been purged, triggered by action: save_post 
[2026-02-20 15:40:55 : INFO] - Cache for author page URL: https://partumdesign.com.mx/author/maricruz-partum/ associated with post_type: page and Title: "Inicio Rediseño" has been purged, triggered by action: save_post 
[2026-02-20 15:40:55 : INFO] - Cache for URL: https://partumdesign.com.mx/inicio-rediseno/ has been purged, triggered by action: save_post 
[2026-02-20 15:40:55 : INFO] - Cache for author page URL: https://partumdesign.com.mx/author/maricruz-partum/ associated with post_type: page and Title: "Inicio Rediseño" has been purged, triggered by action: save_post 
[2026-02-20 15:42:48 : INFO] - Cache for URL: https://partumdesign.com.mx/inicio-rediseno/ has been purged, triggered by action: save_post 
[2026-02-20 15:42:48 : INFO] - Cache for author page URL: https://partumdesign.com.mx/author/maricruz-partum/ associated with post_type: page and Title: "Inicio Rediseño" has been purged, triggered by action: save_post 
[2026-02-20 15:42:48 : INFO] - Cache for URL: https://partumdesign.com.mx/inicio-rediseno/ has been purged, triggered by action: save_post 
[2026-02-20 15:42:48 : INFO] - Cache for author page URL: https://partumdesign.com.mx/author/maricruz-partum/ associated with post_type: page and Title: "Inicio Rediseño" has been purged, triggered by action: save_post 
[2026-02-20 15:42:49 : INFO] - Cache for URL: https://partumdesign.com.mx/inicio-rediseno/ has been purged, triggered by action: save_post 
[2026-02-20 15:42:49 : INFO] - Cache for author page URL: https://partumdesign.com.mx/author/maricruz-partum/ associated with post_type: page and Title: "Inicio Rediseño" has been purged, triggered by action: save_post 
[2026-02-20 15:45:57 : INFO] - Cache for URL: https://partumdesign.com.mx/inicio-rediseno/ has been purged, triggered by action: save_post 
[2026-02-20 15:45:57 : INFO] - Cache for author page URL: https://partumdesign.com.mx/author/maricruz-partum/ associated with post_type: page and Title: "Inicio Rediseño" has been purged, triggered by action: save_post 
[2026-02-20 15:45:58 : INFO] - Cache for URL: https://partumdesign.com.mx/inicio-rediseno/ has been purged, triggered by action: save_post 
[2026-02-20 15:45:58 : INFO] - Cache for author page URL: https://partumdesign.com.mx/author/maricruz-partum/ associated with post_type: page and Title: "Inicio Rediseño" has been purged, triggered by action: save_post 
[2026-02-20 15:45:58 : INFO] - Cache for URL: https://partumdesign.com.mx/inicio-rediseno/ has been purged, triggered by action: save_post 
[2026-02-20 15:45:58 : INFO] - Cache for author page URL: https://partumdesign.com.mx/author/maricruz-partum/ associated with post_type: page and Title: "Inicio Rediseño" has been purged, triggered by action: save_post 
[2026-02-20 15:47:00 : INFO] - Cache for URL: https://partumdesign.com.mx/inicio-rediseno/ has been purged, triggered by action: save_post 
[2026-02-20 15:47:00 : INFO] - Cache for author page URL: https://partumdesign.com.mx/author/maricruz-partum/ associated with post_type: page and Title: "Inicio Rediseño" has been purged, triggered by action: save_post 
[2026-02-20 15:47:01 : INFO] - Cache for URL: https://partumdesign.com.mx/inicio-rediseno/ has been purged, triggered by action: save_post 
[2026-02-20 15:47:01 : INFO] - Cache for author page URL: https://partumdesign.com.mx/author/maricruz-partum/ associated with post_type: page and Title: "Inicio Rediseño" has been purged, triggered by action: save_post 
[2026-02-20 15:47:01 : INFO] - Cache for URL: https://partumdesign.com.mx/inicio-rediseno/ has been purged, triggered by action: save_post 
[2026-02-20 15:47:01 : INFO] - Cache for author page URL: https://partumdesign.com.mx/author/maricruz-partum/ associated with post_type: page and Title: "Inicio Rediseño" has been purged, triggered by action: save_post 
[2026-02-20 15:56:28 : INFO] - Cache for URL: https://partumdesign.com.mx/inicio-rediseno/ has been purged, triggered by action: save_post 
[2026-02-20 15:56:28 : INFO] - Cache for author page URL: https://partumdesign.com.mx/author/maricruz-partum/ associated with post_type: page and Title: "Inicio Rediseño" has been purged, triggered by action: save_post 
[2026-02-20 15:56:28 : INFO] - Cache for URL: https://partumdesign.com.mx/inicio-rediseno/ has been purged, triggered by action: save_post 
[2026-02-20 15:56:28 : INFO] - Cache for author page URL: https://partumdesign.com.mx/author/maricruz-partum/ associated with post_type: page and Title: "Inicio Rediseño" has been purged, triggered by action: save_post 
[2026-02-20 15:56:29 : INFO] - Cache for URL: https://partumdesign.com.mx/inicio-rediseno/ has been purged, triggered by action: save_post 
[2026-02-20 15:56:29 : INFO] - Cache for author page URL: https://partumdesign.com.mx/author/maricruz-partum/ associated with post_type: page and Title: "Inicio Rediseño" has been purged, triggered by action: save_post 
[2026-02-20 16:01:19 : INFO] - Cache for URL: https://partumdesign.com.mx/inicio-rediseno/ has been purged, triggered by action: save_post 
[2026-02-20 16:01:19 : INFO] - Cache for author page URL: https://partumdesign.com.mx/author/maricruz-partum/ associated with post_type: page and Title: "Inicio Rediseño" has been purged, triggered by action: save_post 
[2026-02-20 16:01:20 : INFO] - Cache for URL: https://partumdesign.com.mx/inicio-rediseno/ has been purged, triggered by action: save_post 
[2026-02-20 16:01:20 : INFO] - Cache for author page URL: https://partumdesign.com.mx/author/maricruz-partum/ associated with post_type: page and Title: "Inicio Rediseño" has been purged, triggered by action: save_post 
[2026-02-20 16:01:20 : INFO] - Cache for URL: https://partumdesign.com.mx/inicio-rediseno/ has been purged, triggered by action: save_post 
[2026-02-20 16:01:20 : INFO] - Cache for author page URL: https://partumdesign.com.mx/author/maricruz-partum/ associated with post_type: page and Title: "Inicio Rediseño" has been purged, triggered by action: save_post 
[2026-02-20 16:12:13 : INFO] - Cache for URL: https://partumdesign.com.mx/identidad-visual-y-corporativa/ has been purged, triggered by action: save_post 
[2026-02-20 16:12:13 : INFO] - Cache for author page URL: https://partumdesign.com.mx/author/maricruz-partum/ associated with post_type: page and Title: "Identidad Visual y Corporativa" has been purged, triggered by action: save_post 
[2026-02-20 16:12:13 : INFO] - Cache for URL: https://partumdesign.com.mx/identidad-visual-y-corporativa/ has been purged, triggered by action: save_post 
[2026-02-20 16:12:13 : INFO] - Cache for author page URL: https://partumdesign.com.mx/author/maricruz-partum/ associated with post_type: page and Title: "Identidad Visual y Corporativa" has been purged, triggered by action: save_post 
[2026-02-20 16:12:13 : INFO] - Cache for URL: https://partumdesign.com.mx/identidad-visual-y-corporativa/ has been purged, triggered by action: save_post 
[2026-02-20 16:12:13 : INFO] - Cache for author page URL: https://partumdesign.com.mx/author/maricruz-partum/ associated with post_type: page and Title: "Identidad Visual y Corporativa" has been purged, triggered by action: save_post 
[2026-02-20 16:38:49 : INFO] - Cache for URL: https://partumdesign.com.mx/produccion-audiovisual/ has been purged, triggered by action: save_post 
[2026-02-20 16:38:49 : INFO] - Cache for author page URL: https://partumdesign.com.mx/author/maricruz-partum/ associated with post_type: page and Title: "Producción Audiovisual" has been purged, triggered by action: save_post 
[2026-02-20 16:38:50 : INFO] - Cache for URL: https://partumdesign.com.mx/produccion-audiovisual/ has been purged, triggered by action: save_post 
[2026-02-20 16:38:50 : INFO] - Cache for author page URL: https://partumdesign.com.mx/author/maricruz-partum/ associated with post_type: page and Title: "Producción Audiovisual" has been purged, triggered by action: save_post 
[2026-02-20 16:38:50 : INFO] - Cache for URL: https://partumdesign.com.mx/produccion-audiovisual/ has been purged, triggered by action: save_post 
[2026-02-20 16:38:50 : INFO] - Cache for author page URL: https://partumdesign.com.mx/author/maricruz-partum/ associated with post_type: page and Title: "Producción Audiovisual" has been purged, triggered by action: save_post 
[2026-02-20 16:47:39 : INFO] - Cache for URL: https://partumdesign.com.mx/marketing-digital/ has been purged, triggered by action: save_post 
[2026-02-20 16:47:39 : INFO] - Cache for author page URL: https://partumdesign.com.mx/author/maricruz-partum/ associated with post_type: page and Title: "Marketing digital" has been purged, triggered by action: save_post 
[2026-02-20 16:47:39 : INFO] - Cache for URL: https://partumdesign.com.mx/marketing-digital/ has been purged, triggered by action: save_post 
[2026-02-20 16:47:39 : INFO] - Cache for author page URL: https://partumdesign.com.mx/author/maricruz-partum/ associated with post_type: page and Title: "Marketing digital" has been purged, triggered by action: save_post 
[2026-02-20 16:47:39 : INFO] - Cache for URL: https://partumdesign.com.mx/marketing-digital/ has been purged, triggered by action: save_post 
[2026-02-20 16:47:39 : INFO] - Cache for author page URL: https://partumdesign.com.mx/author/maricruz-partum/ associated with post_type: page and Title: "Marketing digital" has been purged, triggered by action: save_post 
[2026-02-20 16:55:40 : INFO] - Cache for URL: https://partumdesign.com.mx/marketing-digital/ has been purged, triggered by action: save_post 
[2026-02-20 16:55:40 : INFO] - Cache for author page URL: https://partumdesign.com.mx/author/maricruz-partum/ associated with post_type: page and Title: "Marketing digital" has been purged, triggered by action: save_post 
[2026-02-20 16:55:41 : INFO] - Cache for URL: https://partumdesign.com.mx/marketing-digital/ has been purged, triggered by action: save_post 
[2026-02-20 16:55:41 : INFO] - Cache for author page URL: https://partumdesign.com.mx/author/maricruz-partum/ associated with post_type: page and Title: "Marketing digital" has been purged, triggered by action: save_post 
[2026-02-20 16:55:41 : INFO] - Cache for URL: https://partumdesign.com.mx/marketing-digital/ has been purged, triggered by action: save_post 
[2026-02-20 16:55:41 : INFO] - Cache for author page URL: https://partumdesign.com.mx/author/maricruz-partum/ associated with post_type: page and Title: "Marketing digital" has been purged, triggered by action: save_post 
[2026-02-20 17:18:34 : INFO] - Cache for URL: https://partumdesign.com.mx/marketing-digital/ has been purged, triggered by action: save_post 
[2026-02-20 17:18:34 : INFO] - Cache for author page URL: https://partumdesign.com.mx/author/maricruz-partum/ associated with post_type: page and Title: "Marketing digital" has been purged, triggered by action: save_post 
[2026-02-20 17:18:36 : INFO] - Cache for URL: https://partumdesign.com.mx/marketing-digital/ has been purged, triggered by action: save_post 
[2026-02-20 17:18:36 : INFO] - Cache for author page URL: https://partumdesign.com.mx/author/maricruz-partum/ associated with post_type: page and Title: "Marketing digital" has been purged, triggered by action: save_post 
[2026-02-20 17:18:36 : INFO] - Cache for URL: https://partumdesign.com.mx/marketing-digital/ has been purged, triggered by action: save_post 
[2026-02-20 17:18:36 : INFO] - Cache for author page URL: https://partumdesign.com.mx/author/maricruz-partum/ associated with post_type: page and Title: "Marketing digital" has been purged, triggered by action: save_post 
[2026-02-20 17:40:39 : INFO] - Cache for URL: https://partumdesign.com.mx/marketing-digital/ has been purged, triggered by action: save_post 
[2026-02-20 17:40:39 : INFO] - Cache for author page URL: https://partumdesign.com.mx/author/maricruz-partum/ associated with post_type: page and Title: "Marketing digital" has been purged, triggered by action: save_post 
[2026-02-20 17:40:40 : INFO] - Cache for URL: https://partumdesign.com.mx/marketing-digital/ has been purged, triggered by action: save_post 
[2026-02-20 17:40:40 : INFO] - Cache for author page URL: https://partumdesign.com.mx/author/maricruz-partum/ associated with post_type: page and Title: "Marketing digital" has been purged, triggered by action: save_post 
[2026-02-20 17:40:40 : INFO] - Cache for URL: https://partumdesign.com.mx/marketing-digital/ has been purged, triggered by action: save_post 
[2026-02-20 17:40:40 : INFO] - Cache for author page URL: https://partumdesign.com.mx/author/maricruz-partum/ associated with post_type: page and Title: "Marketing digital" has been purged, triggered by action: save_post 
[2026-02-20 18:46:55 : INFO] - Cache for URL: https://partumdesign.com.mx/marketing-digital/ has been purged, triggered by action: save_post 
[2026-02-20 18:46:55 : INFO] - Cache for author page URL: https://partumdesign.com.mx/author/maricruz-partum/ associated with post_type: page and Title: "Marketing digital" has been purged, triggered by action: save_post 
[2026-02-20 18:46:56 : INFO] - Cache for URL: https://partumdesign.com.mx/marketing-digital/ has been purged, triggered by action: save_post 
[2026-02-20 18:46:56 : INFO] - Cache for author page URL: https://partumdesign.com.mx/author/maricruz-partum/ associated with post_type: page and Title: "Marketing digital" has been purged, triggered by action: save_post 
[2026-02-20 18:46:56 : INFO] - Cache for URL: https://partumdesign.com.mx/marketing-digital/ has been purged, triggered by action: save_post 
[2026-02-20 18:46:56 : INFO] - Cache for author page URL: https://partumdesign.com.mx/author/maricruz-partum/ associated with post_type: page and Title: "Marketing digital" has been purged, triggered by action: save_post 
[2026-02-20 18:52:01 : INFO] - Cache for URL: https://partumdesign.com.mx/marketing-digital/ has been purged, triggered by action: save_post 
[2026-02-20 18:52:01 : INFO] - Cache for author page URL: https://partumdesign.com.mx/author/maricruz-partum/ associated with post_type: page and Title: "Marketing digital" has been purged, triggered by action: save_post 
[2026-02-20 18:52:02 : INFO] - Cache for URL: https://partumdesign.com.mx/marketing-digital/ has been purged, triggered by action: save_post 
[2026-02-20 18:52:02 : INFO] - Cache for author page URL: https://partumdesign.com.mx/author/maricruz-partum/ associated with post_type: page and Title: "Marketing digital" has been purged, triggered by action: save_post 
[2026-02-20 18:52:02 : INFO] - Cache for URL: https://partumdesign.com.mx/marketing-digital/ has been purged, triggered by action: save_post 
[2026-02-20 18:52:02 : INFO] - Cache for author page URL: https://partumdesign.com.mx/author/maricruz-partum/ associated with post_type: page and Title: "Marketing digital" has been purged, triggered by action: save_post 
[2026-02-20 18:55:40 : INFO] - Cache for URL: https://partumdesign.com.mx/marketing-digital/ has been purged, triggered by action: save_post 
[2026-02-20 18:55:40 : INFO] - Cache for author page URL: https://partumdesign.com.mx/author/maricruz-partum/ associated with post_type: page and Title: "Marketing digital" has been purged, triggered by action: save_post 
[2026-02-20 18:55:41 : INFO] - Cache for URL: https://partumdesign.com.mx/marketing-digital/ has been purged, triggered by action: save_post 
[2026-02-20 18:55:41 : INFO] - Cache for author page URL: https://partumdesign.com.mx/author/maricruz-partum/ associated with post_type: page and Title: "Marketing digital" has been purged, triggered by action: save_post 
[2026-02-20 18:55:41 : INFO] - Cache for URL: https://partumdesign.com.mx/marketing-digital/ has been purged, triggered by action: save_post 
[2026-02-20 18:55:41 : INFO] - Cache for author page URL: https://partumdesign.com.mx/author/maricruz-partum/ associated with post_type: page and Title: "Marketing digital" has been purged, triggered by action: save_post 
[2026-02-20 20:22:28 : INFO] - Cache for URL: https://partumdesign.com.mx/marketing-digital/ has been purged, triggered by action: save_post 
[2026-02-20 20:22:28 : INFO] - Cache for author page URL: https://partumdesign.com.mx/author/maricruz-partum/ associated with post_type: page and Title: "Marketing digital" has been purged, triggered by action: save_post 
[2026-02-20 20:22:28 : INFO] - Cache for URL: https://partumdesign.com.mx/marketing-digital/ has been purged, triggered by action: save_post 
[2026-02-20 20:22:28 : INFO] - Cache for author page URL: https://partumdesign.com.mx/author/maricruz-partum/ associated with post_type: page and Title: "Marketing digital" has been purged, triggered by action: save_post 
[2026-02-20 20:22:28 : INFO] - Cache for URL: https://partumdesign.com.mx/marketing-digital/ has been purged, triggered by action: save_post 
[2026-02-20 20:22:28 : INFO] - Cache for author page URL: https://partumdesign.com.mx/author/maricruz-partum/ associated with post_type: page and Title: "Marketing digital" has been purged, triggered by action: save_post 
[2026-02-20 20:47:20 : INFO] - Cache for URL: https://partumdesign.com.mx/marketing-digital/ has been purged, triggered by action: save_post 
[2026-02-20 20:47:20 : INFO] - Cache for author page URL: https://partumdesign.com.mx/author/maricruz-partum/ associated with post_type: page and Title: "Marketing digital" has been purged, triggered by action: save_post 
[2026-02-20 20:47:20 : INFO] - Cache for URL: https://partumdesign.com.mx/marketing-digital/ has been purged, triggered by action: save_post 
[2026-02-20 20:47:20 : INFO] - Cache for author page URL: https://partumdesign.com.mx/author/maricruz-partum/ associated with post_type: page and Title: "Marketing digital" has been purged, triggered by action: save_post 
[2026-02-20 20:47:20 : INFO] - Cache for URL: https://partumdesign.com.mx/marketing-digital/ has been purged, triggered by action: save_post 
[2026-02-20 20:47:20 : INFO] - Cache for author page URL: https://partumdesign.com.mx/author/maricruz-partum/ associated with post_type: page and Title: "Marketing digital" has been purged, triggered by action: save_post 
[2026-02-20 20:54:38 : INFO] - Cache for URL: https://partumdesign.com.mx/marketing-digital/ has been purged, triggered by action: save_post 
[2026-02-20 20:54:38 : INFO] - Cache for author page URL: https://partumdesign.com.mx/author/maricruz-partum/ associated with post_type: page and Title: "Marketing digital" has been purged, triggered by action: save_post 
[2026-02-20 20:54:38 : INFO] - Cache for URL: https://partumdesign.com.mx/marketing-digital/ has been purged, triggered by action: save_post 
[2026-02-20 20:54:38 : INFO] - Cache for author page URL: https://partumdesign.com.mx/author/maricruz-partum/ associated with post_type: page and Title: "Marketing digital" has been purged, triggered by action: save_post 
[2026-02-20 20:54:38 : INFO] - Cache for URL: https://partumdesign.com.mx/marketing-digital/ has been purged, triggered by action: save_post 
[2026-02-20 20:54:38 : INFO] - Cache for author page URL: https://partumdesign.com.mx/author/maricruz-partum/ associated with post_type: page and Title: "Marketing digital" has been purged, triggered by action: save_post 
[2026-02-20 21:02:56 : INFO] - Cache for URL: https://partumdesign.com.mx/servicios-integrales/ has been purged, triggered by action: save_post 
[2026-02-20 21:02:56 : INFO] - Cache for author page URL: https://partumdesign.com.mx/author/maricruz-partum/ associated with post_type: page and Title: "Servicios Integrales" has been purged, triggered by action: save_post 
[2026-02-20 21:02:56 : INFO] - Cache for URL: https://partumdesign.com.mx/servicios-integrales/ has been purged, triggered by action: save_post 
[2026-02-20 21:02:56 : INFO] - Cache for author page URL: https://partumdesign.com.mx/author/maricruz-partum/ associated with post_type: page and Title: "Servicios Integrales" has been purged, triggered by action: save_post 
[2026-02-20 21:02:56 : INFO] - Cache for URL: https://partumdesign.com.mx/servicios-integrales/ has been purged, triggered by action: save_post 
[2026-02-20 21:02:56 : INFO] - Cache for author page URL: https://partumdesign.com.mx/author/maricruz-partum/ associated with post_type: page and Title: "Servicios Integrales" has been purged, triggered by action: save_post 
[2026-02-20 21:10:54 : INFO] - Cache for URL: https://partumdesign.com.mx/servicios-integrales/ has been purged, triggered by action: save_post 
[2026-02-20 21:10:54 : INFO] - Cache for author page URL: https://partumdesign.com.mx/author/maricruz-partum/ associated with post_type: page and Title: "Servicios Integrales" has been purged, triggered by action: save_post 
[2026-02-20 21:10:54 : INFO] - Cache for URL: https://partumdesign.com.mx/servicios-integrales/ has been purged, triggered by action: save_post 
[2026-02-20 21:10:54 : INFO] - Cache for author page URL: https://partumdesign.com.mx/author/maricruz-partum/ associated with post_type: page and Title: "Servicios Integrales" has been purged, triggered by action: save_post 
[2026-02-20 21:10:55 : INFO] - Cache for URL: https://partumdesign.com.mx/servicios-integrales/ has been purged, triggered by action: save_post 
[2026-02-20 21:10:55 : INFO] - Cache for author page URL: https://partumdesign.com.mx/author/maricruz-partum/ associated with post_type: page and Title: "Servicios Integrales" has been purged, triggered by action: save_post 
[2026-02-20 21:13:56 : INFO] - Cache for URL: https://partumdesign.com.mx/servicios-integrales/ has been purged, triggered by action: save_post 
[2026-02-20 21:13:56 : INFO] - Cache for author page URL: https://partumdesign.com.mx/author/maricruz-partum/ associated with post_type: page and Title: "Servicios Integrales" has been purged, triggered by action: save_post 
[2026-02-20 21:13:56 : INFO] - Cache for URL: https://partumdesign.com.mx/servicios-integrales/ has been purged, triggered by action: save_post 
[2026-02-20 21:13:56 : INFO] - Cache for author page URL: https://partumdesign.com.mx/author/maricruz-partum/ associated with post_type: page and Title: "Servicios Integrales" has been purged, triggered by action: save_post 
[2026-02-20 21:13:56 : INFO] - Cache for URL: https://partumdesign.com.mx/servicios-integrales/ has been purged, triggered by action: save_post 
[2026-02-20 21:13:56 : INFO] - Cache for author page URL: https://partumdesign.com.mx/author/maricruz-partum/ associated with post_type: page and Title: "Servicios Integrales" has been purged, triggered by action: save_post 
[2026-02-20 21:14:48 : INFO] - Cache for URL: https://partumdesign.com.mx/servicios-integrales/ has been purged, triggered by action: save_post 
[2026-02-20 21:14:48 : INFO] - Cache for author page URL: https://partumdesign.com.mx/author/maricruz-partum/ associated with post_type: page and Title: "Servicios Integrales" has been purged, triggered by action: save_post 
[2026-02-20 21:14:49 : INFO] - Cache for URL: https://partumdesign.com.mx/servicios-integrales/ has been purged, triggered by action: save_post 
[2026-02-20 21:14:49 : INFO] - Cache for author page URL: https://partumdesign.com.mx/author/maricruz-partum/ associated with post_type: page and Title: "Servicios Integrales" has been purged, triggered by action: save_post 
[2026-02-20 21:14:49 : INFO] - Cache for URL: https://partumdesign.com.mx/servicios-integrales/ has been purged, triggered by action: save_post 
[2026-02-20 21:14:49 : INFO] - Cache for author page URL: https://partumdesign.com.mx/author/maricruz-partum/ associated with post_type: page and Title: "Servicios Integrales" has been purged, triggered by action: save_post 
[2026-02-20 21:15:28 : INFO] - Cache for URL: https://partumdesign.com.mx/servicios-integrales/ has been purged, triggered by action: save_post 
[2026-02-20 21:15:28 : INFO] - Cache for author page URL: https://partumdesign.com.mx/author/maricruz-partum/ associated with post_type: page and Title: "Servicios Integrales" has been purged, triggered by action: save_post 
[2026-02-20 21:15:28 : INFO] - Cache for URL: https://partumdesign.com.mx/servicios-integrales/ has been purged, triggered by action: save_post 
[2026-02-20 21:15:28 : INFO] - Cache for author page URL: https://partumdesign.com.mx/author/maricruz-partum/ associated with post_type: page and Title: "Servicios Integrales" has been purged, triggered by action: save_post 
[2026-02-20 21:15:29 : INFO] - Cache for URL: https://partumdesign.com.mx/servicios-integrales/ has been purged, triggered by action: save_post 
[2026-02-20 21:15:29 : INFO] - Cache for author page URL: https://partumdesign.com.mx/author/maricruz-partum/ associated with post_type: page and Title: "Servicios Integrales" has been purged, triggered by action: save_post 
[2026-02-20 21:16:38 : INFO] - Cache for URL: https://partumdesign.com.mx/servicios-integrales/ has been purged, triggered by action: save_post 
[2026-02-20 21:16:38 : INFO] - Cache for author page URL: https://partumdesign.com.mx/author/maricruz-partum/ associated with post_type: page and Title: "Servicios Integrales" has been purged, triggered by action: save_post 
[2026-02-20 21:16:39 : INFO] - Cache for URL: https://partumdesign.com.mx/servicios-integrales/ has been purged, triggered by action: save_post 
[2026-02-20 21:16:39 : INFO] - Cache for author page URL: https://partumdesign.com.mx/author/maricruz-partum/ associated with post_type: page and Title: "Servicios Integrales" has been purged, triggered by action: save_post 
[2026-02-20 21:16:39 : INFO] - Cache for URL: https://partumdesign.com.mx/servicios-integrales/ has been purged, triggered by action: save_post 
[2026-02-20 21:16:39 : INFO] - Cache for author page URL: https://partumdesign.com.mx/author/maricruz-partum/ associated with post_type: page and Title: "Servicios Integrales" has been purged, triggered by action: save_post 
[2026-02-20 21:25:17 : INFO] - Cache for URL: https://partumdesign.com.mx/identidad-visual-y-corporativa/ has been purged, triggered by action: save_post 
[2026-02-20 21:25:17 : INFO] - Cache for author page URL: https://partumdesign.com.mx/author/maricruz-partum/ associated with post_type: page and Title: "Identidad Visual y Corporativa" has been purged, triggered by action: save_post 
[2026-02-20 21:26:53 : INFO] - Cache for URL: https://partumdesign.com.mx/desarrollo-web-2/ has been purged, triggered by action: save_post 
[2026-02-20 21:26:53 : INFO] - Cache for author page URL: https://partumdesign.com.mx/author/maricruz-partum/ associated with post_type: page and Title: "Desarrollo web" has been purged, triggered by action: save_post 
[2026-02-20 21:27:11 : INFO] - Cache for URL: https://partumdesign.com.mx/servicios-redinmobiliaria/ has been purged, triggered by action: wp_trash_post 
[2026-02-20 21:29:48 : INFO] - Cache for URL: https://partumdesign.com.mx/inicio-rediseno/ has been purged, triggered by action: save_post 
[2026-02-20 21:29:48 : INFO] - Cache for author page URL: https://partumdesign.com.mx/author/maricruz-partum/ associated with post_type: page and Title: "Inicio Rediseño" has been purged, triggered by action: save_post 
[2026-02-20 21:29:48 : INFO] - Cache for URL: https://partumdesign.com.mx/inicio-rediseno/ has been purged, triggered by action: save_post 
[2026-02-20 21:29:48 : INFO] - Cache for author page URL: https://partumdesign.com.mx/author/maricruz-partum/ associated with post_type: page and Title: "Inicio Rediseño" has been purged, triggered by action: save_post 
[2026-02-20 21:29:49 : INFO] - Cache for URL: https://partumdesign.com.mx/inicio-rediseno/ has been purged, triggered by action: save_post 
[2026-02-20 21:29:49 : INFO] - Cache for author page URL: https://partumdesign.com.mx/author/maricruz-partum/ associated with post_type: page and Title: "Inicio Rediseño" has been purged, triggered by action: save_post 
[2026-02-20 21:30:28 : INFO] - Cache for URL: https://partumdesign.com.mx/inicio-rediseno/ has been purged, triggered by action: save_post 
[2026-02-20 21:30:28 : INFO] - Cache for author page URL: https://partumdesign.com.mx/author/maricruz-partum/ associated with post_type: page and Title: "Inicio Rediseño" has been purged, triggered by action: save_post 
[2026-02-20 21:30:29 : INFO] - Cache for URL: https://partumdesign.com.mx/inicio-rediseno/ has been purged, triggered by action: save_post 
[2026-02-20 21:30:29 : INFO] - Cache for author page URL: https://partumdesign.com.mx/author/maricruz-partum/ associated with post_type: page and Title: "Inicio Rediseño" has been purged, triggered by action: save_post 
[2026-02-20 21:30:29 : INFO] - Cache for URL: https://partumdesign.com.mx/inicio-rediseno/ has been purged, triggered by action: save_post 
[2026-02-20 21:30:29 : INFO] - Cache for author page URL: https://partumdesign.com.mx/author/maricruz-partum/ associated with post_type: page and Title: "Inicio Rediseño" has been purged, triggered by action: save_post 
[2026-02-20 21:32:27 : INFO] - Cache for URL: https://partumdesign.com.mx/inicio-rediseno/ has been purged, triggered by action: save_post 
[2026-02-20 21:32:27 : INFO] - Cache for author page URL: https://partumdesign.com.mx/author/maricruz-partum/ associated with post_type: page and Title: "Inicio Rediseño" has been purged, triggered by action: save_post 
[2026-02-20 21:32:27 : INFO] - Cache for URL: https://partumdesign.com.mx/inicio-rediseno/ has been purged, triggered by action: save_post 
[2026-02-20 21:32:27 : INFO] - Cache for author page URL: https://partumdesign.com.mx/author/maricruz-partum/ associated with post_type: page and Title: "Inicio Rediseño" has been purged, triggered by action: save_post 
[2026-02-20 21:32:28 : INFO] - Cache for URL: https://partumdesign.com.mx/inicio-rediseno/ has been purged, triggered by action: save_post 
[2026-02-20 21:32:28 : INFO] - Cache for author page URL: https://partumdesign.com.mx/author/maricruz-partum/ associated with post_type: page and Title: "Inicio Rediseño" has been purged, triggered by action: save_post 
[2026-02-20 21:35:20 : INFO] - Cache for URL: https://partumdesign.com.mx/inicio-rediseno/ has been purged, triggered by action: save_post 
[2026-02-20 21:35:20 : INFO] - Cache for author page URL: https://partumdesign.com.mx/author/maricruz-partum/ associated with post_type: page and Title: "Inicio Rediseño" has been purged, triggered by action: save_post 
[2026-02-20 21:35:21 : INFO] - Cache for URL: https://partumdesign.com.mx/inicio-rediseno/ has been purged, triggered by action: save_post 
[2026-02-20 21:35:21 : INFO] - Cache for author page URL: https://partumdesign.com.mx/author/maricruz-partum/ associated with post_type: page and Title: "Inicio Rediseño" has been purged, triggered by action: save_post 
[2026-02-20 21:35:21 : INFO] - Cache for URL: https://partumdesign.com.mx/inicio-rediseno/ has been purged, triggered by action: save_post 
[2026-02-20 21:35:21 : INFO] - Cache for author page URL: https://partumdesign.com.mx/author/maricruz-partum/ associated with post_type: page and Title: "Inicio Rediseño" has been purged, triggered by action: save_post 
[2026-02-20 21:36:05 : INFO] - Cache for URL: https://partumdesign.com.mx/inicio-rediseno/ has been purged, triggered by action: save_post 
[2026-02-20 21:36:05 : INFO] - Cache for author page URL: https://partumdesign.com.mx/author/maricruz-partum/ associated with post_type: page and Title: "Inicio Rediseño" has been purged, triggered by action: save_post 
[2026-02-20 21:36:06 : INFO] - Cache for URL: https://partumdesign.com.mx/inicio-rediseno/ has been purged, triggered by action: save_post 
[2026-02-20 21:36:06 : INFO] - Cache for author page URL: https://partumdesign.com.mx/author/maricruz-partum/ associated with post_type: page and Title: "Inicio Rediseño" has been purged, triggered by action: save_post 
[2026-02-20 21:36:06 : INFO] - Cache for URL: https://partumdesign.com.mx/inicio-rediseno/ has been purged, triggered by action: save_post 
[2026-02-20 21:36:06 : INFO] - Cache for author page URL: https://partumdesign.com.mx/author/maricruz-partum/ associated with post_type: page and Title: "Inicio Rediseño" has been purged, triggered by action: save_post 
[2026-02-20 21:41:16 : INFO] - Cache for URL: https://partumdesign.com.mx/nosotros/ has been purged, triggered by action: save_post 
[2026-02-20 21:41:16 : INFO] - Cache for author page URL: https://partumdesign.com.mx/author/maricruz-partum/ associated with post_type: page and Title: "Nosotros" has been purged, triggered by action: save_post 
[2026-02-20 21:41:16 : INFO] - Cache for URL: https://partumdesign.com.mx/nosotros/ has been purged, triggered by action: save_post 
[2026-02-20 21:41:16 : INFO] - Cache for author page URL: https://partumdesign.com.mx/author/maricruz-partum/ associated with post_type: page and Title: "Nosotros" has been purged, triggered by action: save_post 
[2026-02-20 21:41:16 : INFO] - Cache for URL: https://partumdesign.com.mx/nosotros/ has been purged, triggered by action: save_post 
[2026-02-20 21:41:16 : INFO] - Cache for author page URL: https://partumdesign.com.mx/author/maricruz-partum/ associated with post_type: page and Title: "Nosotros" has been purged, triggered by action: save_post 
[2026-02-20 21:41:51 : INFO] - Cache for URL: https://partumdesign.com.mx/nosotros/ has been purged, triggered by action: save_post 
[2026-02-20 21:41:51 : INFO] - Cache for author page URL: https://partumdesign.com.mx/author/maricruz-partum/ associated with post_type: page and Title: "Nosotros" has been purged, triggered by action: save_post 
[2026-02-20 21:41:52 : INFO] - Cache for URL: https://partumdesign.com.mx/nosotros/ has been purged, triggered by action: save_post 
[2026-02-20 21:41:52 : INFO] - Cache for author page URL: https://partumdesign.com.mx/author/maricruz-partum/ associated with post_type: page and Title: "Nosotros" has been purged, triggered by action: save_post 
[2026-02-20 21:41:52 : INFO] - Cache for URL: https://partumdesign.com.mx/nosotros/ has been purged, triggered by action: save_post 
[2026-02-20 21:41:52 : INFO] - Cache for author page URL: https://partumdesign.com.mx/author/maricruz-partum/ associated with post_type: page and Title: "Nosotros" has been purged, triggered by action: save_post 
[2026-02-20 21:42:38 : INFO] - Cache for URL: https://partumdesign.com.mx/nosotros/ has been purged, triggered by action: save_post 
[2026-02-20 21:42:38 : INFO] - Cache for author page URL: https://partumdesign.com.mx/author/maricruz-partum/ associated with post_type: page and Title: "Nosotros" has been purged, triggered by action: save_post 
[2026-02-20 21:42:38 : INFO] - Cache for URL: https://partumdesign.com.mx/nosotros/ has been purged, triggered by action: save_post 
[2026-02-20 21:42:38 : INFO] - Cache for author page URL: https://partumdesign.com.mx/author/maricruz-partum/ associated with post_type: page and Title: "Nosotros" has been purged, triggered by action: save_post 
[2026-02-20 21:42:38 : INFO] - Cache for URL: https://partumdesign.com.mx/nosotros/ has been purged, triggered by action: save_post 
[2026-02-20 21:42:38 : INFO] - Cache for author page URL: https://partumdesign.com.mx/author/maricruz-partum/ associated with post_type: page and Title: "Nosotros" has been purged, triggered by action: save_post 
[2026-02-20 21:46:06 : INFO] - Cache for URL: https://partumdesign.com.mx/inicio-rediseno/ has been purged, triggered by action: save_post 
[2026-02-20 21:46:06 : INFO] - Cache for author page URL: https://partumdesign.com.mx/author/maricruz-partum/ associated with post_type: page and Title: "Inicio Rediseño" has been purged, triggered by action: save_post 
[2026-02-20 21:46:07 : INFO] - Cache for URL: https://partumdesign.com.mx/inicio-rediseno/ has been purged, triggered by action: save_post 
[2026-02-20 21:46:07 : INFO] - Cache for author page URL: https://partumdesign.com.mx/author/maricruz-partum/ associated with post_type: page and Title: "Inicio Rediseño" has been purged, triggered by action: save_post 
[2026-02-20 21:46:07 : INFO] - Cache for URL: https://partumdesign.com.mx/inicio-rediseno/ has been purged, triggered by action: save_post 
[2026-02-20 21:46:07 : INFO] - Cache for author page URL: https://partumdesign.com.mx/author/maricruz-partum/ associated with post_type: page and Title: "Inicio Rediseño" has been purged, triggered by action: save_post 
[2026-02-20 21:48:29 : INFO] - Cache for URL: https://partumdesign.com.mx/servicios-integrales/ has been purged, triggered by action: save_post 
[2026-02-20 21:48:29 : INFO] - Cache for author page URL: https://partumdesign.com.mx/author/maricruz-partum/ associated with post_type: page and Title: "Servicios Integrales" has been purged, triggered by action: save_post 
[2026-02-20 21:48:29 : INFO] - Cache for URL: https://partumdesign.com.mx/servicios-integrales/ has been purged, triggered by action: save_post 
[2026-02-20 21:48:29 : INFO] - Cache for author page URL: https://partumdesign.com.mx/author/maricruz-partum/ associated with post_type: page and Title: "Servicios Integrales" has been purged, triggered by action: save_post 
[2026-02-20 21:48:29 : INFO] - Cache for URL: https://partumdesign.com.mx/servicios-integrales/ has been purged, triggered by action: save_post 
[2026-02-20 21:48:29 : INFO] - Cache for author page URL: https://partumdesign.com.mx/author/maricruz-partum/ associated with post_type: page and Title: "Servicios Integrales" has been purged, triggered by action: save_post 
[2026-02-20 21:49:03 : INFO] - Cache for URL: https://partumdesign.com.mx/servicios-integrales/ has been purged, triggered by action: save_post 
[2026-02-20 21:49:03 : INFO] - Cache for author page URL: https://partumdesign.com.mx/author/maricruz-partum/ associated with post_type: page and Title: "Servicios Integrales" has been purged, triggered by action: save_post 
[2026-02-20 21:49:03 : INFO] - Cache for URL: https://partumdesign.com.mx/servicios-integrales/ has been purged, triggered by action: save_post 
[2026-02-20 21:49:03 : INFO] - Cache for author page URL: https://partumdesign.com.mx/author/maricruz-partum/ associated with post_type: page and Title: "Servicios Integrales" has been purged, triggered by action: save_post 
[2026-02-20 21:49:03 : INFO] - Cache for URL: https://partumdesign.com.mx/servicios-integrales/ has been purged, triggered by action: save_post 
[2026-02-20 21:49:03 : INFO] - Cache for author page URL: https://partumdesign.com.mx/author/maricruz-partum/ associated with post_type: page and Title: "Servicios Integrales" has been purged, triggered by action: save_post 
[2026-02-20 21:50:07 : INFO] - Cache for URL: https://partumdesign.com.mx/inicio-rediseno/ has been purged, triggered by action: save_post 
[2026-02-20 21:50:07 : INFO] - Cache for author page URL: https://partumdesign.com.mx/author/maricruz-partum/ associated with post_type: page and Title: "Inicio Rediseño" has been purged, triggered by action: save_post 
[2026-02-20 21:50:07 : INFO] - Cache for URL: https://partumdesign.com.mx/inicio-rediseno/ has been purged, triggered by action: save_post 
[2026-02-20 21:50:07 : INFO] - Cache for author page URL: https://partumdesign.com.mx/author/maricruz-partum/ associated with post_type: page and Title: "Inicio Rediseño" has been purged, triggered by action: save_post 
[2026-02-20 21:50:08 : INFO] - Cache for URL: https://partumdesign.com.mx/inicio-rediseno/ has been purged, triggered by action: save_post 
[2026-02-20 21:50:08 : INFO] - Cache for author page URL: https://partumdesign.com.mx/author/maricruz-partum/ associated with post_type: page and Title: "Inicio Rediseño" has been purged, triggered by action: save_post 
[2026-02-20 21:53:15 : INFO] - Cache for URL: https://partumdesign.com.mx/marketing-digital/ has been purged, triggered by action: save_post 
[2026-02-20 21:53:15 : INFO] - Cache for author page URL: https://partumdesign.com.mx/author/maricruz-partum/ associated with post_type: page and Title: "Marketing digital" has been purged, triggered by action: save_post 
[2026-02-20 21:53:15 : INFO] - Cache for URL: https://partumdesign.com.mx/marketing-digital/ has been purged, triggered by action: save_post 
[2026-02-20 21:53:15 : INFO] - Cache for author page URL: https://partumdesign.com.mx/author/maricruz-partum/ associated with post_type: page and Title: "Marketing digital" has been purged, triggered by action: save_post 
[2026-02-20 21:53:15 : INFO] - Cache for URL: https://partumdesign.com.mx/marketing-digital/ has been purged, triggered by action: save_post 
[2026-02-20 21:53:15 : INFO] - Cache for author page URL: https://partumdesign.com.mx/author/maricruz-partum/ associated with post_type: page and Title: "Marketing digital" has been purged, triggered by action: save_post 
[2026-02-20 21:55:13 : INFO] - Cache for URL: https://partumdesign.com.mx/marketing-digital/ has been purged, triggered by action: save_post 
[2026-02-20 21:55:13 : INFO] - Cache for author page URL: https://partumdesign.com.mx/author/maricruz-partum/ associated with post_type: page and Title: "Marketing digital" has been purged, triggered by action: save_post 
[2026-02-20 21:55:13 : INFO] - Cache for URL: https://partumdesign.com.mx/marketing-digital/ has been purged, triggered by action: save_post 
[2026-02-20 21:55:13 : INFO] - Cache for author page URL: https://partumdesign.com.mx/author/maricruz-partum/ associated with post_type: page and Title: "Marketing digital" has been purged, triggered by action: save_post 
[2026-02-20 21:55:13 : INFO] - Cache for URL: https://partumdesign.com.mx/marketing-digital/ has been purged, triggered by action: save_post 
[2026-02-20 21:55:13 : INFO] - Cache for author page URL: https://partumdesign.com.mx/author/maricruz-partum/ associated with post_type: page and Title: "Marketing digital" has been purged, triggered by action: save_post 
[2026-02-20 21:56:16 : INFO] - Cache for URL: https://partumdesign.com.mx/marketing-digital/ has been purged, triggered by action: save_post 
[2026-02-20 21:56:16 : INFO] - Cache for author page URL: https://partumdesign.com.mx/author/maricruz-partum/ associated with post_type: page and Title: "Marketing digital" has been purged, triggered by action: save_post 
[2026-02-20 21:56:16 : INFO] - Cache for URL: https://partumdesign.com.mx/marketing-digital/ has been purged, triggered by action: save_post 
[2026-02-20 21:56:16 : INFO] - Cache for author page URL: https://partumdesign.com.mx/author/maricruz-partum/ associated with post_type: page and Title: "Marketing digital" has been purged, triggered by action: save_post 
[2026-02-20 21:56:17 : INFO] - Cache for URL: https://partumdesign.com.mx/marketing-digital/ has been purged, triggered by action: save_post 
[2026-02-20 21:56:17 : INFO] - Cache for author page URL: https://partumdesign.com.mx/author/maricruz-partum/ associated with post_type: page and Title: "Marketing digital" has been purged, triggered by action: save_post 
[2026-02-20 22:02:21 : INFO] - Cache for URL: https://partumdesign.com.mx/contacto2/ has been purged, triggered by action: save_post 
[2026-02-20 22:02:21 : INFO] - Cache for author page URL: https://partumdesign.com.mx/author/maricruz-partum/ associated with post_type: page and Title: "contacto2" has been purged, triggered by action: save_post 
[2026-02-20 22:02:21 : INFO] - Cache for URL: https://partumdesign.com.mx/contacto2/ has been purged, triggered by action: save_post 
[2026-02-20 22:02:21 : INFO] - Cache for author page URL: https://partumdesign.com.mx/author/maricruz-partum/ associated with post_type: page and Title: "contacto2" has been purged, triggered by action: save_post 
[2026-02-20 22:02:22 : INFO] - Cache for URL: https://partumdesign.com.mx/contacto2/ has been purged, triggered by action: save_post 
[2026-02-20 22:02:22 : INFO] - Cache for author page URL: https://partumdesign.com.mx/author/maricruz-partum/ associated with post_type: page and Title: "contacto2" has been purged, triggered by action: save_post 
[2026-02-20 22:06:02 : INFO] - Cache for URL: https://partumdesign.com.mx/contacto2/ has been purged, triggered by action: save_post 
[2026-02-20 22:06:02 : INFO] - Cache for author page URL: https://partumdesign.com.mx/author/maricruz-partum/ associated with post_type: page and Title: "contacto2" has been purged, triggered by action: save_post 
[2026-02-20 22:06:02 : INFO] - Cache for URL: https://partumdesign.com.mx/contacto2/ has been purged, triggered by action: save_post 
[2026-02-20 22:06:02 : INFO] - Cache for author page URL: https://partumdesign.com.mx/author/maricruz-partum/ associated with post_type: page and Title: "contacto2" has been purged, triggered by action: save_post 
[2026-02-20 22:06:02 : INFO] - Cache for URL: https://partumdesign.com.mx/contacto2/ has been purged, triggered by action: save_post 
[2026-02-20 22:06:02 : INFO] - Cache for author page URL: https://partumdesign.com.mx/author/maricruz-partum/ associated with post_type: page and Title: "contacto2" has been purged, triggered by action: save_post 
[2026-02-20 22:07:16 : INFO] - Cache for URL: https://partumdesign.com.mx/contacto2/ has been purged, triggered by action: save_post 
[2026-02-20 22:07:16 : INFO] - Cache for author page URL: https://partumdesign.com.mx/author/maricruz-partum/ associated with post_type: page and Title: "contacto2" has been purged, triggered by action: save_post 
[2026-02-20 22:07:16 : INFO] - Cache for URL: https://partumdesign.com.mx/contacto2/ has been purged, triggered by action: save_post 
[2026-02-20 22:07:16 : INFO] - Cache for author page URL: https://partumdesign.com.mx/author/maricruz-partum/ associated with post_type: page and Title: "contacto2" has been purged, triggered by action: save_post 
[2026-02-20 22:07:16 : INFO] - Cache for URL: https://partumdesign.com.mx/contacto2/ has been purged, triggered by action: save_post 
[2026-02-20 22:07:16 : INFO] - Cache for author page URL: https://partumdesign.com.mx/author/maricruz-partum/ associated with post_type: page and Title: "contacto2" has been purged, triggered by action: save_post 
[2026-02-20 22:11:23 : INFO] - Cache for URL: https://partumdesign.com.mx/contacto2/ has been purged, triggered by action: save_post 
[2026-02-20 22:11:23 : INFO] - Cache for author page URL: https://partumdesign.com.mx/author/maricruz-partum/ associated with post_type: page and Title: "contacto2" has been purged, triggered by action: save_post 
[2026-02-20 22:11:23 : INFO] - Cache for URL: https://partumdesign.com.mx/contacto2/ has been purged, triggered by action: save_post 
[2026-02-20 22:11:23 : INFO] - Cache for author page URL: https://partumdesign.com.mx/author/maricruz-partum/ associated with post_type: page and Title: "contacto2" has been purged, triggered by action: save_post 
[2026-02-20 22:11:23 : INFO] - Cache for URL: https://partumdesign.com.mx/contacto2/ has been purged, triggered by action: save_post 
[2026-02-20 22:11:23 : INFO] - Cache for author page URL: https://partumdesign.com.mx/author/maricruz-partum/ associated with post_type: page and Title: "contacto2" has been purged, triggered by action: save_post 
[2026-02-20 22:13:25 : INFO] - Cache for URL: https://partumdesign.com.mx/contacto2/ has been purged, triggered by action: save_post 
[2026-02-20 22:13:25 : INFO] - Cache for author page URL: https://partumdesign.com.mx/author/maricruz-partum/ associated with post_type: page and Title: "contacto2" has been purged, triggered by action: save_post 
[2026-02-20 22:13:25 : INFO] - Cache for URL: https://partumdesign.com.mx/contacto2/ has been purged, triggered by action: save_post 
[2026-02-20 22:13:25 : INFO] - Cache for author page URL: https://partumdesign.com.mx/author/maricruz-partum/ associated with post_type: page and Title: "contacto2" has been purged, triggered by action: save_post 
[2026-02-20 22:13:25 : INFO] - Cache for URL: https://partumdesign.com.mx/contacto2/ has been purged, triggered by action: save_post 
[2026-02-20 22:13:25 : INFO] - Cache for author page URL: https://partumdesign.com.mx/author/maricruz-partum/ associated with post_type: page and Title: "contacto2" has been purged, triggered by action: save_post 
[2026-02-20 22:14:09 : INFO] - Cache for URL: https://partumdesign.com.mx/contacto2/ has been purged, triggered by action: save_post 
[2026-02-20 22:14:09 : INFO] - Cache for author page URL: https://partumdesign.com.mx/author/maricruz-partum/ associated with post_type: page and Title: "contacto2" has been purged, triggered by action: save_post 
[2026-02-20 22:14:09 : INFO] - Cache for URL: https://partumdesign.com.mx/contacto2/ has been purged, triggered by action: save_post 
[2026-02-20 22:14:09 : INFO] - Cache for author page URL: https://partumdesign.com.mx/author/maricruz-partum/ associated with post_type: page and Title: "contacto2" has been purged, triggered by action: save_post 
[2026-02-20 22:14:10 : INFO] - Cache for URL: https://partumdesign.com.mx/contacto2/ has been purged, triggered by action: save_post 
[2026-02-20 22:14:10 : INFO] - Cache for author page URL: https://partumdesign.com.mx/author/maricruz-partum/ associated with post_type: page and Title: "contacto2" has been purged, triggered by action: save_post 
[2026-02-20 22:19:27 : INFO] - Cache for URL: https://partumdesign.com.mx/identidad-visual-y-corporativa/ has been purged, triggered by action: save_post 
[2026-02-20 22:19:27 : INFO] - Cache for author page URL: https://partumdesign.com.mx/author/maricruz-partum/ associated with post_type: page and Title: "Identidad Visual y Corporativa" has been purged, triggered by action: save_post 
[2026-02-20 22:19:27 : INFO] - Cache for URL: https://partumdesign.com.mx/identidad-visual-y-corporativa/ has been purged, triggered by action: save_post 
[2026-02-20 22:19:27 : INFO] - Cache for author page URL: https://partumdesign.com.mx/author/maricruz-partum/ associated with post_type: page and Title: "Identidad Visual y Corporativa" has been purged, triggered by action: save_post 
[2026-02-20 22:19:27 : INFO] - Cache for URL: https://partumdesign.com.mx/identidad-visual-y-corporativa/ has been purged, triggered by action: save_post 
[2026-02-20 22:19:27 : INFO] - Cache for author page URL: https://partumdesign.com.mx/author/maricruz-partum/ associated with post_type: page and Title: "Identidad Visual y Corporativa" has been purged, triggered by action: save_post 
[2026-02-20 22:31:52 : INFO] - Cache for URL: https://partumdesign.com.mx/identidad-visual-y-corporativa/ has been purged, triggered by action: save_post 
[2026-02-20 22:31:52 : INFO] - Cache for author page URL: https://partumdesign.com.mx/author/maricruz-partum/ associated with post_type: page and Title: "Identidad Visual y Corporativa" has been purged, triggered by action: save_post 
[2026-02-20 22:31:53 : INFO] - Cache for URL: https://partumdesign.com.mx/identidad-visual-y-corporativa/ has been purged, triggered by action: save_post 
[2026-02-20 22:31:53 : INFO] - Cache for author page URL: https://partumdesign.com.mx/author/maricruz-partum/ associated with post_type: page and Title: "Identidad Visual y Corporativa" has been purged, triggered by action: save_post 
[2026-02-20 22:31:53 : INFO] - Cache for URL: https://partumdesign.com.mx/identidad-visual-y-corporativa/ has been purged, triggered by action: save_post 
[2026-02-20 22:31:53 : INFO] - Cache for author page URL: https://partumdesign.com.mx/author/maricruz-partum/ associated with post_type: page and Title: "Identidad Visual y Corporativa" has been purged, triggered by action: save_post 
[2026-02-20 22:34:57 : INFO] - Cache for URL: https://partumdesign.com.mx/desarrollo-web-2/ has been purged, triggered by action: save_post 
[2026-02-20 22:34:57 : INFO] - Cache for author page URL: https://partumdesign.com.mx/author/maricruz-partum/ associated with post_type: page and Title: "Desarrollo web" has been purged, triggered by action: save_post 
[2026-02-20 22:34:57 : INFO] - Cache for URL: https://partumdesign.com.mx/desarrollo-web-2/ has been purged, triggered by action: save_post 
[2026-02-20 22:34:57 : INFO] - Cache for author page URL: https://partumdesign.com.mx/author/maricruz-partum/ associated with post_type: page and Title: "Desarrollo web" has been purged, triggered by action: save_post 
[2026-02-20 22:34:57 : INFO] - Cache for URL: https://partumdesign.com.mx/desarrollo-web-2/ has been purged, triggered by action: save_post 
[2026-02-20 22:34:57 : INFO] - Cache for author page URL: https://partumdesign.com.mx/author/maricruz-partum/ associated with post_type: page and Title: "Desarrollo web" has been purged, triggered by action: save_post 
[2026-02-20 22:41:58 : INFO] - Cache for URL: https://partumdesign.com.mx/desarrollo-web-2/ has been purged, triggered by action: save_post 
[2026-02-20 22:41:58 : INFO] - Cache for author page URL: https://partumdesign.com.mx/author/maricruz-partum/ associated with post_type: page and Title: "Desarrollo web" has been purged, triggered by action: save_post 
[2026-02-20 22:41:58 : INFO] - Cache for URL: https://partumdesign.com.mx/desarrollo-web-2/ has been purged, triggered by action: save_post 
[2026-02-20 22:41:58 : INFO] - Cache for author page URL: https://partumdesign.com.mx/author/maricruz-partum/ associated with post_type: page and Title: "Desarrollo web" has been purged, triggered by action: save_post 
[2026-02-20 22:41:58 : INFO] - Cache for URL: https://partumdesign.com.mx/desarrollo-web-2/ has been purged, triggered by action: save_post 
[2026-02-20 22:41:58 : INFO] - Cache for author page URL: https://partumdesign.com.mx/author/maricruz-partum/ associated with post_type: page and Title: "Desarrollo web" has been purged, triggered by action: save_post 
[2026-02-20 22:46:58 : INFO] - Cache for URL: https://partumdesign.com.mx/identidad-visual-y-corporativa/ has been purged, triggered by action: save_post 
[2026-02-20 22:46:58 : INFO] - Cache for author page URL: https://partumdesign.com.mx/author/maricruz-partum/ associated with post_type: page and Title: "Identidad Visual y Corporativa" has been purged, triggered by action: save_post 
[2026-02-20 22:46:58 : INFO] - Cache for URL: https://partumdesign.com.mx/identidad-visual-y-corporativa/ has been purged, triggered by action: save_post 
[2026-02-20 22:46:58 : INFO] - Cache for author page URL: https://partumdesign.com.mx/author/maricruz-partum/ associated with post_type: page and Title: "Identidad Visual y Corporativa" has been purged, triggered by action: save_post 
[2026-02-20 22:46:58 : INFO] - Cache for URL: https://partumdesign.com.mx/identidad-visual-y-corporativa/ has been purged, triggered by action: save_post 
[2026-02-20 22:46:58 : INFO] - Cache for author page URL: https://partumdesign.com.mx/author/maricruz-partum/ associated with post_type: page and Title: "Identidad Visual y Corporativa" has been purged, triggered by action: save_post 
[2026-02-20 22:50:44 : INFO] - Full Cache Purge triggered by: plugin activation/deactivation 
[2026-02-20 23:08:06 : INFO] - Cache for URL: https://partumdesign.com.mx/?elementor_library=elementor-header-1647 has been purged, triggered by action: save_post 
[2026-02-20 23:08:06 : INFO] - Cache for author page URL: https://partumdesign.com.mx/author/maricruz-partum/ associated with post_type: elementor_library and Title: "HEADER REDISEÑO" has been purged, triggered by action: save_post 
[2026-02-20 23:08:06 : INFO] - Cache for URL: https://partumdesign.com.mx/?elementor_library=elementor-header-1647 has been purged, triggered by action: save_post 
[2026-02-20 23:08:06 : INFO] - Cache for author page URL: https://partumdesign.com.mx/author/maricruz-partum/ associated with post_type: elementor_library and Title: "HEADER REDISEÑO" has been purged, triggered by action: save_post 
[2026-02-20 23:08:07 : INFO] - Cache for URL: https://partumdesign.com.mx/?elementor_library=elementor-header-1647 has been purged, triggered by action: save_post 
[2026-02-20 23:08:07 : INFO] - Cache for author page URL: https://partumdesign.com.mx/author/maricruz-partum/ associated with post_type: elementor_library and Title: "HEADER REDISEÑO" has been purged, triggered by action: save_post 
[2026-02-20 23:08:33 : INFO] - Cache for URL: https://partumdesign.com.mx/?elementor_library=elementor-header-1647 has been purged, triggered by action: save_post 
[2026-02-20 23:08:33 : INFO] - Cache for author page URL: https://partumdesign.com.mx/author/maricruz-partum/ associated with post_type: elementor_library and Title: "HEADER REDISEÑO" has been purged, triggered by action: save_post 
[2026-02-20 23:08:33 : INFO] - Cache for URL: https://partumdesign.com.mx/?elementor_library=elementor-header-1647 has been purged, triggered by action: save_post 
[2026-02-20 23:08:33 : INFO] - Cache for author page URL: https://partumdesign.com.mx/author/maricruz-partum/ associated with post_type: elementor_library and Title: "HEADER REDISEÑO" has been purged, triggered by action: save_post 
[2026-02-20 23:08:33 : INFO] - Cache for URL: https://partumdesign.com.mx/?elementor_library=elementor-header-1647 has been purged, triggered by action: save_post 
[2026-02-20 23:08:33 : INFO] - Cache for author page URL: https://partumdesign.com.mx/author/maricruz-partum/ associated with post_type: elementor_library and Title: "HEADER REDISEÑO" has been purged, triggered by action: save_post 
[2026-02-20 23:12:42 : INFO] - Cache for URL: https://partumdesign.com.mx/?elementor_library=elementor-header-1647 has been purged, triggered by action: save_post 
[2026-02-20 23:12:42 : INFO] - Cache for author page URL: https://partumdesign.com.mx/author/maricruz-partum/ associated with post_type: elementor_library and Title: "HEADER REDISEÑO" has been purged, triggered by action: save_post 
[2026-02-20 23:12:42 : INFO] - Cache for URL: https://partumdesign.com.mx/?elementor_library=elementor-header-1647 has been purged, triggered by action: save_post 
[2026-02-20 23:12:42 : INFO] - Cache for author page URL: https://partumdesign.com.mx/author/maricruz-partum/ associated with post_type: elementor_library and Title: "HEADER REDISEÑO" has been purged, triggered by action: save_post 
[2026-02-20 23:12:42 : INFO] - Cache for URL: https://partumdesign.com.mx/?elementor_library=elementor-header-1647 has been purged, triggered by action: save_post 
[2026-02-20 23:12:42 : INFO] - Cache for author page URL: https://partumdesign.com.mx/author/maricruz-partum/ associated with post_type: elementor_library and Title: "HEADER REDISEÑO" has been purged, triggered by action: save_post 
[2026-02-21 03:27:14 : INFO] - Cache for URL: https://partumdesign.com.mx/quien-es-partum-rediseno/ has been purged, triggered by action: wp_trash_post 
[2026-02-21 03:48:34 : INFO] - Cache for URL: https://partumdesign.com.mx/inicio-rediseno/ has been purged, triggered by action: save_post 
[2026-02-21 03:48:34 : INFO] - Cache for author page URL: https://partumdesign.com.mx/author/maricruz-partum/ associated with post_type: page and Title: "Inicio Rediseño" has been purged, triggered by action: save_post 
[2026-02-21 03:48:34 : INFO] - Cache for URL: https://partumdesign.com.mx/inicio-rediseno/ has been purged, triggered by action: save_post 
[2026-02-21 03:48:34 : INFO] - Cache for author page URL: https://partumdesign.com.mx/author/maricruz-partum/ associated with post_type: page and Title: "Inicio Rediseño" has been purged, triggered by action: save_post 
[2026-02-21 03:48:35 : INFO] - Cache for URL: https://partumdesign.com.mx/inicio-rediseno/ has been purged, triggered by action: save_post 
[2026-02-21 03:48:35 : INFO] - Cache for author page URL: https://partumdesign.com.mx/author/maricruz-partum/ associated with post_type: page and Title: "Inicio Rediseño" has been purged, triggered by action: save_post 
[2026-02-21 03:58:37 : INFO] - Cache for URL: https://partumdesign.com.mx/inicio-rediseno/ has been purged, triggered by action: save_post 
[2026-02-21 03:58:37 : INFO] - Cache for author page URL: https://partumdesign.com.mx/author/maricruz-partum/ associated with post_type: page and Title: "Inicio Rediseño" has been purged, triggered by action: save_post 
[2026-02-21 03:58:38 : INFO] - Cache for URL: https://partumdesign.com.mx/inicio-rediseno/ has been purged, triggered by action: save_post 
[2026-02-21 03:58:38 : INFO] - Cache for author page URL: https://partumdesign.com.mx/author/maricruz-partum/ associated with post_type: page and Title: "Inicio Rediseño" has been purged, triggered by action: save_post 
[2026-02-21 03:58:38 : INFO] - Cache for URL: https://partumdesign.com.mx/inicio-rediseno/ has been purged, triggered by action: save_post 
[2026-02-21 03:58:38 : INFO] - Cache for author page URL: https://partumdesign.com.mx/author/maricruz-partum/ associated with post_type: page and Title: "Inicio Rediseño" has been purged, triggered by action: save_post 
[2026-02-21 04:07:51 : INFO] - Cache for URL: https://partumdesign.com.mx/inicio-rediseno/ has been purged, triggered by action: save_post 
[2026-02-21 04:07:51 : INFO] - Cache for author page URL: https://partumdesign.com.mx/author/maricruz-partum/ associated with post_type: page and Title: "Inicio Rediseño" has been purged, triggered by action: save_post 
[2026-02-21 04:07:51 : INFO] - Cache for URL: https://partumdesign.com.mx/inicio-rediseno/ has been purged, triggered by action: save_post 
[2026-02-21 04:07:51 : INFO] - Cache for author page URL: https://partumdesign.com.mx/author/maricruz-partum/ associated with post_type: page and Title: "Inicio Rediseño" has been purged, triggered by action: save_post 
[2026-02-21 04:07:51 : INFO] - Cache for URL: https://partumdesign.com.mx/inicio-rediseno/ has been purged, triggered by action: save_post 
[2026-02-21 04:07:51 : INFO] - Cache for author page URL: https://partumdesign.com.mx/author/maricruz-partum/ associated with post_type: page and Title: "Inicio Rediseño" has been purged, triggered by action: save_post 
[2026-02-21 20:05:14 : INFO] - Cache for URL: https://partumdesign.com.mx/inicio-rediseno/ has been purged, triggered by action: save_post 
[2026-02-21 20:05:14 : INFO] - Cache for author page URL: https://partumdesign.com.mx/author/maricruz-partum/ associated with post_type: page and Title: "Inicio Rediseño" has been purged, triggered by action: save_post 
[2026-02-21 20:05:15 : INFO] - Cache for URL: https://partumdesign.com.mx/inicio-rediseno/ has been purged, triggered by action: save_post 
[2026-02-21 20:05:15 : INFO] - Cache for author page URL: https://partumdesign.com.mx/author/maricruz-partum/ associated with post_type: page and Title: "Inicio Rediseño" has been purged, triggered by action: save_post 
[2026-02-21 20:05:15 : INFO] - Cache for URL: https://partumdesign.com.mx/inicio-rediseno/ has been purged, triggered by action: save_post 
[2026-02-21 20:05:15 : INFO] - Cache for author page URL: https://partumdesign.com.mx/author/maricruz-partum/ associated with post_type: page and Title: "Inicio Rediseño" has been purged, triggered by action: save_post 
[2026-02-21 20:43:14 : INFO] - Cache for URL: https://partumdesign.com.mx/inicio-rediseno/ has been purged, triggered by action: save_post 
[2026-02-21 20:43:14 : INFO] - Cache for author page URL: https://partumdesign.com.mx/author/maricruz-partum/ associated with post_type: page and Title: "Inicio Rediseño" has been purged, triggered by action: save_post 
[2026-02-21 20:43:15 : INFO] - Cache for URL: https://partumdesign.com.mx/inicio-rediseno/ has been purged, triggered by action: save_post 
[2026-02-21 20:43:15 : INFO] - Cache for author page URL: https://partumdesign.com.mx/author/maricruz-partum/ associated with post_type: page and Title: "Inicio Rediseño" has been purged, triggered by action: save_post 
[2026-02-21 20:43:16 : INFO] - Cache for URL: https://partumdesign.com.mx/inicio-rediseno/ has been purged, triggered by action: save_post 
[2026-02-21 20:43:16 : INFO] - Cache for author page URL: https://partumdesign.com.mx/author/maricruz-partum/ associated with post_type: page and Title: "Inicio Rediseño" has been purged, triggered by action: save_post 
[2026-02-21 20:48:41 : INFO] - Cache for URL: https://partumdesign.com.mx/inicio-rediseno/ has been purged, triggered by action: save_post 
[2026-02-21 20:48:41 : INFO] - Cache for author page URL: https://partumdesign.com.mx/author/maricruz-partum/ associated with post_type: page and Title: "Inicio Rediseño" has been purged, triggered by action: save_post 
[2026-02-21 20:48:41 : INFO] - Cache for URL: https://partumdesign.com.mx/inicio-rediseno/ has been purged, triggered by action: save_post 
[2026-02-21 20:48:41 : INFO] - Cache for author page URL: https://partumdesign.com.mx/author/maricruz-partum/ associated with post_type: page and Title: "Inicio Rediseño" has been purged, triggered by action: save_post 
[2026-02-21 20:48:42 : INFO] - Cache for URL: https://partumdesign.com.mx/inicio-rediseno/ has been purged, triggered by action: save_post 
[2026-02-21 20:48:42 : INFO] - Cache for author page URL: https://partumdesign.com.mx/author/maricruz-partum/ associated with post_type: page and Title: "Inicio Rediseño" has been purged, triggered by action: save_post 
[2026-02-21 20:50:08 : INFO] - Cache for URL: https://partumdesign.com.mx/inicio-rediseno/ has been purged, triggered by action: save_post 
[2026-02-21 20:50:08 : INFO] - Cache for author page URL: https://partumdesign.com.mx/author/maricruz-partum/ associated with post_type: page and Title: "Inicio Rediseño" has been purged, triggered by action: save_post 
[2026-02-21 20:50:09 : INFO] - Cache for URL: https://partumdesign.com.mx/inicio-rediseno/ has been purged, triggered by action: save_post 
[2026-02-21 20:50:09 : INFO] - Cache for author page URL: https://partumdesign.com.mx/author/maricruz-partum/ associated with post_type: page and Title: "Inicio Rediseño" has been purged, triggered by action: save_post 
[2026-02-21 20:50:10 : INFO] - Cache for URL: https://partumdesign.com.mx/inicio-rediseno/ has been purged, triggered by action: save_post 
[2026-02-21 20:50:10 : INFO] - Cache for author page URL: https://partumdesign.com.mx/author/maricruz-partum/ associated with post_type: page and Title: "Inicio Rediseño" has been purged, triggered by action: save_post 
[2026-02-21 20:53:56 : INFO] - Cache for URL: https://partumdesign.com.mx/inicio-rediseno/ has been purged, triggered by action: save_post 
[2026-02-21 20:53:56 : INFO] - Cache for author page URL: https://partumdesign.com.mx/author/maricruz-partum/ associated with post_type: page and Title: "Inicio Rediseño" has been purged, triggered by action: save_post 
[2026-02-21 20:53:56 : INFO] - Cache for URL: https://partumdesign.com.mx/inicio-rediseno/ has been purged, triggered by action: save_post 
[2026-02-21 20:53:56 : INFO] - Cache for author page URL: https://partumdesign.com.mx/author/maricruz-partum/ associated with post_type: page and Title: "Inicio Rediseño" has been purged, triggered by action: save_post 
[2026-02-21 20:53:57 : INFO] - Cache for URL: https://partumdesign.com.mx/inicio-rediseno/ has been purged, triggered by action: save_post 
[2026-02-21 20:53:57 : INFO] - Cache for author page URL: https://partumdesign.com.mx/author/maricruz-partum/ associated with post_type: page and Title: "Inicio Rediseño" has been purged, triggered by action: save_post 
[2026-02-21 21:22:11 : INFO] - Cache for URL: https://partumdesign.com.mx/inicio-rediseno/ has been purged, triggered by action: save_post 
[2026-02-21 21:22:11 : INFO] - Cache for author page URL: https://partumdesign.com.mx/author/maricruz-partum/ associated with post_type: page and Title: "Inicio Rediseño" has been purged, triggered by action: save_post 
[2026-02-21 21:22:12 : INFO] - Cache for URL: https://partumdesign.com.mx/inicio-rediseno/ has been purged, triggered by action: save_post 
[2026-02-21 21:22:12 : INFO] - Cache for author page URL: https://partumdesign.com.mx/author/maricruz-partum/ associated with post_type: page and Title: "Inicio Rediseño" has been purged, triggered by action: save_post 
[2026-02-21 21:22:13 : INFO] - Cache for URL: https://partumdesign.com.mx/inicio-rediseno/ has been purged, triggered by action: save_post 
[2026-02-21 21:22:13 : INFO] - Cache for author page URL: https://partumdesign.com.mx/author/maricruz-partum/ associated with post_type: page and Title: "Inicio Rediseño" has been purged, triggered by action: save_post 
[2026-02-21 21:26:06 : INFO] - Cache for URL: https://partumdesign.com.mx/inicio-rediseno/ has been purged, triggered by action: save_post 
[2026-02-21 21:26:06 : INFO] - Cache for author page URL: https://partumdesign.com.mx/author/maricruz-partum/ associated with post_type: page and Title: "Inicio Rediseño" has been purged, triggered by action: save_post 
[2026-02-21 21:26:07 : INFO] - Cache for URL: https://partumdesign.com.mx/inicio-rediseno/ has been purged, triggered by action: save_post 
[2026-02-21 21:26:07 : INFO] - Cache for author page URL: https://partumdesign.com.mx/author/maricruz-partum/ associated with post_type: page and Title: "Inicio Rediseño" has been purged, triggered by action: save_post 
[2026-02-21 21:26:08 : INFO] - Cache for URL: https://partumdesign.com.mx/inicio-rediseno/ has been purged, triggered by action: save_post 
[2026-02-21 21:26:08 : INFO] - Cache for author page URL: https://partumdesign.com.mx/author/maricruz-partum/ associated with post_type: page and Title: "Inicio Rediseño" has been purged, triggered by action: save_post 
[2026-02-21 21:28:18 : INFO] - Cache for URL: https://partumdesign.com.mx/inicio-rediseno/ has been purged, triggered by action: save_post 
[2026-02-21 21:28:18 : INFO] - Cache for author page URL: https://partumdesign.com.mx/author/maricruz-partum/ associated with post_type: page and Title: "Inicio Rediseño" has been purged, triggered by action: save_post 
[2026-02-21 21:28:18 : INFO] - Cache for URL: https://partumdesign.com.mx/inicio-rediseno/ has been purged, triggered by action: save_post 
[2026-02-21 21:28:18 : INFO] - Cache for author page URL: https://partumdesign.com.mx/author/maricruz-partum/ associated with post_type: page and Title: "Inicio Rediseño" has been purged, triggered by action: save_post 
[2026-02-21 21:28:19 : INFO] - Cache for URL: https://partumdesign.com.mx/inicio-rediseno/ has been purged, triggered by action: save_post 
[2026-02-21 21:28:19 : INFO] - Cache for author page URL: https://partumdesign.com.mx/author/maricruz-partum/ associated with post_type: page and Title: "Inicio Rediseño" has been purged, triggered by action: save_post 
[2026-02-21 21:34:11 : INFO] - Cache for URL: https://partumdesign.com.mx/inicio-rediseno/ has been purged, triggered by action: save_post 
[2026-02-21 21:34:11 : INFO] - Cache for author page URL: https://partumdesign.com.mx/author/maricruz-partum/ associated with post_type: page and Title: "Inicio Rediseño" has been purged, triggered by action: save_post 
[2026-02-21 21:34:11 : INFO] - Cache for URL: https://partumdesign.com.mx/inicio-rediseno/ has been purged, triggered by action: save_post 
[2026-02-21 21:34:11 : INFO] - Cache for author page URL: https://partumdesign.com.mx/author/maricruz-partum/ associated with post_type: page and Title: "Inicio Rediseño" has been purged, triggered by action: save_post 
[2026-02-21 21:34:12 : INFO] - Cache for URL: https://partumdesign.com.mx/inicio-rediseno/ has been purged, triggered by action: save_post 
[2026-02-21 21:34:12 : INFO] - Cache for author page URL: https://partumdesign.com.mx/author/maricruz-partum/ associated with post_type: page and Title: "Inicio Rediseño" has been purged, triggered by action: save_post 
[2026-02-21 21:40:28 : INFO] - Cache for URL: https://partumdesign.com.mx/inicio-rediseno/ has been purged, triggered by action: save_post 
[2026-02-21 21:40:28 : INFO] - Cache for author page URL: https://partumdesign.com.mx/author/maricruz-partum/ associated with post_type: page and Title: "Inicio Rediseño" has been purged, triggered by action: save_post 
[2026-02-21 21:40:29 : INFO] - Cache for URL: https://partumdesign.com.mx/inicio-rediseno/ has been purged, triggered by action: save_post 
[2026-02-21 21:40:29 : INFO] - Cache for author page URL: https://partumdesign.com.mx/author/maricruz-partum/ associated with post_type: page and Title: "Inicio Rediseño" has been purged, triggered by action: save_post 
[2026-02-21 21:40:29 : INFO] - Cache for URL: https://partumdesign.com.mx/inicio-rediseno/ has been purged, triggered by action: save_post 
[2026-02-21 21:40:29 : INFO] - Cache for author page URL: https://partumdesign.com.mx/author/maricruz-partum/ associated with post_type: page and Title: "Inicio Rediseño" has been purged, triggered by action: save_post 
[2026-02-21 23:19:39 : INFO] - Cache for URL: https://partumdesign.com.mx/inicio-rediseno/ has been purged, triggered by action: save_post 
[2026-02-21 23:19:39 : INFO] - Cache for author page URL: https://partumdesign.com.mx/author/maricruz-partum/ associated with post_type: page and Title: "Inicio Rediseño" has been purged, triggered by action: save_post 
[2026-02-21 23:19:39 : INFO] - Cache for URL: https://partumdesign.com.mx/inicio-rediseno/ has been purged, triggered by action: save_post 
[2026-02-21 23:19:39 : INFO] - Cache for author page URL: https://partumdesign.com.mx/author/maricruz-partum/ associated with post_type: page and Title: "Inicio Rediseño" has been purged, triggered by action: save_post 
[2026-02-21 23:19:40 : INFO] - Cache for URL: https://partumdesign.com.mx/inicio-rediseno/ has been purged, triggered by action: save_post 
[2026-02-21 23:19:40 : INFO] - Cache for author page URL: https://partumdesign.com.mx/author/maricruz-partum/ associated with post_type: page and Title: "Inicio Rediseño" has been purged, triggered by action: save_post 
[2026-02-21 23:44:41 : INFO] - Cache for URL: https://partumdesign.com.mx/inicio-rediseno/ has been purged, triggered by action: save_post 
[2026-02-21 23:44:41 : INFO] - Cache for author page URL: https://partumdesign.com.mx/author/maricruz-partum/ associated with post_type: page and Title: "Inicio Rediseño" has been purged, triggered by action: save_post 
[2026-02-21 23:44:42 : INFO] - Cache for URL: https://partumdesign.com.mx/inicio-rediseno/ has been purged, triggered by action: save_post 
[2026-02-21 23:44:42 : INFO] - Cache for author page URL: https://partumdesign.com.mx/author/maricruz-partum/ associated with post_type: page and Title: "Inicio Rediseño" has been purged, triggered by action: save_post 
[2026-02-21 23:44:42 : INFO] - Cache for URL: https://partumdesign.com.mx/inicio-rediseno/ has been purged, triggered by action: save_post 
[2026-02-21 23:44:42 : INFO] - Cache for author page URL: https://partumdesign.com.mx/author/maricruz-partum/ associated with post_type: page and Title: "Inicio Rediseño" has been purged, triggered by action: save_post 
[2026-02-21 23:51:06 : INFO] - Cache for URL: https://partumdesign.com.mx/inicio-rediseno/ has been purged, triggered by action: save_post 
[2026-02-21 23:51:06 : INFO] - Cache for author page URL: https://partumdesign.com.mx/author/maricruz-partum/ associated with post_type: page and Title: "Inicio Rediseño" has been purged, triggered by action: save_post 
[2026-02-21 23:51:06 : INFO] - Cache for URL: https://partumdesign.com.mx/inicio-rediseno/ has been purged, triggered by action: save_post 
[2026-02-21 23:51:06 : INFO] - Cache for author page URL: https://partumdesign.com.mx/author/maricruz-partum/ associated with post_type: page and Title: "Inicio Rediseño" has been purged, triggered by action: save_post 
[2026-02-21 23:51:07 : INFO] - Cache for URL: https://partumdesign.com.mx/inicio-rediseno/ has been purged, triggered by action: save_post 
[2026-02-21 23:51:07 : INFO] - Cache for author page URL: https://partumdesign.com.mx/author/maricruz-partum/ associated with post_type: page and Title: "Inicio Rediseño" has been purged, triggered by action: save_post 
[2026-02-22 00:06:37 : INFO] - Cache for URL: https://partumdesign.com.mx/?elementor_library=elementor-header-1647 has been purged, triggered by action: save_post 
[2026-02-22 00:06:37 : INFO] - Cache for author page URL: https://partumdesign.com.mx/author/maricruz-partum/ associated with post_type: elementor_library and Title: "HEADER REDISEÑO" has been purged, triggered by action: save_post 
[2026-02-22 00:06:37 : INFO] - Cache for URL: https://partumdesign.com.mx/?elementor_library=elementor-header-1647 has been purged, triggered by action: save_post 
[2026-02-22 00:06:37 : INFO] - Cache for author page URL: https://partumdesign.com.mx/author/maricruz-partum/ associated with post_type: elementor_library and Title: "HEADER REDISEÑO" has been purged, triggered by action: save_post 
[2026-02-22 00:06:38 : INFO] - Cache for URL: https://partumdesign.com.mx/?elementor_library=elementor-header-1647 has been purged, triggered by action: save_post 
[2026-02-22 00:06:38 : INFO] - Cache for author page URL: https://partumdesign.com.mx/author/maricruz-partum/ associated with post_type: elementor_library and Title: "HEADER REDISEÑO" has been purged, triggered by action: save_post 
[2026-02-22 00:08:45 : INFO] - Cache for URL: https://partumdesign.com.mx/?elementor_library=elementor-header-1647 has been purged, triggered by action: save_post 
[2026-02-22 00:08:45 : INFO] - Cache for author page URL: https://partumdesign.com.mx/author/maricruz-partum/ associated with post_type: elementor_library and Title: "HEADER REDISEÑO" has been purged, triggered by action: save_post 
[2026-02-22 00:08:45 : INFO] - Cache for URL: https://partumdesign.com.mx/?elementor_library=elementor-header-1647 has been purged, triggered by action: save_post 
[2026-02-22 00:08:45 : INFO] - Cache for author page URL: https://partumdesign.com.mx/author/maricruz-partum/ associated with post_type: elementor_library and Title: "HEADER REDISEÑO" has been purged, triggered by action: save_post 
[2026-02-22 00:08:45 : INFO] - Cache for URL: https://partumdesign.com.mx/?elementor_library=elementor-header-1647 has been purged, triggered by action: save_post 
[2026-02-22 00:08:45 : INFO] - Cache for author page URL: https://partumdesign.com.mx/author/maricruz-partum/ associated with post_type: elementor_library and Title: "HEADER REDISEÑO" has been purged, triggered by action: save_post 
[2026-02-22 00:08:51 : INFO] - Cache for URL: https://partumdesign.com.mx/?elementor_library=elementor-header-1647 has been purged, triggered by action: save_post 
[2026-02-22 00:08:51 : INFO] - Cache for author page URL: https://partumdesign.com.mx/author/maricruz-partum/ associated with post_type: elementor_library and Title: "HEADER REDISEÑO" has been purged, triggered by action: save_post 
[2026-02-22 00:08:51 : INFO] - Cache for URL: https://partumdesign.com.mx/?elementor_library=elementor-header-1647 has been purged, triggered by action: save_post 
[2026-02-22 00:08:51 : INFO] - Cache for author page URL: https://partumdesign.com.mx/author/maricruz-partum/ associated with post_type: elementor_library and Title: "HEADER REDISEÑO" has been purged, triggered by action: save_post 
[2026-02-22 00:08:52 : INFO] - Cache for URL: https://partumdesign.com.mx/?elementor_library=elementor-header-1647 has been purged, triggered by action: save_post 
[2026-02-22 00:08:52 : INFO] - Cache for author page URL: https://partumdesign.com.mx/author/maricruz-partum/ associated with post_type: elementor_library and Title: "HEADER REDISEÑO" has been purged, triggered by action: save_post 
[2026-02-22 00:17:34 : INFO] - Cache for URL: https://partumdesign.com.mx/?elementor_library=elementor-header-1647 has been purged, triggered by action: save_post 
[2026-02-22 00:17:34 : INFO] - Cache for author page URL: https://partumdesign.com.mx/author/maricruz-partum/ associated with post_type: elementor_library and Title: "HEADER REDISEÑO" has been purged, triggered by action: save_post 
[2026-02-22 00:17:34 : INFO] - Cache for URL: https://partumdesign.com.mx/?elementor_library=elementor-header-1647 has been purged, triggered by action: save_post 
[2026-02-22 00:17:34 : INFO] - Cache for author page URL: https://partumdesign.com.mx/author/maricruz-partum/ associated with post_type: elementor_library and Title: "HEADER REDISEÑO" has been purged, triggered by action: save_post 
[2026-02-22 00:17:34 : INFO] - Cache for URL: https://partumdesign.com.mx/?elementor_library=elementor-header-1647 has been purged, triggered by action: save_post 
[2026-02-22 00:17:34 : INFO] - Cache for author page URL: https://partumdesign.com.mx/author/maricruz-partum/ associated with post_type: elementor_library and Title: "HEADER REDISEÑO" has been purged, triggered by action: save_post 
[2026-02-22 00:18:56 : INFO] - Cache for URL: https://partumdesign.com.mx/?elementor_library=elementor-header-1647 has been purged, triggered by action: save_post 
[2026-02-22 00:18:56 : INFO] - Cache for author page URL: https://partumdesign.com.mx/author/maricruz-partum/ associated with post_type: elementor_library and Title: "HEADER REDISEÑO" has been purged, triggered by action: save_post 
[2026-02-22 00:18:56 : INFO] - Cache for URL: https://partumdesign.com.mx/?elementor_library=elementor-header-1647 has been purged, triggered by action: save_post 
[2026-02-22 00:18:56 : INFO] - Cache for author page URL: https://partumdesign.com.mx/author/maricruz-partum/ associated with post_type: elementor_library and Title: "HEADER REDISEÑO" has been purged, triggered by action: save_post 
[2026-02-22 00:18:56 : INFO] - Cache for URL: https://partumdesign.com.mx/?elementor_library=elementor-header-1647 has been purged, triggered by action: save_post 
[2026-02-22 00:18:56 : INFO] - Cache for author page URL: https://partumdesign.com.mx/author/maricruz-partum/ associated with post_type: elementor_library and Title: "HEADER REDISEÑO" has been purged, triggered by action: save_post 
[2026-02-22 00:21:39 : INFO] - Cache for URL: https://partumdesign.com.mx/?elementor_library=elementor-header-1647 has been purged, triggered by action: save_post 
[2026-02-22 00:21:39 : INFO] - Cache for author page URL: https://partumdesign.com.mx/author/maricruz-partum/ associated with post_type: elementor_library and Title: "HEADER REDISEÑO" has been purged, triggered by action: save_post 
[2026-02-22 00:21:39 : INFO] - Cache for URL: https://partumdesign.com.mx/?elementor_library=elementor-header-1647 has been purged, triggered by action: save_post 
[2026-02-22 00:21:39 : INFO] - Cache for author page URL: https://partumdesign.com.mx/author/maricruz-partum/ associated with post_type: elementor_library and Title: "HEADER REDISEÑO" has been purged, triggered by action: save_post 
[2026-02-22 00:21:39 : INFO] - Cache for URL: https://partumdesign.com.mx/?elementor_library=elementor-header-1647 has been purged, triggered by action: save_post 
[2026-02-22 00:21:39 : INFO] - Cache for author page URL: https://partumdesign.com.mx/author/maricruz-partum/ associated with post_type: elementor_library and Title: "HEADER REDISEÑO" has been purged, triggered by action: save_post 
[2026-02-22 00:23:52 : INFO] - Cache for URL: https://partumdesign.com.mx/?elementor_library=elementor-header-1647 has been purged, triggered by action: save_post 
[2026-02-22 00:23:52 : INFO] - Cache for author page URL: https://partumdesign.com.mx/author/maricruz-partum/ associated with post_type: elementor_library and Title: "HEADER REDISEÑO" has been purged, triggered by action: save_post 
[2026-02-22 00:23:52 : INFO] - Cache for URL: https://partumdesign.com.mx/?elementor_library=elementor-header-1647 has been purged, triggered by action: save_post 
[2026-02-22 00:23:52 : INFO] - Cache for author page URL: https://partumdesign.com.mx/author/maricruz-partum/ associated with post_type: elementor_library and Title: "HEADER REDISEÑO" has been purged, triggered by action: save_post 
[2026-02-22 00:23:52 : INFO] - Cache for URL: https://partumdesign.com.mx/?elementor_library=elementor-header-1647 has been purged, triggered by action: save_post 
[2026-02-22 00:23:52 : INFO] - Cache for author page URL: https://partumdesign.com.mx/author/maricruz-partum/ associated with post_type: elementor_library and Title: "HEADER REDISEÑO" has been purged, triggered by action: save_post 
[2026-02-22 00:25:48 : INFO] - Cache for URL: https://partumdesign.com.mx/?elementor_library=elementor-header-1647 has been purged, triggered by action: save_post 
[2026-02-22 00:25:48 : INFO] - Cache for author page URL: https://partumdesign.com.mx/author/maricruz-partum/ associated with post_type: elementor_library and Title: "HEADER REDISEÑO" has been purged, triggered by action: save_post 
[2026-02-22 00:25:48 : INFO] - Cache for URL: https://partumdesign.com.mx/?elementor_library=elementor-header-1647 has been purged, triggered by action: save_post 
[2026-02-22 00:25:48 : INFO] - Cache for author page URL: https://partumdesign.com.mx/author/maricruz-partum/ associated with post_type: elementor_library and Title: "HEADER REDISEÑO" has been purged, triggered by action: save_post 
[2026-02-22 00:25:48 : INFO] - Cache for URL: https://partumdesign.com.mx/?elementor_library=elementor-header-1647 has been purged, triggered by action: save_post 
[2026-02-22 00:25:48 : INFO] - Cache for author page URL: https://partumdesign.com.mx/author/maricruz-partum/ associated with post_type: elementor_library and Title: "HEADER REDISEÑO" has been purged, triggered by action: save_post 
[2026-02-22 01:09:03 : INFO] - Cache for URL: https://partumdesign.com.mx/?elementor_library=elementor-footer-1664 has been purged, triggered by action: save_post 
[2026-02-22 01:09:03 : INFO] - Cache for author page URL: https://partumdesign.com.mx/author/maricruz-partum/ associated with post_type: elementor_library and Title: "footer rediseño" has been purged, triggered by action: save_post 
[2026-02-22 01:09:03 : INFO] - Cache for URL: https://partumdesign.com.mx/?elementor_library=elementor-footer-1664 has been purged, triggered by action: save_post 
[2026-02-22 01:09:03 : INFO] - Cache for author page URL: https://partumdesign.com.mx/author/maricruz-partum/ associated with post_type: elementor_library and Title: "footer rediseño" has been purged, triggered by action: save_post 
[2026-02-22 01:09:03 : INFO] - Cache for URL: https://partumdesign.com.mx/?elementor_library=elementor-footer-1664 has been purged, triggered by action: save_post 
[2026-02-22 01:09:03 : INFO] - Cache for author page URL: https://partumdesign.com.mx/author/maricruz-partum/ associated with post_type: elementor_library and Title: "footer rediseño" has been purged, triggered by action: save_post 
[2026-02-22 03:17:51 : INFO] - Cache for URL: https://partumdesign.com.mx/nosotros/ has been purged, triggered by action: save_post 
[2026-02-22 03:17:51 : INFO] - Cache for author page URL: https://partumdesign.com.mx/author/maricruz-partum/ associated with post_type: page and Title: "Nosotros" has been purged, triggered by action: save_post 
[2026-02-22 03:17:51 : INFO] - Cache for URL: https://partumdesign.com.mx/nosotros/ has been purged, triggered by action: save_post 
[2026-02-22 03:17:51 : INFO] - Cache for author page URL: https://partumdesign.com.mx/author/maricruz-partum/ associated with post_type: page and Title: "Nosotros" has been purged, triggered by action: save_post 
[2026-02-22 03:17:51 : INFO] - Cache for URL: https://partumdesign.com.mx/nosotros/ has been purged, triggered by action: save_post 
[2026-02-22 03:17:51 : INFO] - Cache for author page URL: https://partumdesign.com.mx/author/maricruz-partum/ associated with post_type: page and Title: "Nosotros" has been purged, triggered by action: save_post 
[2026-02-22 03:19:40 : INFO] - Cache for URL: https://partumdesign.com.mx/nosotros/ has been purged, triggered by action: save_post 
[2026-02-22 03:19:40 : INFO] - Cache for author page URL: https://partumdesign.com.mx/author/maricruz-partum/ associated with post_type: page and Title: "Nosotros" has been purged, triggered by action: save_post 
[2026-02-22 03:19:41 : INFO] - Cache for URL: https://partumdesign.com.mx/nosotros/ has been purged, triggered by action: save_post 
[2026-02-22 03:19:41 : INFO] - Cache for author page URL: https://partumdesign.com.mx/author/maricruz-partum/ associated with post_type: page and Title: "Nosotros" has been purged, triggered by action: save_post 
[2026-02-22 03:19:41 : INFO] - Cache for URL: https://partumdesign.com.mx/nosotros/ has been purged, triggered by action: save_post 
[2026-02-22 03:19:41 : INFO] - Cache for author page URL: https://partumdesign.com.mx/author/maricruz-partum/ associated with post_type: page and Title: "Nosotros" has been purged, triggered by action: save_post 
[2026-02-22 03:27:40 : INFO] - Cache for URL: https://partumdesign.com.mx/nosotros/ has been purged, triggered by action: save_post 
[2026-02-22 03:27:40 : INFO] - Cache for author page URL: https://partumdesign.com.mx/author/maricruz-partum/ associated with post_type: page and Title: "Nosotros" has been purged, triggered by action: save_post 
[2026-02-22 03:27:41 : INFO] - Cache for URL: https://partumdesign.com.mx/nosotros/ has been purged, triggered by action: save_post 
[2026-02-22 03:27:41 : INFO] - Cache for author page URL: https://partumdesign.com.mx/author/maricruz-partum/ associated with post_type: page and Title: "Nosotros" has been purged, triggered by action: save_post 
[2026-02-22 03:27:41 : INFO] - Cache for URL: https://partumdesign.com.mx/nosotros/ has been purged, triggered by action: save_post 
[2026-02-22 03:27:41 : INFO] - Cache for author page URL: https://partumdesign.com.mx/author/maricruz-partum/ associated with post_type: page and Title: "Nosotros" has been purged, triggered by action: save_post 
[2026-02-22 03:32:27 : INFO] - Cache for URL: https://partumdesign.com.mx/nosotros/ has been purged, triggered by action: save_post 
[2026-02-22 03:32:27 : INFO] - Cache for author page URL: https://partumdesign.com.mx/author/maricruz-partum/ associated with post_type: page and Title: "Nosotros" has been purged, triggered by action: save_post 
[2026-02-22 03:32:28 : INFO] - Cache for URL: https://partumdesign.com.mx/nosotros/ has been purged, triggered by action: save_post 
[2026-02-22 03:32:28 : INFO] - Cache for author page URL: https://partumdesign.com.mx/author/maricruz-partum/ associated with post_type: page and Title: "Nosotros" has been purged, triggered by action: save_post 
[2026-02-22 03:32:28 : INFO] - Cache for URL: https://partumdesign.com.mx/nosotros/ has been purged, triggered by action: save_post 
[2026-02-22 03:32:28 : INFO] - Cache for author page URL: https://partumdesign.com.mx/author/maricruz-partum/ associated with post_type: page and Title: "Nosotros" has been purged, triggered by action: save_post 
[2026-02-22 03:56:29 : INFO] - Cache for URL: https://partumdesign.com.mx/nosotros/ has been purged, triggered by action: save_post 
[2026-02-22 03:56:29 : INFO] - Cache for author page URL: https://partumdesign.com.mx/author/maricruz-partum/ associated with post_type: page and Title: "Nosotros" has been purged, triggered by action: save_post 
[2026-02-22 03:56:30 : INFO] - Cache for URL: https://partumdesign.com.mx/nosotros/ has been purged, triggered by action: save_post 
[2026-02-22 03:56:30 : INFO] - Cache for author page URL: https://partumdesign.com.mx/author/maricruz-partum/ associated with post_type: page and Title: "Nosotros" has been purged, triggered by action: save_post 
[2026-02-22 03:56:30 : INFO] - Cache for URL: https://partumdesign.com.mx/nosotros/ has been purged, triggered by action: save_post 
[2026-02-22 03:56:30 : INFO] - Cache for author page URL: https://partumdesign.com.mx/author/maricruz-partum/ associated with post_type: page and Title: "Nosotros" has been purged, triggered by action: save_post 
[2026-02-22 04:14:39 : INFO] - Cache for URL: https://partumdesign.com.mx/nosotros/ has been purged, triggered by action: save_post 
[2026-02-22 04:14:39 : INFO] - Cache for author page URL: https://partumdesign.com.mx/author/maricruz-partum/ associated with post_type: page and Title: "Nosotros" has been purged, triggered by action: save_post 
[2026-02-22 04:14:39 : INFO] - Cache for URL: https://partumdesign.com.mx/nosotros/ has been purged, triggered by action: save_post 
[2026-02-22 04:14:39 : INFO] - Cache for author page URL: https://partumdesign.com.mx/author/maricruz-partum/ associated with post_type: page and Title: "Nosotros" has been purged, triggered by action: save_post 
[2026-02-22 04:14:39 : INFO] - Cache for URL: https://partumdesign.com.mx/nosotros/ has been purged, triggered by action: save_post 
[2026-02-22 04:14:39 : INFO] - Cache for author page URL: https://partumdesign.com.mx/author/maricruz-partum/ associated with post_type: page and Title: "Nosotros" has been purged, triggered by action: save_post 
[2026-02-22 04:17:46 : INFO] - Cache for URL: https://partumdesign.com.mx/nosotros/ has been purged, triggered by action: save_post 
[2026-02-22 04:17:46 : INFO] - Cache for author page URL: https://partumdesign.com.mx/author/maricruz-partum/ associated with post_type: page and Title: "Nosotros" has been purged, triggered by action: save_post 
[2026-02-22 04:17:46 : INFO] - Cache for URL: https://partumdesign.com.mx/nosotros/ has been purged, triggered by action: save_post 
[2026-02-22 04:17:46 : INFO] - Cache for author page URL: https://partumdesign.com.mx/author/maricruz-partum/ associated with post_type: page and Title: "Nosotros" has been purged, triggered by action: save_post 
[2026-02-22 04:17:46 : INFO] - Cache for URL: https://partumdesign.com.mx/nosotros/ has been purged, triggered by action: save_post 
[2026-02-22 04:17:46 : INFO] - Cache for author page URL: https://partumdesign.com.mx/author/maricruz-partum/ associated with post_type: page and Title: "Nosotros" has been purged, triggered by action: save_post 
[2026-02-22 04:20:37 : INFO] - Cache for URL: https://partumdesign.com.mx/nosotros/ has been purged, triggered by action: save_post 
[2026-02-22 04:20:37 : INFO] - Cache for author page URL: https://partumdesign.com.mx/author/maricruz-partum/ associated with post_type: page and Title: "Nosotros" has been purged, triggered by action: save_post 
[2026-02-22 04:20:37 : INFO] - Cache for URL: https://partumdesign.com.mx/nosotros/ has been purged, triggered by action: save_post 
[2026-02-22 04:20:37 : INFO] - Cache for author page URL: https://partumdesign.com.mx/author/maricruz-partum/ associated with post_type: page and Title: "Nosotros" has been purged, triggered by action: save_post 
[2026-02-22 04:20:37 : INFO] - Cache for URL: https://partumdesign.com.mx/nosotros/ has been purged, triggered by action: save_post 
[2026-02-22 04:20:37 : INFO] - Cache for author page URL: https://partumdesign.com.mx/author/maricruz-partum/ associated with post_type: page and Title: "Nosotros" has been purged, triggered by action: save_post 
[2026-02-22 04:23:23 : INFO] - Cache for URL: https://partumdesign.com.mx/nosotros/ has been purged, triggered by action: save_post 
[2026-02-22 04:23:23 : INFO] - Cache for author page URL: https://partumdesign.com.mx/author/maricruz-partum/ associated with post_type: page and Title: "Nosotros" has been purged, triggered by action: save_post 
[2026-02-22 04:23:23 : INFO] - Cache for URL: https://partumdesign.com.mx/nosotros/ has been purged, triggered by action: save_post 
[2026-02-22 04:23:23 : INFO] - Cache for author page URL: https://partumdesign.com.mx/author/maricruz-partum/ associated with post_type: page and Title: "Nosotros" has been purged, triggered by action: save_post 
[2026-02-22 04:23:24 : INFO] - Cache for URL: https://partumdesign.com.mx/nosotros/ has been purged, triggered by action: save_post 
[2026-02-22 04:23:24 : INFO] - Cache for author page URL: https://partumdesign.com.mx/author/maricruz-partum/ associated with post_type: page and Title: "Nosotros" has been purged, triggered by action: save_post 
[2026-02-22 04:29:19 : INFO] - Cache for URL: https://partumdesign.com.mx/nosotros/ has been purged, triggered by action: save_post 
[2026-02-22 04:29:19 : INFO] - Cache for author page URL: https://partumdesign.com.mx/author/maricruz-partum/ associated with post_type: page and Title: "Nosotros" has been purged, triggered by action: save_post 
[2026-02-22 04:29:19 : INFO] - Cache for URL: https://partumdesign.com.mx/nosotros/ has been purged, triggered by action: save_post 
[2026-02-22 04:29:19 : INFO] - Cache for author page URL: https://partumdesign.com.mx/author/maricruz-partum/ associated with post_type: page and Title: "Nosotros" has been purged, triggered by action: save_post 
[2026-02-22 04:29:20 : INFO] - Cache for URL: https://partumdesign.com.mx/nosotros/ has been purged, triggered by action: save_post 
[2026-02-22 04:29:20 : INFO] - Cache for author page URL: https://partumdesign.com.mx/author/maricruz-partum/ associated with post_type: page and Title: "Nosotros" has been purged, triggered by action: save_post 
[2026-02-22 04:37:32 : INFO] - Cache for URL: https://partumdesign.com.mx/nosotros/ has been purged, triggered by action: save_post 
[2026-02-22 04:37:32 : INFO] - Cache for author page URL: https://partumdesign.com.mx/author/maricruz-partum/ associated with post_type: page and Title: "Nosotros" has been purged, triggered by action: save_post 
[2026-02-22 04:37:33 : INFO] - Cache for URL: https://partumdesign.com.mx/nosotros/ has been purged, triggered by action: save_post 
[2026-02-22 04:37:33 : INFO] - Cache for author page URL: https://partumdesign.com.mx/author/maricruz-partum/ associated with post_type: page and Title: "Nosotros" has been purged, triggered by action: save_post 
[2026-02-22 04:37:33 : INFO] - Cache for URL: https://partumdesign.com.mx/nosotros/ has been purged, triggered by action: save_post 
[2026-02-22 04:37:33 : INFO] - Cache for author page URL: https://partumdesign.com.mx/author/maricruz-partum/ associated with post_type: page and Title: "Nosotros" has been purged, triggered by action: save_post 
[2026-02-22 04:39:57 : INFO] - Cache for URL: https://partumdesign.com.mx/nosotros/ has been purged, triggered by action: save_post 
[2026-02-22 04:39:57 : INFO] - Cache for author page URL: https://partumdesign.com.mx/author/maricruz-partum/ associated with post_type: page and Title: "Nosotros" has been purged, triggered by action: save_post 
[2026-02-22 04:39:58 : INFO] - Cache for URL: https://partumdesign.com.mx/nosotros/ has been purged, triggered by action: save_post 
[2026-02-22 04:39:58 : INFO] - Cache for author page URL: https://partumdesign.com.mx/author/maricruz-partum/ associated with post_type: page and Title: "Nosotros" has been purged, triggered by action: save_post 
[2026-02-22 04:39:58 : INFO] - Cache for URL: https://partumdesign.com.mx/nosotros/ has been purged, triggered by action: save_post 
[2026-02-22 04:39:58 : INFO] - Cache for author page URL: https://partumdesign.com.mx/author/maricruz-partum/ associated with post_type: page and Title: "Nosotros" has been purged, triggered by action: save_post 
[2026-02-22 04:41:32 : INFO] - Cache for URL: https://partumdesign.com.mx/nosotros/ has been purged, triggered by action: save_post 
[2026-02-22 04:41:32 : INFO] - Cache for author page URL: https://partumdesign.com.mx/author/maricruz-partum/ associated with post_type: page and Title: "Nosotros" has been purged, triggered by action: save_post 
[2026-02-22 04:41:32 : INFO] - Cache for URL: https://partumdesign.com.mx/nosotros/ has been purged, triggered by action: save_post 
[2026-02-22 04:41:32 : INFO] - Cache for author page URL: https://partumdesign.com.mx/author/maricruz-partum/ associated with post_type: page and Title: "Nosotros" has been purged, triggered by action: save_post 
[2026-02-22 04:41:32 : INFO] - Cache for URL: https://partumdesign.com.mx/nosotros/ has been purged, triggered by action: save_post 
[2026-02-22 04:41:32 : INFO] - Cache for author page URL: https://partumdesign.com.mx/author/maricruz-partum/ associated with post_type: page and Title: "Nosotros" has been purged, triggered by action: save_post 
[2026-02-22 04:49:59 : INFO] - Cache for URL: https://partumdesign.com.mx/nosotros/ has been purged, triggered by action: save_post 
[2026-02-22 04:49:59 : INFO] - Cache for author page URL: https://partumdesign.com.mx/author/maricruz-partum/ associated with post_type: page and Title: "Nosotros" has been purged, triggered by action: save_post 
[2026-02-22 04:50:00 : INFO] - Cache for URL: https://partumdesign.com.mx/nosotros/ has been purged, triggered by action: save_post 
[2026-02-22 04:50:00 : INFO] - Cache for author page URL: https://partumdesign.com.mx/author/maricruz-partum/ associated with post_type: page and Title: "Nosotros" has been purged, triggered by action: save_post 
[2026-02-22 04:50:00 : INFO] - Cache for URL: https://partumdesign.com.mx/nosotros/ has been purged, triggered by action: save_post 
[2026-02-22 04:50:00 : INFO] - Cache for author page URL: https://partumdesign.com.mx/author/maricruz-partum/ associated with post_type: page and Title: "Nosotros" has been purged, triggered by action: save_post 
[2026-02-22 21:57:08 : INFO] - Cache for URL: https://partumdesign.com.mx/servicios-integrales/ has been purged, triggered by action: save_post 
[2026-02-22 21:57:08 : INFO] - Cache for author page URL: https://partumdesign.com.mx/author/maricruz-partum/ associated with post_type: page and Title: "Servicios Integrales" has been purged, triggered by action: save_post 
[2026-02-22 21:57:08 : INFO] - Cache for URL: https://partumdesign.com.mx/servicios-integrales/ has been purged, triggered by action: save_post 
[2026-02-22 21:57:08 : INFO] - Cache for author page URL: https://partumdesign.com.mx/author/maricruz-partum/ associated with post_type: page and Title: "Servicios Integrales" has been purged, triggered by action: save_post 
[2026-02-22 21:57:08 : INFO] - Cache for URL: https://partumdesign.com.mx/servicios-integrales/ has been purged, triggered by action: save_post 
[2026-02-22 21:57:08 : INFO] - Cache for author page URL: https://partumdesign.com.mx/author/maricruz-partum/ associated with post_type: page and Title: "Servicios Integrales" has been purged, triggered by action: save_post 
[2026-02-22 22:25:53 : INFO] - Cache for URL: https://partumdesign.com.mx/servicios-integrales/ has been purged, triggered by action: save_post 
[2026-02-22 22:25:53 : INFO] - Cache for author page URL: https://partumdesign.com.mx/author/maricruz-partum/ associated with post_type: page and Title: "Servicios Integrales" has been purged, triggered by action: save_post 
[2026-02-22 22:25:53 : INFO] - Cache for URL: https://partumdesign.com.mx/servicios-integrales/ has been purged, triggered by action: save_post 
[2026-02-22 22:25:53 : INFO] - Cache for author page URL: https://partumdesign.com.mx/author/maricruz-partum/ associated with post_type: page and Title: "Servicios Integrales" has been purged, triggered by action: save_post 
[2026-02-22 22:25:53 : INFO] - Cache for URL: https://partumdesign.com.mx/servicios-integrales/ has been purged, triggered by action: save_post 
[2026-02-22 22:25:53 : INFO] - Cache for author page URL: https://partumdesign.com.mx/author/maricruz-partum/ associated with post_type: page and Title: "Servicios Integrales" has been purged, triggered by action: save_post 
[2026-02-22 22:28:30 : INFO] - Cache for URL: https://partumdesign.com.mx/servicios-integrales/ has been purged, triggered by action: save_post 
[2026-02-22 22:28:30 : INFO] - Cache for author page URL: https://partumdesign.com.mx/author/maricruz-partum/ associated with post_type: page and Title: "Servicios Integrales" has been purged, triggered by action: save_post 
[2026-02-22 22:28:30 : INFO] - Cache for URL: https://partumdesign.com.mx/servicios-integrales/ has been purged, triggered by action: save_post 
[2026-02-22 22:28:30 : INFO] - Cache for author page URL: https://partumdesign.com.mx/author/maricruz-partum/ associated with post_type: page and Title: "Servicios Integrales" has been purged, triggered by action: save_post 
[2026-02-22 22:28:30 : INFO] - Cache for URL: https://partumdesign.com.mx/servicios-integrales/ has been purged, triggered by action: save_post 
[2026-02-22 22:28:30 : INFO] - Cache for author page URL: https://partumdesign.com.mx/author/maricruz-partum/ associated with post_type: page and Title: "Servicios Integrales" has been purged, triggered by action: save_post 
[2026-02-22 22:40:19 : INFO] - Cache for URL: https://partumdesign.com.mx/servicios-integrales/ has been purged, triggered by action: save_post 
[2026-02-22 22:40:19 : INFO] - Cache for author page URL: https://partumdesign.com.mx/author/maricruz-partum/ associated with post_type: page and Title: "Servicios Integrales" has been purged, triggered by action: save_post 
[2026-02-22 22:40:19 : INFO] - Cache for URL: https://partumdesign.com.mx/servicios-integrales/ has been purged, triggered by action: save_post 
[2026-02-22 22:40:19 : INFO] - Cache for author page URL: https://partumdesign.com.mx/author/maricruz-partum/ associated with post_type: page and Title: "Servicios Integrales" has been purged, triggered by action: save_post 
[2026-02-22 22:40:19 : INFO] - Cache for URL: https://partumdesign.com.mx/servicios-integrales/ has been purged, triggered by action: save_post 
[2026-02-22 22:40:19 : INFO] - Cache for author page URL: https://partumdesign.com.mx/author/maricruz-partum/ associated with post_type: page and Title: "Servicios Integrales" has been purged, triggered by action: save_post 
[2026-02-22 22:43:07 : INFO] - Cache for URL: https://partumdesign.com.mx/servicios-integrales/ has been purged, triggered by action: save_post 
[2026-02-22 22:43:07 : INFO] - Cache for author page URL: https://partumdesign.com.mx/author/maricruz-partum/ associated with post_type: page and Title: "Servicios Integrales" has been purged, triggered by action: save_post 
[2026-02-22 22:43:07 : INFO] - Cache for URL: https://partumdesign.com.mx/servicios-integrales/ has been purged, triggered by action: save_post 
[2026-02-22 22:43:07 : INFO] - Cache for author page URL: https://partumdesign.com.mx/author/maricruz-partum/ associated with post_type: page and Title: "Servicios Integrales" has been purged, triggered by action: save_post 
[2026-02-22 22:43:07 : INFO] - Cache for URL: https://partumdesign.com.mx/servicios-integrales/ has been purged, triggered by action: save_post 
[2026-02-22 22:43:07 : INFO] - Cache for author page URL: https://partumdesign.com.mx/author/maricruz-partum/ associated with post_type: page and Title: "Servicios Integrales" has been purged, triggered by action: save_post 
[2026-02-22 22:58:41 : INFO] - Cache for URL: https://partumdesign.com.mx/servicios-integrales/ has been purged, triggered by action: save_post 
[2026-02-22 22:58:41 : INFO] - Cache for author page URL: https://partumdesign.com.mx/author/maricruz-partum/ associated with post_type: page and Title: "Servicios Integrales" has been purged, triggered by action: save_post 
[2026-02-22 22:58:42 : INFO] - Cache for URL: https://partumdesign.com.mx/servicios-integrales/ has been purged, triggered by action: save_post 
[2026-02-22 22:58:42 : INFO] - Cache for author page URL: https://partumdesign.com.mx/author/maricruz-partum/ associated with post_type: page and Title: "Servicios Integrales" has been purged, triggered by action: save_post 
[2026-02-22 22:58:42 : INFO] - Cache for URL: https://partumdesign.com.mx/servicios-integrales/ has been purged, triggered by action: save_post 
[2026-02-22 22:58:42 : INFO] - Cache for author page URL: https://partumdesign.com.mx/author/maricruz-partum/ associated with post_type: page and Title: "Servicios Integrales" has been purged, triggered by action: save_post 
[2026-02-22 23:21:41 : INFO] - Cache for URL: https://partumdesign.com.mx/servicios-integrales/ has been purged, triggered by action: save_post 
[2026-02-22 23:21:41 : INFO] - Cache for author page URL: https://partumdesign.com.mx/author/maricruz-partum/ associated with post_type: page and Title: "Servicios Integrales" has been purged, triggered by action: save_post 
[2026-02-22 23:21:42 : INFO] - Cache for URL: https://partumdesign.com.mx/servicios-integrales/ has been purged, triggered by action: save_post 
[2026-02-22 23:21:42 : INFO] - Cache for author page URL: https://partumdesign.com.mx/author/maricruz-partum/ associated with post_type: page and Title: "Servicios Integrales" has been purged, triggered by action: save_post 
[2026-02-22 23:21:42 : INFO] - Cache for URL: https://partumdesign.com.mx/servicios-integrales/ has been purged, triggered by action: save_post 
[2026-02-22 23:21:42 : INFO] - Cache for author page URL: https://partumdesign.com.mx/author/maricruz-partum/ associated with post_type: page and Title: "Servicios Integrales" has been purged, triggered by action: save_post 
[2026-02-23 00:04:24 : INFO] - Cache for URL: https://partumdesign.com.mx/servicios-integrales/ has been purged, triggered by action: save_post 
[2026-02-23 00:04:24 : INFO] - Cache for author page URL: https://partumdesign.com.mx/author/maricruz-partum/ associated with post_type: page and Title: "Servicios Integrales" has been purged, triggered by action: save_post 
[2026-02-23 00:04:25 : INFO] - Cache for URL: https://partumdesign.com.mx/servicios-integrales/ has been purged, triggered by action: save_post 
[2026-02-23 00:04:25 : INFO] - Cache for author page URL: https://partumdesign.com.mx/author/maricruz-partum/ associated with post_type: page and Title: "Servicios Integrales" has been purged, triggered by action: save_post 
[2026-02-23 00:04:25 : INFO] - Cache for URL: https://partumdesign.com.mx/servicios-integrales/ has been purged, triggered by action: save_post 
[2026-02-23 00:04:25 : INFO] - Cache for author page URL: https://partumdesign.com.mx/author/maricruz-partum/ associated with post_type: page and Title: "Servicios Integrales" has been purged, triggered by action: save_post 
[2026-02-23 00:14:08 : INFO] - Cache for URL: https://partumdesign.com.mx/contacto2/ has been purged, triggered by action: save_post 
[2026-02-23 00:14:08 : INFO] - Cache for author page URL: https://partumdesign.com.mx/author/maricruz-partum/ associated with post_type: page and Title: "contacto2" has been purged, triggered by action: save_post 
[2026-02-23 00:14:09 : INFO] - Cache for URL: https://partumdesign.com.mx/contacto2/ has been purged, triggered by action: save_post 
[2026-02-23 00:14:09 : INFO] - Cache for author page URL: https://partumdesign.com.mx/author/maricruz-partum/ associated with post_type: page and Title: "contacto2" has been purged, triggered by action: save_post 
[2026-02-23 00:14:09 : INFO] - Cache for URL: https://partumdesign.com.mx/contacto2/ has been purged, triggered by action: save_post 
[2026-02-23 00:14:09 : INFO] - Cache for author page URL: https://partumdesign.com.mx/author/maricruz-partum/ associated with post_type: page and Title: "contacto2" has been purged, triggered by action: save_post 
[2026-02-23 00:29:34 : INFO] - Cache for URL: https://partumdesign.com.mx/contacto2/ has been purged, triggered by action: save_post 
[2026-02-23 00:29:34 : INFO] - Cache for author page URL: https://partumdesign.com.mx/author/maricruz-partum/ associated with post_type: page and Title: "contacto2" has been purged, triggered by action: save_post 
[2026-02-23 00:29:34 : INFO] - Cache for URL: https://partumdesign.com.mx/contacto2/ has been purged, triggered by action: save_post 
[2026-02-23 00:29:34 : INFO] - Cache for author page URL: https://partumdesign.com.mx/author/maricruz-partum/ associated with post_type: page and Title: "contacto2" has been purged, triggered by action: save_post 
[2026-02-23 00:29:34 : INFO] - Cache for URL: https://partumdesign.com.mx/contacto2/ has been purged, triggered by action: save_post 
[2026-02-23 00:29:34 : INFO] - Cache for author page URL: https://partumdesign.com.mx/author/maricruz-partum/ associated with post_type: page and Title: "contacto2" has been purged, triggered by action: save_post 
[2026-02-23 00:30:43 : INFO] - Cache for URL: https://partumdesign.com.mx/contacto2/ has been purged, triggered by action: save_post 
[2026-02-23 00:30:43 : INFO] - Cache for author page URL: https://partumdesign.com.mx/author/maricruz-partum/ associated with post_type: page and Title: "contacto2" has been purged, triggered by action: save_post 
[2026-02-23 00:30:43 : INFO] - Cache for URL: https://partumdesign.com.mx/contacto2/ has been purged, triggered by action: save_post 
[2026-02-23 00:30:43 : INFO] - Cache for author page URL: https://partumdesign.com.mx/author/maricruz-partum/ associated with post_type: page and Title: "contacto2" has been purged, triggered by action: save_post 
[2026-02-23 00:30:43 : INFO] - Cache for URL: https://partumdesign.com.mx/contacto2/ has been purged, triggered by action: save_post 
[2026-02-23 00:30:43 : INFO] - Cache for author page URL: https://partumdesign.com.mx/author/maricruz-partum/ associated with post_type: page and Title: "contacto2" has been purged, triggered by action: save_post 
[2026-02-23 01:35:56 : INFO] - Cache for URL: https://partumdesign.com.mx/contacto2/ has been purged, triggered by action: save_post 
[2026-02-23 01:35:56 : INFO] - Cache for author page URL: https://partumdesign.com.mx/author/maricruz-partum/ associated with post_type: page and Title: "contacto2" has been purged, triggered by action: save_post 
[2026-02-23 01:35:57 : INFO] - Cache for URL: https://partumdesign.com.mx/contacto2/ has been purged, triggered by action: save_post 
[2026-02-23 01:35:57 : INFO] - Cache for author page URL: https://partumdesign.com.mx/author/maricruz-partum/ associated with post_type: page and Title: "contacto2" has been purged, triggered by action: save_post 
[2026-02-23 01:35:57 : INFO] - Cache for URL: https://partumdesign.com.mx/contacto2/ has been purged, triggered by action: save_post 
[2026-02-23 01:35:57 : INFO] - Cache for author page URL: https://partumdesign.com.mx/author/maricruz-partum/ associated with post_type: page and Title: "contacto2" has been purged, triggered by action: save_post 
[2026-02-23 01:57:34 : INFO] - Cache for URL: https://partumdesign.com.mx/contacto2/ has been purged, triggered by action: save_post 
[2026-02-23 01:57:34 : INFO] - Cache for author page URL: https://partumdesign.com.mx/author/maricruz-partum/ associated with post_type: page and Title: "contacto2" has been purged, triggered by action: save_post 
[2026-02-23 01:57:35 : INFO] - Cache for URL: https://partumdesign.com.mx/contacto2/ has been purged, triggered by action: save_post 
[2026-02-23 01:57:35 : INFO] - Cache for author page URL: https://partumdesign.com.mx/author/maricruz-partum/ associated with post_type: page and Title: "contacto2" has been purged, triggered by action: save_post 
[2026-02-23 01:57:35 : INFO] - Cache for URL: https://partumdesign.com.mx/contacto2/ has been purged, triggered by action: save_post 
[2026-02-23 01:57:35 : INFO] - Cache for author page URL: https://partumdesign.com.mx/author/maricruz-partum/ associated with post_type: page and Title: "contacto2" has been purged, triggered by action: save_post 
[2026-02-23 02:54:04 : INFO] - Cache for URL: https://partumdesign.com.mx/contacto2/ has been purged, triggered by action: save_post 
[2026-02-23 02:54:04 : INFO] - Cache for author page URL: https://partumdesign.com.mx/author/maricruz-partum/ associated with post_type: page and Title: "contacto2" has been purged, triggered by action: save_post 
[2026-02-23 02:54:05 : INFO] - Cache for URL: https://partumdesign.com.mx/contacto2/ has been purged, triggered by action: save_post 
[2026-02-23 02:54:05 : INFO] - Cache for author page URL: https://partumdesign.com.mx/author/maricruz-partum/ associated with post_type: page and Title: "contacto2" has been purged, triggered by action: save_post 
[2026-02-23 02:54:05 : INFO] - Cache for URL: https://partumdesign.com.mx/contacto2/ has been purged, triggered by action: save_post 
[2026-02-23 02:54:05 : INFO] - Cache for author page URL: https://partumdesign.com.mx/author/maricruz-partum/ associated with post_type: page and Title: "contacto2" has been purged, triggered by action: save_post 
[2026-02-23 02:54:53 : INFO] - Cache for URL: https://partumdesign.com.mx/contacto2/ has been purged, triggered by action: save_post 
[2026-02-23 02:54:53 : INFO] - Cache for author page URL: https://partumdesign.com.mx/author/maricruz-partum/ associated with post_type: page and Title: "contacto2" has been purged, triggered by action: save_post 
[2026-02-23 02:54:54 : INFO] - Cache for URL: https://partumdesign.com.mx/contacto2/ has been purged, triggered by action: save_post 
[2026-02-23 02:54:54 : INFO] - Cache for author page URL: https://partumdesign.com.mx/author/maricruz-partum/ associated with post_type: page and Title: "contacto2" has been purged, triggered by action: save_post 
[2026-02-23 02:54:54 : INFO] - Cache for URL: https://partumdesign.com.mx/contacto2/ has been purged, triggered by action: save_post 
[2026-02-23 02:54:54 : INFO] - Cache for author page URL: https://partumdesign.com.mx/author/maricruz-partum/ associated with post_type: page and Title: "contacto2" has been purged, triggered by action: save_post 
[2026-02-23 02:55:13 : INFO] - Cache for URL: https://partumdesign.com.mx/contacto2/ has been purged, triggered by action: save_post 
[2026-02-23 02:55:13 : INFO] - Cache for author page URL: https://partumdesign.com.mx/author/maricruz-partum/ associated with post_type: page and Title: "contacto2" has been purged, triggered by action: save_post 
[2026-02-23 02:55:13 : INFO] - Cache for URL: https://partumdesign.com.mx/contacto2/ has been purged, triggered by action: save_post 
[2026-02-23 02:55:13 : INFO] - Cache for author page URL: https://partumdesign.com.mx/author/maricruz-partum/ associated with post_type: page and Title: "contacto2" has been purged, triggered by action: save_post 
[2026-02-23 02:55:13 : INFO] - Cache for URL: https://partumdesign.com.mx/contacto2/ has been purged, triggered by action: save_post 
[2026-02-23 02:55:13 : INFO] - Cache for author page URL: https://partumdesign.com.mx/author/maricruz-partum/ associated with post_type: page and Title: "contacto2" has been purged, triggered by action: save_post 
[2026-02-23 02:59:31 : INFO] - Cache for URL: https://partumdesign.com.mx/contacto2/ has been purged, triggered by action: save_post 
[2026-02-23 02:59:31 : INFO] - Cache for author page URL: https://partumdesign.com.mx/author/maricruz-partum/ associated with post_type: page and Title: "contacto2" has been purged, triggered by action: save_post 
[2026-02-23 02:59:32 : INFO] - Cache for URL: https://partumdesign.com.mx/contacto2/ has been purged, triggered by action: save_post 
[2026-02-23 02:59:32 : INFO] - Cache for author page URL: https://partumdesign.com.mx/author/maricruz-partum/ associated with post_type: page and Title: "contacto2" has been purged, triggered by action: save_post 
[2026-02-23 02:59:32 : INFO] - Cache for URL: https://partumdesign.com.mx/contacto2/ has been purged, triggered by action: save_post 
[2026-02-23 02:59:32 : INFO] - Cache for author page URL: https://partumdesign.com.mx/author/maricruz-partum/ associated with post_type: page and Title: "contacto2" has been purged, triggered by action: save_post 
[2026-02-23 03:09:07 : INFO] - Cache for URL: https://partumdesign.com.mx/identidad-visual-y-corporativa/ has been purged, triggered by action: save_post 
[2026-02-23 03:09:07 : INFO] - Cache for author page URL: https://partumdesign.com.mx/author/maricruz-partum/ associated with post_type: page and Title: "Identidad Visual y Corporativa" has been purged, triggered by action: save_post 
[2026-02-23 03:09:08 : INFO] - Cache for URL: https://partumdesign.com.mx/identidad-visual-y-corporativa/ has been purged, triggered by action: save_post 
[2026-02-23 03:09:08 : INFO] - Cache for author page URL: https://partumdesign.com.mx/author/maricruz-partum/ associated with post_type: page and Title: "Identidad Visual y Corporativa" has been purged, triggered by action: save_post 
[2026-02-23 03:09:08 : INFO] - Cache for URL: https://partumdesign.com.mx/identidad-visual-y-corporativa/ has been purged, triggered by action: save_post 
[2026-02-23 03:09:08 : INFO] - Cache for author page URL: https://partumdesign.com.mx/author/maricruz-partum/ associated with post_type: page and Title: "Identidad Visual y Corporativa" has been purged, triggered by action: save_post 
[2026-02-23 03:10:23 : INFO] - Cache for URL: https://partumdesign.com.mx/identidad-visual-y-corporativa/ has been purged, triggered by action: save_post 
[2026-02-23 03:10:23 : INFO] - Cache for author page URL: https://partumdesign.com.mx/author/maricruz-partum/ associated with post_type: page and Title: "Identidad Visual y Corporativa" has been purged, triggered by action: save_post 
[2026-02-23 03:10:23 : INFO] - Cache for URL: https://partumdesign.com.mx/identidad-visual-y-corporativa/ has been purged, triggered by action: save_post 
[2026-02-23 03:10:23 : INFO] - Cache for author page URL: https://partumdesign.com.mx/author/maricruz-partum/ associated with post_type: page and Title: "Identidad Visual y Corporativa" has been purged, triggered by action: save_post 
[2026-02-23 03:10:23 : INFO] - Cache for URL: https://partumdesign.com.mx/identidad-visual-y-corporativa/ has been purged, triggered by action: save_post 
[2026-02-23 03:10:23 : INFO] - Cache for author page URL: https://partumdesign.com.mx/author/maricruz-partum/ associated with post_type: page and Title: "Identidad Visual y Corporativa" has been purged, triggered by action: save_post 
[2026-02-23 03:27:49 : INFO] - Cache for URL: https://partumdesign.com.mx/identidad-visual-y-corporativa/ has been purged, triggered by action: save_post 
[2026-02-23 03:27:49 : INFO] - Cache for author page URL: https://partumdesign.com.mx/author/maricruz-partum/ associated with post_type: page and Title: "Identidad Visual y Corporativa" has been purged, triggered by action: save_post 
[2026-02-23 03:27:49 : INFO] - Cache for URL: https://partumdesign.com.mx/identidad-visual-y-corporativa/ has been purged, triggered by action: save_post 
[2026-02-23 03:27:49 : INFO] - Cache for author page URL: https://partumdesign.com.mx/author/maricruz-partum/ associated with post_type: page and Title: "Identidad Visual y Corporativa" has been purged, triggered by action: save_post 
[2026-02-23 03:27:50 : INFO] - Cache for URL: https://partumdesign.com.mx/identidad-visual-y-corporativa/ has been purged, triggered by action: save_post 
[2026-02-23 03:27:50 : INFO] - Cache for author page URL: https://partumdesign.com.mx/author/maricruz-partum/ associated with post_type: page and Title: "Identidad Visual y Corporativa" has been purged, triggered by action: save_post 
[2026-02-23 03:35:18 : INFO] - Cache for URL: https://partumdesign.com.mx/identidad-visual-y-corporativa/ has been purged, triggered by action: save_post 
[2026-02-23 03:35:18 : INFO] - Cache for author page URL: https://partumdesign.com.mx/author/maricruz-partum/ associated with post_type: page and Title: "Identidad Visual y Corporativa" has been purged, triggered by action: save_post 
[2026-02-23 03:35:18 : INFO] - Cache for URL: https://partumdesign.com.mx/identidad-visual-y-corporativa/ has been purged, triggered by action: save_post 
[2026-02-23 03:35:18 : INFO] - Cache for author page URL: https://partumdesign.com.mx/author/maricruz-partum/ associated with post_type: page and Title: "Identidad Visual y Corporativa" has been purged, triggered by action: save_post 
[2026-02-23 03:35:19 : INFO] - Cache for URL: https://partumdesign.com.mx/identidad-visual-y-corporativa/ has been purged, triggered by action: save_post 
[2026-02-23 03:35:19 : INFO] - Cache for author page URL: https://partumdesign.com.mx/author/maricruz-partum/ associated with post_type: page and Title: "Identidad Visual y Corporativa" has been purged, triggered by action: save_post 
[2026-02-23 03:51:07 : INFO] - Cache for URL: https://partumdesign.com.mx/identidad-visual-y-corporativa/ has been purged, triggered by action: save_post 
[2026-02-23 03:51:07 : INFO] - Cache for author page URL: https://partumdesign.com.mx/author/maricruz-partum/ associated with post_type: page and Title: "Identidad Visual y Corporativa" has been purged, triggered by action: save_post 
[2026-02-23 03:51:07 : INFO] - Cache for URL: https://partumdesign.com.mx/identidad-visual-y-corporativa/ has been purged, triggered by action: save_post 
[2026-02-23 03:51:07 : INFO] - Cache for author page URL: https://partumdesign.com.mx/author/maricruz-partum/ associated with post_type: page and Title: "Identidad Visual y Corporativa" has been purged, triggered by action: save_post 
[2026-02-23 03:51:07 : INFO] - Cache for URL: https://partumdesign.com.mx/identidad-visual-y-corporativa/ has been purged, triggered by action: save_post 
[2026-02-23 03:51:07 : INFO] - Cache for author page URL: https://partumdesign.com.mx/author/maricruz-partum/ associated with post_type: page and Title: "Identidad Visual y Corporativa" has been purged, triggered by action: save_post 
[2026-02-23 03:53:34 : INFO] - Full Cache Purge triggered by: plugin activation/deactivation 
[2026-02-23 04:09:49 : INFO] - Full Cache Purge triggered by: plugin activation/deactivation 
[2026-02-23 04:19:21 : INFO] - Cache for URL: https://partumdesign.com.mx/identidad-visual-y-corporativa/ has been purged, triggered by action: save_post 
[2026-02-23 04:19:21 : INFO] - Cache for author page URL: https://partumdesign.com.mx/author/maricruz-partum/ associated with post_type: page and Title: "Identidad Visual y Corporativa" has been purged, triggered by action: save_post 
[2026-02-23 04:19:21 : INFO] - Cache for URL: https://partumdesign.com.mx/identidad-visual-y-corporativa/ has been purged, triggered by action: save_post 
[2026-02-23 04:19:21 : INFO] - Cache for author page URL: https://partumdesign.com.mx/author/maricruz-partum/ associated with post_type: page and Title: "Identidad Visual y Corporativa" has been purged, triggered by action: save_post 
[2026-02-23 04:19:22 : INFO] - Cache for URL: https://partumdesign.com.mx/identidad-visual-y-corporativa/ has been purged, triggered by action: save_post 
[2026-02-23 04:19:22 : INFO] - Cache for author page URL: https://partumdesign.com.mx/author/maricruz-partum/ associated with post_type: page and Title: "Identidad Visual y Corporativa" has been purged, triggered by action: save_post 
[2026-02-23 04:24:25 : INFO] - Cache for URL: https://partumdesign.com.mx/identidad-visual-y-corporativa/ has been purged, triggered by action: save_post 
[2026-02-23 04:24:25 : INFO] - Cache for author page URL: https://partumdesign.com.mx/author/maricruz-partum/ associated with post_type: page and Title: "Identidad Visual y Corporativa" has been purged, triggered by action: save_post 
[2026-02-23 04:24:25 : INFO] - Cache for URL: https://partumdesign.com.mx/identidad-visual-y-corporativa/ has been purged, triggered by action: save_post 
[2026-02-23 04:24:25 : INFO] - Cache for author page URL: https://partumdesign.com.mx/author/maricruz-partum/ associated with post_type: page and Title: "Identidad Visual y Corporativa" has been purged, triggered by action: save_post 
[2026-02-23 04:24:25 : INFO] - Cache for URL: https://partumdesign.com.mx/identidad-visual-y-corporativa/ has been purged, triggered by action: save_post 
[2026-02-23 04:24:25 : INFO] - Cache for author page URL: https://partumdesign.com.mx/author/maricruz-partum/ associated with post_type: page and Title: "Identidad Visual y Corporativa" has been purged, triggered by action: save_post 
[2026-02-23 04:33:54 : INFO] - Cache for URL: https://partumdesign.com.mx/desarrollo-web-2/ has been purged, triggered by action: save_post 
[2026-02-23 04:33:54 : INFO] - Cache for author page URL: https://partumdesign.com.mx/author/maricruz-partum/ associated with post_type: page and Title: "Desarrollo web" has been purged, triggered by action: save_post 
[2026-02-23 04:33:54 : INFO] - Cache for URL: https://partumdesign.com.mx/desarrollo-web-2/ has been purged, triggered by action: save_post 
[2026-02-23 04:33:54 : INFO] - Cache for author page URL: https://partumdesign.com.mx/author/maricruz-partum/ associated with post_type: page and Title: "Desarrollo web" has been purged, triggered by action: save_post 
[2026-02-23 04:33:55 : INFO] - Cache for URL: https://partumdesign.com.mx/desarrollo-web-2/ has been purged, triggered by action: save_post 
[2026-02-23 04:33:55 : INFO] - Cache for author page URL: https://partumdesign.com.mx/author/maricruz-partum/ associated with post_type: page and Title: "Desarrollo web" has been purged, triggered by action: save_post 
[2026-02-23 04:36:09 : INFO] - Cache for URL: https://partumdesign.com.mx/identidad-visual-y-corporativa/ has been purged, triggered by action: save_post 
[2026-02-23 04:36:09 : INFO] - Cache for author page URL: https://partumdesign.com.mx/author/maricruz-partum/ associated with post_type: page and Title: "Identidad Visual y Corporativa" has been purged, triggered by action: save_post 
[2026-02-23 04:36:09 : INFO] - Cache for URL: https://partumdesign.com.mx/identidad-visual-y-corporativa/ has been purged, triggered by action: save_post 
[2026-02-23 04:36:09 : INFO] - Cache for author page URL: https://partumdesign.com.mx/author/maricruz-partum/ associated with post_type: page and Title: "Identidad Visual y Corporativa" has been purged, triggered by action: save_post 
[2026-02-23 04:36:09 : INFO] - Cache for URL: https://partumdesign.com.mx/identidad-visual-y-corporativa/ has been purged, triggered by action: save_post 
[2026-02-23 04:36:09 : INFO] - Cache for author page URL: https://partumdesign.com.mx/author/maricruz-partum/ associated with post_type: page and Title: "Identidad Visual y Corporativa" has been purged, triggered by action: save_post 
[2026-02-23 04:36:50 : INFO] - Cache for URL: https://partumdesign.com.mx/desarrollo-web-2/ has been purged, triggered by action: save_post 
[2026-02-23 04:36:50 : INFO] - Cache for author page URL: https://partumdesign.com.mx/author/maricruz-partum/ associated with post_type: page and Title: "Desarrollo web" has been purged, triggered by action: save_post 
[2026-02-23 04:36:50 : INFO] - Cache for URL: https://partumdesign.com.mx/desarrollo-web-2/ has been purged, triggered by action: save_post 
[2026-02-23 04:36:50 : INFO] - Cache for author page URL: https://partumdesign.com.mx/author/maricruz-partum/ associated with post_type: page and Title: "Desarrollo web" has been purged, triggered by action: save_post 
[2026-02-23 04:36:50 : INFO] - Cache for URL: https://partumdesign.com.mx/desarrollo-web-2/ has been purged, triggered by action: save_post 
[2026-02-23 04:36:50 : INFO] - Cache for author page URL: https://partumdesign.com.mx/author/maricruz-partum/ associated with post_type: page and Title: "Desarrollo web" has been purged, triggered by action: save_post 
[2026-02-23 04:40:54 : INFO] - Cache for URL: https://partumdesign.com.mx/desarrollo-web-2/ has been purged, triggered by action: save_post 
[2026-02-23 04:40:54 : INFO] - Cache for author page URL: https://partumdesign.com.mx/author/maricruz-partum/ associated with post_type: page and Title: "Desarrollo web" has been purged, triggered by action: save_post 
[2026-02-23 04:40:55 : INFO] - Cache for URL: https://partumdesign.com.mx/desarrollo-web-2/ has been purged, triggered by action: save_post 
[2026-02-23 04:40:55 : INFO] - Cache for author page URL: https://partumdesign.com.mx/author/maricruz-partum/ associated with post_type: page and Title: "Desarrollo web" has been purged, triggered by action: save_post 
[2026-02-23 04:40:55 : INFO] - Cache for URL: https://partumdesign.com.mx/desarrollo-web-2/ has been purged, triggered by action: save_post 
[2026-02-23 04:40:55 : INFO] - Cache for author page URL: https://partumdesign.com.mx/author/maricruz-partum/ associated with post_type: page and Title: "Desarrollo web" has been purged, triggered by action: save_post 
[2026-02-23 04:43:42 : INFO] - Cache for URL: https://partumdesign.com.mx/identidad-visual-y-corporativa/ has been purged, triggered by action: save_post 
[2026-02-23 04:43:42 : INFO] - Cache for author page URL: https://partumdesign.com.mx/author/maricruz-partum/ associated with post_type: page and Title: "Identidad Visual y Corporativa" has been purged, triggered by action: save_post 
[2026-02-23 04:43:43 : INFO] - Cache for URL: https://partumdesign.com.mx/identidad-visual-y-corporativa/ has been purged, triggered by action: save_post 
[2026-02-23 04:43:43 : INFO] - Cache for author page URL: https://partumdesign.com.mx/author/maricruz-partum/ associated with post_type: page and Title: "Identidad Visual y Corporativa" has been purged, triggered by action: save_post 
[2026-02-23 04:43:43 : INFO] - Cache for URL: https://partumdesign.com.mx/identidad-visual-y-corporativa/ has been purged, triggered by action: save_post 
[2026-02-23 04:43:43 : INFO] - Cache for author page URL: https://partumdesign.com.mx/author/maricruz-partum/ associated with post_type: page and Title: "Identidad Visual y Corporativa" has been purged, triggered by action: save_post 
[2026-02-23 04:50:57 : INFO] - Cache for URL: https://partumdesign.com.mx/desarrollo-web-2/ has been purged, triggered by action: save_post 
[2026-02-23 04:50:57 : INFO] - Cache for author page URL: https://partumdesign.com.mx/author/maricruz-partum/ associated with post_type: page and Title: "Desarrollo web" has been purged, triggered by action: save_post 
[2026-02-23 04:50:57 : INFO] - Cache for URL: https://partumdesign.com.mx/desarrollo-web-2/ has been purged, triggered by action: save_post 
[2026-02-23 04:50:57 : INFO] - Cache for author page URL: https://partumdesign.com.mx/author/maricruz-partum/ associated with post_type: page and Title: "Desarrollo web" has been purged, triggered by action: save_post 
[2026-02-23 04:50:57 : INFO] - Cache for URL: https://partumdesign.com.mx/desarrollo-web-2/ has been purged, triggered by action: save_post 
[2026-02-23 04:50:57 : INFO] - Cache for author page URL: https://partumdesign.com.mx/author/maricruz-partum/ associated with post_type: page and Title: "Desarrollo web" has been purged, triggered by action: save_post 
[2026-02-23 04:54:28 : INFO] - Cache for URL: https://partumdesign.com.mx/desarrollo-web-2/ has been purged, triggered by action: save_post 
[2026-02-23 04:54:28 : INFO] - Cache for author page URL: https://partumdesign.com.mx/author/maricruz-partum/ associated with post_type: page and Title: "Desarrollo web" has been purged, triggered by action: save_post 
[2026-02-23 04:54:28 : INFO] - Cache for URL: https://partumdesign.com.mx/desarrollo-web-2/ has been purged, triggered by action: save_post 
[2026-02-23 04:54:28 : INFO] - Cache for author page URL: https://partumdesign.com.mx/author/maricruz-partum/ associated with post_type: page and Title: "Desarrollo web" has been purged, triggered by action: save_post 
[2026-02-23 04:54:28 : INFO] - Cache for URL: https://partumdesign.com.mx/desarrollo-web-2/ has been purged, triggered by action: save_post 
[2026-02-23 04:54:28 : INFO] - Cache for author page URL: https://partumdesign.com.mx/author/maricruz-partum/ associated with post_type: page and Title: "Desarrollo web" has been purged, triggered by action: save_post 
[2026-02-23 04:56:04 : INFO] - Cache for URL: https://partumdesign.com.mx/desarrollo-web-2/ has been purged, triggered by action: save_post 
[2026-02-23 04:56:04 : INFO] - Cache for author page URL: https://partumdesign.com.mx/author/maricruz-partum/ associated with post_type: page and Title: "Desarrollo web" has been purged, triggered by action: save_post 
[2026-02-23 04:56:05 : INFO] - Cache for URL: https://partumdesign.com.mx/desarrollo-web-2/ has been purged, triggered by action: save_post 
[2026-02-23 04:56:05 : INFO] - Cache for author page URL: https://partumdesign.com.mx/author/maricruz-partum/ associated with post_type: page and Title: "Desarrollo web" has been purged, triggered by action: save_post 
[2026-02-23 04:56:05 : INFO] - Cache for URL: https://partumdesign.com.mx/desarrollo-web-2/ has been purged, triggered by action: save_post 
[2026-02-23 04:56:05 : INFO] - Cache for author page URL: https://partumdesign.com.mx/author/maricruz-partum/ associated with post_type: page and Title: "Desarrollo web" has been purged, triggered by action: save_post 
[2026-02-23 04:57:18 : INFO] - Cache for URL: https://partumdesign.com.mx/desarrollo-web-2/ has been purged, triggered by action: save_post 
[2026-02-23 04:57:18 : INFO] - Cache for author page URL: https://partumdesign.com.mx/author/maricruz-partum/ associated with post_type: page and Title: "Desarrollo web" has been purged, triggered by action: save_post 
[2026-02-23 04:57:19 : INFO] - Cache for URL: https://partumdesign.com.mx/desarrollo-web-2/ has been purged, triggered by action: save_post 
[2026-02-23 04:57:19 : INFO] - Cache for author page URL: https://partumdesign.com.mx/author/maricruz-partum/ associated with post_type: page and Title: "Desarrollo web" has been purged, triggered by action: save_post 
[2026-02-23 04:57:19 : INFO] - Cache for URL: https://partumdesign.com.mx/desarrollo-web-2/ has been purged, triggered by action: save_post 
[2026-02-23 04:57:19 : INFO] - Cache for author page URL: https://partumdesign.com.mx/author/maricruz-partum/ associated with post_type: page and Title: "Desarrollo web" has been purged, triggered by action: save_post 
[2026-02-23 04:58:36 : INFO] - Cache for URL: https://partumdesign.com.mx/desarrollo-web-2/ has been purged, triggered by action: save_post 
[2026-02-23 04:58:36 : INFO] - Cache for author page URL: https://partumdesign.com.mx/author/maricruz-partum/ associated with post_type: page and Title: "Desarrollo web" has been purged, triggered by action: save_post 
[2026-02-23 04:58:37 : INFO] - Cache for URL: https://partumdesign.com.mx/desarrollo-web-2/ has been purged, triggered by action: save_post 
[2026-02-23 04:58:37 : INFO] - Cache for author page URL: https://partumdesign.com.mx/author/maricruz-partum/ associated with post_type: page and Title: "Desarrollo web" has been purged, triggered by action: save_post 
[2026-02-23 04:58:37 : INFO] - Cache for URL: https://partumdesign.com.mx/desarrollo-web-2/ has been purged, triggered by action: save_post 
[2026-02-23 04:58:37 : INFO] - Cache for author page URL: https://partumdesign.com.mx/author/maricruz-partum/ associated with post_type: page and Title: "Desarrollo web" has been purged, triggered by action: save_post 
[2026-02-23 04:59:32 : INFO] - Cache for URL: https://partumdesign.com.mx/desarrollo-web-2/ has been purged, triggered by action: save_post 
[2026-02-23 04:59:32 : INFO] - Cache for author page URL: https://partumdesign.com.mx/author/maricruz-partum/ associated with post_type: page and Title: "Desarrollo web" has been purged, triggered by action: save_post 
[2026-02-23 04:59:32 : INFO] - Cache for URL: https://partumdesign.com.mx/desarrollo-web-2/ has been purged, triggered by action: save_post 
[2026-02-23 04:59:32 : INFO] - Cache for author page URL: https://partumdesign.com.mx/author/maricruz-partum/ associated with post_type: page and Title: "Desarrollo web" has been purged, triggered by action: save_post 
[2026-02-23 04:59:32 : INFO] - Cache for URL: https://partumdesign.com.mx/desarrollo-web-2/ has been purged, triggered by action: save_post 
[2026-02-23 04:59:32 : INFO] - Cache for author page URL: https://partumdesign.com.mx/author/maricruz-partum/ associated with post_type: page and Title: "Desarrollo web" has been purged, triggered by action: save_post 
[2026-02-23 05:01:28 : INFO] - Cache for URL: https://partumdesign.com.mx/desarrollo-web-2/ has been purged, triggered by action: save_post 
[2026-02-23 05:01:28 : INFO] - Cache for author page URL: https://partumdesign.com.mx/author/maricruz-partum/ associated with post_type: page and Title: "Desarrollo web" has been purged, triggered by action: save_post 
[2026-02-23 05:01:28 : INFO] - Cache for URL: https://partumdesign.com.mx/desarrollo-web-2/ has been purged, triggered by action: save_post 
[2026-02-23 05:01:28 : INFO] - Cache for author page URL: https://partumdesign.com.mx/author/maricruz-partum/ associated with post_type: page and Title: "Desarrollo web" has been purged, triggered by action: save_post 
[2026-02-23 05:01:28 : INFO] - Cache for URL: https://partumdesign.com.mx/desarrollo-web-2/ has been purged, triggered by action: save_post 
[2026-02-23 05:01:28 : INFO] - Cache for author page URL: https://partumdesign.com.mx/author/maricruz-partum/ associated with post_type: page and Title: "Desarrollo web" has been purged, triggered by action: save_post 
[2026-02-23 05:05:09 : INFO] - Cache for URL: https://partumdesign.com.mx/produccion-audiovisual/ has been purged, triggered by action: save_post 
[2026-02-23 05:05:09 : INFO] - Cache for author page URL: https://partumdesign.com.mx/author/maricruz-partum/ associated with post_type: page and Title: "Producción Audiovisual" has been purged, triggered by action: save_post 
[2026-02-23 05:05:09 : INFO] - Cache for URL: https://partumdesign.com.mx/produccion-audiovisual/ has been purged, triggered by action: save_post 
[2026-02-23 05:05:09 : INFO] - Cache for author page URL: https://partumdesign.com.mx/author/maricruz-partum/ associated with post_type: page and Title: "Producción Audiovisual" has been purged, triggered by action: save_post 
[2026-02-23 05:05:09 : INFO] - Cache for URL: https://partumdesign.com.mx/produccion-audiovisual/ has been purged, triggered by action: save_post 
[2026-02-23 05:05:09 : INFO] - Cache for author page URL: https://partumdesign.com.mx/author/maricruz-partum/ associated with post_type: page and Title: "Producción Audiovisual" has been purged, triggered by action: save_post 
[2026-02-23 05:10:25 : INFO] - Cache for URL: https://partumdesign.com.mx/produccion-audiovisual/ has been purged, triggered by action: save_post 
[2026-02-23 05:10:25 : INFO] - Cache for author page URL: https://partumdesign.com.mx/author/maricruz-partum/ associated with post_type: page and Title: "Producción Audiovisual" has been purged, triggered by action: save_post 
[2026-02-23 05:10:25 : INFO] - Cache for URL: https://partumdesign.com.mx/produccion-audiovisual/ has been purged, triggered by action: save_post 
[2026-02-23 05:10:25 : INFO] - Cache for author page URL: https://partumdesign.com.mx/author/maricruz-partum/ associated with post_type: page and Title: "Producción Audiovisual" has been purged, triggered by action: save_post 
[2026-02-23 05:10:26 : INFO] - Cache for URL: https://partumdesign.com.mx/produccion-audiovisual/ has been purged, triggered by action: save_post 
[2026-02-23 05:10:26 : INFO] - Cache for author page URL: https://partumdesign.com.mx/author/maricruz-partum/ associated with post_type: page and Title: "Producción Audiovisual" has been purged, triggered by action: save_post 
[2026-02-23 05:14:18 : INFO] - Cache for URL: https://partumdesign.com.mx/produccion-audiovisual/ has been purged, triggered by action: save_post 
[2026-02-23 05:14:18 : INFO] - Cache for author page URL: https://partumdesign.com.mx/author/maricruz-partum/ associated with post_type: page and Title: "Producción Audiovisual" has been purged, triggered by action: save_post 
[2026-02-23 05:14:19 : INFO] - Cache for URL: https://partumdesign.com.mx/produccion-audiovisual/ has been purged, triggered by action: save_post 
[2026-02-23 05:14:19 : INFO] - Cache for author page URL: https://partumdesign.com.mx/author/maricruz-partum/ associated with post_type: page and Title: "Producción Audiovisual" has been purged, triggered by action: save_post 
[2026-02-23 05:14:19 : INFO] - Cache for URL: https://partumdesign.com.mx/produccion-audiovisual/ has been purged, triggered by action: save_post 
[2026-02-23 05:14:19 : INFO] - Cache for author page URL: https://partumdesign.com.mx/author/maricruz-partum/ associated with post_type: page and Title: "Producción Audiovisual" has been purged, triggered by action: save_post 
[2026-02-23 05:17:37 : INFO] - Cache for URL: https://partumdesign.com.mx/produccion-audiovisual/ has been purged, triggered by action: save_post 
[2026-02-23 05:17:37 : INFO] - Cache for author page URL: https://partumdesign.com.mx/author/maricruz-partum/ associated with post_type: page and Title: "Producción Audiovisual" has been purged, triggered by action: save_post 
[2026-02-23 05:17:37 : INFO] - Cache for URL: https://partumdesign.com.mx/produccion-audiovisual/ has been purged, triggered by action: save_post 
[2026-02-23 05:17:37 : INFO] - Cache for author page URL: https://partumdesign.com.mx/author/maricruz-partum/ associated with post_type: page and Title: "Producción Audiovisual" has been purged, triggered by action: save_post 
[2026-02-23 05:17:37 : INFO] - Cache for URL: https://partumdesign.com.mx/produccion-audiovisual/ has been purged, triggered by action: save_post 
[2026-02-23 05:17:37 : INFO] - Cache for author page URL: https://partumdesign.com.mx/author/maricruz-partum/ associated with post_type: page and Title: "Producción Audiovisual" has been purged, triggered by action: save_post 
[2026-02-23 05:19:07 : INFO] - Cache for URL: https://partumdesign.com.mx/produccion-audiovisual/ has been purged, triggered by action: save_post 
[2026-02-23 05:19:07 : INFO] - Cache for author page URL: https://partumdesign.com.mx/author/maricruz-partum/ associated with post_type: page and Title: "Producción Audiovisual" has been purged, triggered by action: save_post 
[2026-02-23 05:19:07 : INFO] - Cache for URL: https://partumdesign.com.mx/produccion-audiovisual/ has been purged, triggered by action: save_post 
[2026-02-23 05:19:07 : INFO] - Cache for author page URL: https://partumdesign.com.mx/author/maricruz-partum/ associated with post_type: page and Title: "Producción Audiovisual" has been purged, triggered by action: save_post 
[2026-02-23 05:19:07 : INFO] - Cache for URL: https://partumdesign.com.mx/produccion-audiovisual/ has been purged, triggered by action: save_post 
[2026-02-23 05:19:07 : INFO] - Cache for author page URL: https://partumdesign.com.mx/author/maricruz-partum/ associated with post_type: page and Title: "Producción Audiovisual" has been purged, triggered by action: save_post 
[2026-02-23 05:23:14 : INFO] - Cache for URL: https://partumdesign.com.mx/inicio-rediseno/ has been purged, triggered by action: save_post 
[2026-02-23 05:23:14 : INFO] - Cache for author page URL: https://partumdesign.com.mx/author/maricruz-partum/ associated with post_type: page and Title: "Inicio Rediseño" has been purged, triggered by action: save_post 
[2026-02-23 05:23:15 : INFO] - Cache for URL: https://partumdesign.com.mx/inicio-rediseno/ has been purged, triggered by action: save_post 
[2026-02-23 05:23:15 : INFO] - Cache for author page URL: https://partumdesign.com.mx/author/maricruz-partum/ associated with post_type: page and Title: "Inicio Rediseño" has been purged, triggered by action: save_post 
[2026-02-23 05:23:15 : INFO] - Cache for URL: https://partumdesign.com.mx/inicio-rediseno/ has been purged, triggered by action: save_post 
[2026-02-23 05:23:15 : INFO] - Cache for author page URL: https://partumdesign.com.mx/author/maricruz-partum/ associated with post_type: page and Title: "Inicio Rediseño" has been purged, triggered by action: save_post 
[2026-02-23 05:33:38 : INFO] - Cache for URL: https://partumdesign.com.mx/inicio-rediseno/ has been purged, triggered by action: save_post 
[2026-02-23 05:33:38 : INFO] - Cache for author page URL: https://partumdesign.com.mx/author/maricruz-partum/ associated with post_type: page and Title: "Inicio Rediseño" has been purged, triggered by action: save_post 
[2026-02-23 05:33:39 : INFO] - Cache for URL: https://partumdesign.com.mx/inicio-rediseno/ has been purged, triggered by action: save_post 
[2026-02-23 05:33:39 : INFO] - Cache for author page URL: https://partumdesign.com.mx/author/maricruz-partum/ associated with post_type: page and Title: "Inicio Rediseño" has been purged, triggered by action: save_post 
[2026-02-23 05:33:39 : INFO] - Cache for URL: https://partumdesign.com.mx/inicio-rediseno/ has been purged, triggered by action: save_post 
[2026-02-23 05:33:39 : INFO] - Cache for author page URL: https://partumdesign.com.mx/author/maricruz-partum/ associated with post_type: page and Title: "Inicio Rediseño" has been purged, triggered by action: save_post 
[2026-02-23 05:34:18 : INFO] - Cache for URL: https://partumdesign.com.mx/nosotros/ has been purged, triggered by action: save_post 
[2026-02-23 05:34:18 : INFO] - Cache for author page URL: https://partumdesign.com.mx/author/maricruz-partum/ associated with post_type: page and Title: "Nosotros" has been purged, triggered by action: save_post 
[2026-02-23 05:34:19 : INFO] - Cache for URL: https://partumdesign.com.mx/nosotros/ has been purged, triggered by action: save_post 
[2026-02-23 05:34:19 : INFO] - Cache for author page URL: https://partumdesign.com.mx/author/maricruz-partum/ associated with post_type: page and Title: "Nosotros" has been purged, triggered by action: save_post 
[2026-02-23 05:34:19 : INFO] - Cache for URL: https://partumdesign.com.mx/nosotros/ has been purged, triggered by action: save_post 
[2026-02-23 05:34:19 : INFO] - Cache for author page URL: https://partumdesign.com.mx/author/maricruz-partum/ associated with post_type: page and Title: "Nosotros" has been purged, triggered by action: save_post 
[2026-02-23 05:35:19 : INFO] - Cache for URL: https://partumdesign.com.mx/inicio-rediseno/ has been purged, triggered by action: save_post 
[2026-02-23 05:35:19 : INFO] - Cache for author page URL: https://partumdesign.com.mx/author/maricruz-partum/ associated with post_type: page and Title: "Inicio Rediseño" has been purged, triggered by action: save_post 
[2026-02-23 05:35:20 : INFO] - Cache for URL: https://partumdesign.com.mx/inicio-rediseno/ has been purged, triggered by action: save_post 
[2026-02-23 05:35:20 : INFO] - Cache for author page URL: https://partumdesign.com.mx/author/maricruz-partum/ associated with post_type: page and Title: "Inicio Rediseño" has been purged, triggered by action: save_post 
[2026-02-23 05:35:20 : INFO] - Cache for URL: https://partumdesign.com.mx/inicio-rediseno/ has been purged, triggered by action: save_post 
[2026-02-23 05:35:20 : INFO] - Cache for author page URL: https://partumdesign.com.mx/author/maricruz-partum/ associated with post_type: page and Title: "Inicio Rediseño" has been purged, triggered by action: save_post 
[2026-02-23 05:39:23 : INFO] - Cache for URL: https://partumdesign.com.mx/inicio-rediseno/ has been purged, triggered by action: save_post 
[2026-02-23 05:39:23 : INFO] - Cache for author page URL: https://partumdesign.com.mx/author/maricruz-partum/ associated with post_type: page and Title: "Inicio Rediseño" has been purged, triggered by action: save_post 
[2026-02-23 05:39:24 : INFO] - Cache for URL: https://partumdesign.com.mx/inicio-rediseno/ has been purged, triggered by action: save_post 
[2026-02-23 05:39:24 : INFO] - Cache for author page URL: https://partumdesign.com.mx/author/maricruz-partum/ associated with post_type: page and Title: "Inicio Rediseño" has been purged, triggered by action: save_post 
[2026-02-23 05:39:24 : INFO] - Cache for URL: https://partumdesign.com.mx/inicio-rediseno/ has been purged, triggered by action: save_post 
[2026-02-23 05:39:24 : INFO] - Cache for author page URL: https://partumdesign.com.mx/author/maricruz-partum/ associated with post_type: page and Title: "Inicio Rediseño" has been purged, triggered by action: save_post 
[2026-02-23 05:41:18 : INFO] - Cache for URL: https://partumdesign.com.mx/inicio-rediseno/ has been purged, triggered by action: save_post 
[2026-02-23 05:41:18 : INFO] - Cache for author page URL: https://partumdesign.com.mx/author/maricruz-partum/ associated with post_type: page and Title: "Inicio Rediseño" has been purged, triggered by action: save_post 
[2026-02-23 05:41:19 : INFO] - Cache for URL: https://partumdesign.com.mx/inicio-rediseno/ has been purged, triggered by action: save_post 
[2026-02-23 05:41:19 : INFO] - Cache for author page URL: https://partumdesign.com.mx/author/maricruz-partum/ associated with post_type: page and Title: "Inicio Rediseño" has been purged, triggered by action: save_post 
[2026-02-23 05:41:19 : INFO] - Cache for URL: https://partumdesign.com.mx/inicio-rediseno/ has been purged, triggered by action: save_post 
[2026-02-23 05:41:19 : INFO] - Cache for author page URL: https://partumdesign.com.mx/author/maricruz-partum/ associated with post_type: page and Title: "Inicio Rediseño" has been purged, triggered by action: save_post 
[2026-02-23 05:51:53 : INFO] - Cache for URL: https://partumdesign.com.mx/inicio-rediseno/ has been purged, triggered by action: save_post 
[2026-02-23 05:51:53 : INFO] - Cache for author page URL: https://partumdesign.com.mx/author/maricruz-partum/ associated with post_type: page and Title: "Inicio Rediseño" has been purged, triggered by action: save_post 
[2026-02-23 05:51:54 : INFO] - Cache for URL: https://partumdesign.com.mx/inicio-rediseno/ has been purged, triggered by action: save_post 
[2026-02-23 05:51:54 : INFO] - Cache for author page URL: https://partumdesign.com.mx/author/maricruz-partum/ associated with post_type: page and Title: "Inicio Rediseño" has been purged, triggered by action: save_post 
[2026-02-23 05:51:54 : INFO] - Cache for URL: https://partumdesign.com.mx/inicio-rediseno/ has been purged, triggered by action: save_post 
[2026-02-23 05:51:54 : INFO] - Cache for author page URL: https://partumdesign.com.mx/author/maricruz-partum/ associated with post_type: page and Title: "Inicio Rediseño" has been purged, triggered by action: save_post 
[2026-02-23 13:33:15 : INFO] - Cache for URL: https://partumdesign.com.mx/inicio-rediseno/ has been purged, triggered by action: save_post 
[2026-02-23 13:33:15 : INFO] - Cache for author page URL: https://partumdesign.com.mx/author/maricruz-partum/ associated with post_type: page and Title: "Inicio Rediseño" has been purged, triggered by action: save_post 
[2026-02-23 13:33:15 : INFO] - Cache for URL: https://partumdesign.com.mx/inicio-rediseno/ has been purged, triggered by action: save_post 
[2026-02-23 13:33:15 : INFO] - Cache for author page URL: https://partumdesign.com.mx/author/maricruz-partum/ associated with post_type: page and Title: "Inicio Rediseño" has been purged, triggered by action: save_post 
[2026-02-23 13:33:16 : INFO] - Cache for URL: https://partumdesign.com.mx/inicio-rediseno/ has been purged, triggered by action: save_post 
[2026-02-23 13:33:16 : INFO] - Cache for author page URL: https://partumdesign.com.mx/author/maricruz-partum/ associated with post_type: page and Title: "Inicio Rediseño" has been purged, triggered by action: save_post 
[2026-02-23 13:41:47 : INFO] - Cache for URL: https://partumdesign.com.mx/inicio-rediseno/ has been purged, triggered by action: save_post 
[2026-02-23 13:41:47 : INFO] - Cache for author page URL: https://partumdesign.com.mx/author/maricruz-partum/ associated with post_type: page and Title: "Inicio Rediseño" has been purged, triggered by action: save_post 
[2026-02-23 13:41:47 : INFO] - Cache for URL: https://partumdesign.com.mx/inicio-rediseno/ has been purged, triggered by action: save_post 
[2026-02-23 13:41:47 : INFO] - Cache for author page URL: https://partumdesign.com.mx/author/maricruz-partum/ associated with post_type: page and Title: "Inicio Rediseño" has been purged, triggered by action: save_post 
[2026-02-23 13:41:48 : INFO] - Cache for URL: https://partumdesign.com.mx/inicio-rediseno/ has been purged, triggered by action: save_post 
[2026-02-23 13:41:48 : INFO] - Cache for author page URL: https://partumdesign.com.mx/author/maricruz-partum/ associated with post_type: page and Title: "Inicio Rediseño" has been purged, triggered by action: save_post 
[2026-02-23 13:42:36 : INFO] - Cache for URL: https://partumdesign.com.mx/inicio-rediseno/ has been purged, triggered by action: save_post 
[2026-02-23 13:42:36 : INFO] - Cache for author page URL: https://partumdesign.com.mx/author/maricruz-partum/ associated with post_type: page and Title: "Inicio Rediseño" has been purged, triggered by action: save_post 
[2026-02-23 13:42:37 : INFO] - Cache for URL: https://partumdesign.com.mx/inicio-rediseno/ has been purged, triggered by action: save_post 
[2026-02-23 13:42:37 : INFO] - Cache for author page URL: https://partumdesign.com.mx/author/maricruz-partum/ associated with post_type: page and Title: "Inicio Rediseño" has been purged, triggered by action: save_post 
[2026-02-23 13:42:37 : INFO] - Cache for URL: https://partumdesign.com.mx/inicio-rediseno/ has been purged, triggered by action: save_post 
[2026-02-23 13:42:37 : INFO] - Cache for author page URL: https://partumdesign.com.mx/author/maricruz-partum/ associated with post_type: page and Title: "Inicio Rediseño" has been purged, triggered by action: save_post 
[2026-02-23 13:47:32 : INFO] - Cache for URL: https://partumdesign.com.mx/nosotros/ has been purged, triggered by action: save_post 
[2026-02-23 13:47:32 : INFO] - Cache for author page URL: https://partumdesign.com.mx/author/maricruz-partum/ associated with post_type: page and Title: "Nosotros" has been purged, triggered by action: save_post 
[2026-02-23 13:47:33 : INFO] - Cache for URL: https://partumdesign.com.mx/nosotros/ has been purged, triggered by action: save_post 
[2026-02-23 13:47:33 : INFO] - Cache for author page URL: https://partumdesign.com.mx/author/maricruz-partum/ associated with post_type: page and Title: "Nosotros" has been purged, triggered by action: save_post 
[2026-02-23 13:47:33 : INFO] - Cache for URL: https://partumdesign.com.mx/nosotros/ has been purged, triggered by action: save_post 
[2026-02-23 13:47:33 : INFO] - Cache for author page URL: https://partumdesign.com.mx/author/maricruz-partum/ associated with post_type: page and Title: "Nosotros" has been purged, triggered by action: save_post 
[2026-02-23 13:52:10 : INFO] - Cache for homepage has been purged due to change in the Homepage displays options, triggered by action: update_option_page_on_front 
[2026-02-23 13:58:30 : INFO] - Cache for URL: https://partumdesign.com.mx/?elementor_library=elementor-footer-1664 has been purged, triggered by action: save_post 
[2026-02-23 13:58:30 : INFO] - Cache for author page URL: https://partumdesign.com.mx/author/maricruz-partum/ associated with post_type: elementor_library and Title: "footer rediseño" has been purged, triggered by action: save_post 
[2026-02-23 13:58:30 : INFO] - Cache for URL: https://partumdesign.com.mx/?elementor_library=elementor-footer-1664 has been purged, triggered by action: save_post 
[2026-02-23 13:58:30 : INFO] - Cache for author page URL: https://partumdesign.com.mx/author/maricruz-partum/ associated with post_type: elementor_library and Title: "footer rediseño" has been purged, triggered by action: save_post 
[2026-02-23 13:58:30 : INFO] - Cache for URL: https://partumdesign.com.mx/?elementor_library=elementor-footer-1664 has been purged, triggered by action: save_post 
[2026-02-23 13:58:30 : INFO] - Cache for author page URL: https://partumdesign.com.mx/author/maricruz-partum/ associated with post_type: elementor_library and Title: "footer rediseño" has been purged, triggered by action: save_post 
[2026-02-23 14:17:19 : INFO] - Cache for URL: https://partumdesign.com.mx/?elementor_library=elementor-header-1647 has been purged, triggered by action: save_post 
[2026-02-23 14:17:19 : INFO] - Cache for author page URL: https://partumdesign.com.mx/author/maricruz-partum/ associated with post_type: elementor_library and Title: "HEADER REDISEÑO" has been purged, triggered by action: save_post 
[2026-02-23 14:17:19 : INFO] - Cache for URL: https://partumdesign.com.mx/?elementor_library=elementor-header-1647 has been purged, triggered by action: save_post 
[2026-02-23 14:17:19 : INFO] - Cache for author page URL: https://partumdesign.com.mx/author/maricruz-partum/ associated with post_type: elementor_library and Title: "HEADER REDISEÑO" has been purged, triggered by action: save_post 
[2026-02-23 14:17:19 : INFO] - Cache for URL: https://partumdesign.com.mx/?elementor_library=elementor-header-1647 has been purged, triggered by action: save_post 
[2026-02-23 14:17:19 : INFO] - Cache for author page URL: https://partumdesign.com.mx/author/maricruz-partum/ associated with post_type: elementor_library and Title: "HEADER REDISEÑO" has been purged, triggered by action: save_post 
[2026-02-23 14:38:02 : INFO] - Cache for URL: https://partumdesign.com.mx/ has been purged, triggered by action: save_post 
[2026-02-23 14:38:02 : INFO] - Cache for author page URL: https://partumdesign.com.mx/author/maricruz-partum/ associated with post_type: page and Title: "Inicio Rediseño" has been purged, triggered by action: save_post 
[2026-02-23 14:38:03 : INFO] - Cache for URL: https://partumdesign.com.mx/ has been purged, triggered by action: save_post 
[2026-02-23 14:38:03 : INFO] - Cache for author page URL: https://partumdesign.com.mx/author/maricruz-partum/ associated with post_type: page and Title: "Inicio Rediseño" has been purged, triggered by action: save_post 
[2026-02-23 14:38:03 : INFO] - Cache for URL: https://partumdesign.com.mx/ has been purged, triggered by action: save_post 
[2026-02-23 14:38:03 : INFO] - Cache for author page URL: https://partumdesign.com.mx/author/maricruz-partum/ associated with post_type: page and Title: "Inicio Rediseño" has been purged, triggered by action: save_post 
[2026-02-23 14:54:00 : INFO] - Cache for URL: https://partumdesign.com.mx/ has been purged, triggered by action: save_post 
[2026-02-23 14:54:00 : INFO] - Cache for author page URL: https://partumdesign.com.mx/author/maricruz-partum/ associated with post_type: page and Title: "Inicio Rediseño" has been purged, triggered by action: save_post 
[2026-02-23 14:54:01 : INFO] - Cache for URL: https://partumdesign.com.mx/ has been purged, triggered by action: save_post 
[2026-02-23 14:54:01 : INFO] - Cache for author page URL: https://partumdesign.com.mx/author/maricruz-partum/ associated with post_type: page and Title: "Inicio Rediseño" has been purged, triggered by action: save_post 
[2026-02-23 14:54:01 : INFO] - Cache for URL: https://partumdesign.com.mx/ has been purged, triggered by action: save_post 
[2026-02-23 14:54:01 : INFO] - Cache for author page URL: https://partumdesign.com.mx/author/maricruz-partum/ associated with post_type: page and Title: "Inicio Rediseño" has been purged, triggered by action: save_post 
[2026-02-23 21:29:08 : INFO] - Cache for URL: https://partumdesign.com.mx/?elementor_library=elementor-header-1647 has been purged, triggered by action: save_post 
[2026-02-23 21:29:08 : INFO] - Cache for author page URL: https://partumdesign.com.mx/author/maricruz-partum/ associated with post_type: elementor_library and Title: "HEADER REDISEÑO" has been purged, triggered by action: save_post 
[2026-02-23 21:29:08 : INFO] - Cache for URL: https://partumdesign.com.mx/?elementor_library=elementor-header-1647 has been purged, triggered by action: save_post 
[2026-02-23 21:29:08 : INFO] - Cache for author page URL: https://partumdesign.com.mx/author/maricruz-partum/ associated with post_type: elementor_library and Title: "HEADER REDISEÑO" has been purged, triggered by action: save_post 
[2026-02-23 21:29:08 : INFO] - Cache for URL: https://partumdesign.com.mx/?elementor_library=elementor-header-1647 has been purged, triggered by action: save_post 
[2026-02-23 21:29:08 : INFO] - Cache for author page URL: https://partumdesign.com.mx/author/maricruz-partum/ associated with post_type: elementor_library and Title: "HEADER REDISEÑO" has been purged, triggered by action: save_post 
[2026-02-24 17:15:23 : INFO] - Cache for URL: https://partumdesign.com.mx/?elementor_library=elementor-header-1647 has been purged, triggered by action: save_post 
[2026-02-24 17:15:23 : INFO] - Cache for author page URL: https://partumdesign.com.mx/author/maricruz-partum/ associated with post_type: elementor_library and Title: "HEADER REDISEÑO" has been purged, triggered by action: save_post 
[2026-02-24 17:15:23 : INFO] - Cache for URL: https://partumdesign.com.mx/?elementor_library=elementor-header-1647 has been purged, triggered by action: save_post 
[2026-02-24 17:15:23 : INFO] - Cache for author page URL: https://partumdesign.com.mx/author/maricruz-partum/ associated with post_type: elementor_library and Title: "HEADER REDISEÑO" has been purged, triggered by action: save_post 
[2026-02-24 17:15:23 : INFO] - Cache for URL: https://partumdesign.com.mx/?elementor_library=elementor-header-1647 has been purged, triggered by action: save_post 
[2026-02-24 17:15:23 : INFO] - Cache for author page URL: https://partumdesign.com.mx/author/maricruz-partum/ associated with post_type: elementor_library and Title: "HEADER REDISEÑO" has been purged, triggered by action: save_post 
[2026-02-24 17:24:12 : INFO] - Cache for URL: https://partumdesign.com.mx/?elementor_library=elementor-header-1647 has been purged, triggered by action: save_post 
[2026-02-24 17:24:12 : INFO] - Cache for author page URL: https://partumdesign.com.mx/author/maricruz-partum/ associated with post_type: elementor_library and Title: "HEADER REDISEÑO" has been purged, triggered by action: save_post 
[2026-02-24 17:24:12 : INFO] - Cache for URL: https://partumdesign.com.mx/?elementor_library=elementor-header-1647 has been purged, triggered by action: save_post 
[2026-02-24 17:24:12 : INFO] - Cache for author page URL: https://partumdesign.com.mx/author/maricruz-partum/ associated with post_type: elementor_library and Title: "HEADER REDISEÑO" has been purged, triggered by action: save_post 
[2026-02-24 17:24:12 : INFO] - Cache for URL: https://partumdesign.com.mx/?elementor_library=elementor-header-1647 has been purged, triggered by action: save_post 
[2026-02-24 17:24:12 : INFO] - Cache for author page URL: https://partumdesign.com.mx/author/maricruz-partum/ associated with post_type: elementor_library and Title: "HEADER REDISEÑO" has been purged, triggered by action: save_post 
[2026-02-24 17:26:01 : INFO] - Cache for URL: https://partumdesign.com.mx/landing-page/ has been purged, triggered by action: save_post 
[2026-02-24 17:26:01 : INFO] - Cache for author page URL: https://partumdesign.com.mx/author/maricruz-partum/ associated with post_type: page and Title: "Landing Page" has been purged, triggered by action: save_post 
[2026-02-24 17:26:03 : INFO] - Cache for URL: https://partumdesign.com.mx/landing-page/ has been purged, triggered by action: save_post 
[2026-02-24 17:26:03 : INFO] - Cache for author page URL: https://partumdesign.com.mx/author/maricruz-partum/ associated with post_type: page and Title: "Landing Page" has been purged, triggered by action: save_post 
[2026-02-24 17:44:39 : INFO] - Cache for URL: https://partumdesign.com.mx/landing-page/ has been purged, triggered by action: save_post 
[2026-02-24 17:44:39 : INFO] - Cache for author page URL: https://partumdesign.com.mx/author/maricruz-partum/ associated with post_type: page and Title: "Landing Page" has been purged, triggered by action: save_post 
[2026-02-24 17:44:39 : INFO] - Cache for URL: https://partumdesign.com.mx/landing-page/ has been purged, triggered by action: save_post 
[2026-02-24 17:44:39 : INFO] - Cache for author page URL: https://partumdesign.com.mx/author/maricruz-partum/ associated with post_type: page and Title: "Landing Page" has been purged, triggered by action: save_post 
[2026-02-24 17:44:39 : INFO] - Cache for URL: https://partumdesign.com.mx/landing-page/ has been purged, triggered by action: save_post 
[2026-02-24 17:44:39 : INFO] - Cache for author page URL: https://partumdesign.com.mx/author/maricruz-partum/ associated with post_type: page and Title: "Landing Page" has been purged, triggered by action: save_post 
[2026-02-24 17:52:49 : INFO] - Cache for URL: https://partumdesign.com.mx/landing-page/ has been purged, triggered by action: save_post 
[2026-02-24 17:52:49 : INFO] - Cache for author page URL: https://partumdesign.com.mx/author/maricruz-partum/ associated with post_type: page and Title: "Landing Page" has been purged, triggered by action: save_post 
[2026-02-24 17:52:49 : INFO] - Cache for URL: https://partumdesign.com.mx/landing-page/ has been purged, triggered by action: save_post 
[2026-02-24 17:52:49 : INFO] - Cache for author page URL: https://partumdesign.com.mx/author/maricruz-partum/ associated with post_type: page and Title: "Landing Page" has been purged, triggered by action: save_post 
[2026-02-24 17:52:49 : INFO] - Cache for URL: https://partumdesign.com.mx/landing-page/ has been purged, triggered by action: save_post 
[2026-02-24 17:52:49 : INFO] - Cache for author page URL: https://partumdesign.com.mx/author/maricruz-partum/ associated with post_type: page and Title: "Landing Page" has been purged, triggered by action: save_post 
[2026-02-24 18:06:17 : INFO] - Cache for URL: https://partumdesign.com.mx/landing-page/ has been purged, triggered by action: save_post 
[2026-02-24 18:06:17 : INFO] - Cache for author page URL: https://partumdesign.com.mx/author/maricruz-partum/ associated with post_type: page and Title: "Landing Page" has been purged, triggered by action: save_post 
[2026-02-24 18:06:17 : INFO] - Cache for URL: https://partumdesign.com.mx/landing-page/ has been purged, triggered by action: save_post 
[2026-02-24 18:06:17 : INFO] - Cache for author page URL: https://partumdesign.com.mx/author/maricruz-partum/ associated with post_type: page and Title: "Landing Page" has been purged, triggered by action: save_post 
[2026-02-24 18:06:17 : INFO] - Cache for URL: https://partumdesign.com.mx/landing-page/ has been purged, triggered by action: save_post 
[2026-02-24 18:06:17 : INFO] - Cache for author page URL: https://partumdesign.com.mx/author/maricruz-partum/ associated with post_type: page and Title: "Landing Page" has been purged, triggered by action: save_post 
[2026-02-24 18:19:41 : INFO] - Cache for URL: https://partumdesign.com.mx/landing-page/ has been purged, triggered by action: save_post 
[2026-02-24 18:19:41 : INFO] - Cache for author page URL: https://partumdesign.com.mx/author/maricruz-partum/ associated with post_type: page and Title: "Landing Page" has been purged, triggered by action: save_post 
[2026-02-24 18:19:41 : INFO] - Cache for URL: https://partumdesign.com.mx/landing-page/ has been purged, triggered by action: save_post 
[2026-02-24 18:19:41 : INFO] - Cache for author page URL: https://partumdesign.com.mx/author/maricruz-partum/ associated with post_type: page and Title: "Landing Page" has been purged, triggered by action: save_post 
[2026-02-24 18:19:41 : INFO] - Cache for URL: https://partumdesign.com.mx/landing-page/ has been purged, triggered by action: save_post 
[2026-02-24 18:19:41 : INFO] - Cache for author page URL: https://partumdesign.com.mx/author/maricruz-partum/ associated with post_type: page and Title: "Landing Page" has been purged, triggered by action: save_post 
[2026-02-24 18:20:23 : INFO] - Cache for URL: https://partumdesign.com.mx/landing-page/ has been purged, triggered by action: save_post 
[2026-02-24 18:20:23 : INFO] - Cache for author page URL: https://partumdesign.com.mx/author/maricruz-partum/ associated with post_type: page and Title: "Landing Page" has been purged, triggered by action: save_post 
[2026-02-24 18:20:23 : INFO] - Cache for URL: https://partumdesign.com.mx/landing-page/ has been purged, triggered by action: save_post 
[2026-02-24 18:20:23 : INFO] - Cache for author page URL: https://partumdesign.com.mx/author/maricruz-partum/ associated with post_type: page and Title: "Landing Page" has been purged, triggered by action: save_post 
[2026-02-24 18:20:23 : INFO] - Cache for URL: https://partumdesign.com.mx/landing-page/ has been purged, triggered by action: save_post 
[2026-02-24 18:20:23 : INFO] - Cache for author page URL: https://partumdesign.com.mx/author/maricruz-partum/ associated with post_type: page and Title: "Landing Page" has been purged, triggered by action: save_post 
[2026-02-24 18:24:57 : INFO] - Cache for URL: https://partumdesign.com.mx/landing-page/ has been purged, triggered by action: save_post 
[2026-02-24 18:24:57 : INFO] - Cache for author page URL: https://partumdesign.com.mx/author/maricruz-partum/ associated with post_type: page and Title: "Landing Page" has been purged, triggered by action: save_post 
[2026-02-24 18:24:57 : INFO] - Cache for URL: https://partumdesign.com.mx/landing-page/ has been purged, triggered by action: save_post 
[2026-02-24 18:24:57 : INFO] - Cache for author page URL: https://partumdesign.com.mx/author/maricruz-partum/ associated with post_type: page and Title: "Landing Page" has been purged, triggered by action: save_post 
[2026-02-24 18:24:57 : INFO] - Cache for URL: https://partumdesign.com.mx/landing-page/ has been purged, triggered by action: save_post 
[2026-02-24 18:24:57 : INFO] - Cache for author page URL: https://partumdesign.com.mx/author/maricruz-partum/ associated with post_type: page and Title: "Landing Page" has been purged, triggered by action: save_post 
[2026-02-24 18:28:50 : INFO] - Cache for URL: https://partumdesign.com.mx/landing-page/ has been purged, triggered by action: save_post 
[2026-02-24 18:28:50 : INFO] - Cache for author page URL: https://partumdesign.com.mx/author/maricruz-partum/ associated with post_type: page and Title: "Landing Page" has been purged, triggered by action: save_post 
[2026-02-24 18:28:50 : INFO] - Cache for URL: https://partumdesign.com.mx/landing-page/ has been purged, triggered by action: save_post 
[2026-02-24 18:28:50 : INFO] - Cache for author page URL: https://partumdesign.com.mx/author/maricruz-partum/ associated with post_type: page and Title: "Landing Page" has been purged, triggered by action: save_post 
[2026-02-24 18:28:50 : INFO] - Cache for URL: https://partumdesign.com.mx/landing-page/ has been purged, triggered by action: save_post 
[2026-02-24 18:28:50 : INFO] - Cache for author page URL: https://partumdesign.com.mx/author/maricruz-partum/ associated with post_type: page and Title: "Landing Page" has been purged, triggered by action: save_post 
[2026-02-24 18:31:56 : INFO] - Cache for URL: https://partumdesign.com.mx/landing-page/ has been purged, triggered by action: save_post 
[2026-02-24 18:31:56 : INFO] - Cache for author page URL: https://partumdesign.com.mx/author/maricruz-partum/ associated with post_type: page and Title: "Landing Page" has been purged, triggered by action: save_post 
[2026-02-24 18:31:56 : INFO] - Cache for URL: https://partumdesign.com.mx/landing-page/ has been purged, triggered by action: save_post 
[2026-02-24 18:31:56 : INFO] - Cache for author page URL: https://partumdesign.com.mx/author/maricruz-partum/ associated with post_type: page and Title: "Landing Page" has been purged, triggered by action: save_post 
[2026-02-24 18:31:56 : INFO] - Cache for URL: https://partumdesign.com.mx/landing-page/ has been purged, triggered by action: save_post 
[2026-02-24 18:31:56 : INFO] - Cache for author page URL: https://partumdesign.com.mx/author/maricruz-partum/ associated with post_type: page and Title: "Landing Page" has been purged, triggered by action: save_post 
[2026-02-24 18:52:14 : INFO] - Cache for URL: https://partumdesign.com.mx/landing-page/ has been purged, triggered by action: save_post 
[2026-02-24 18:52:14 : INFO] - Cache for author page URL: https://partumdesign.com.mx/author/maricruz-partum/ associated with post_type: page and Title: "Landing Page" has been purged, triggered by action: save_post 
[2026-02-24 18:52:14 : INFO] - Cache for URL: https://partumdesign.com.mx/landing-page/ has been purged, triggered by action: save_post 
[2026-02-24 18:52:14 : INFO] - Cache for author page URL: https://partumdesign.com.mx/author/maricruz-partum/ associated with post_type: page and Title: "Landing Page" has been purged, triggered by action: save_post 
[2026-02-24 18:52:14 : INFO] - Cache for URL: https://partumdesign.com.mx/landing-page/ has been purged, triggered by action: save_post 
[2026-02-24 18:52:14 : INFO] - Cache for author page URL: https://partumdesign.com.mx/author/maricruz-partum/ associated with post_type: page and Title: "Landing Page" has been purged, triggered by action: save_post 
[2026-02-24 19:27:33 : INFO] - Cache for URL: https://partumdesign.com.mx/landing-page/ has been purged, triggered by action: save_post 
[2026-02-24 19:27:33 : INFO] - Cache for author page URL: https://partumdesign.com.mx/author/maricruz-partum/ associated with post_type: page and Title: "Landing Page" has been purged, triggered by action: save_post 
[2026-02-24 19:27:33 : INFO] - Cache for URL: https://partumdesign.com.mx/landing-page/ has been purged, triggered by action: save_post 
[2026-02-24 19:27:33 : INFO] - Cache for author page URL: https://partumdesign.com.mx/author/maricruz-partum/ associated with post_type: page and Title: "Landing Page" has been purged, triggered by action: save_post 
[2026-02-24 19:27:33 : INFO] - Cache for URL: https://partumdesign.com.mx/landing-page/ has been purged, triggered by action: save_post 
[2026-02-24 19:27:33 : INFO] - Cache for author page URL: https://partumdesign.com.mx/author/maricruz-partum/ associated with post_type: page and Title: "Landing Page" has been purged, triggered by action: save_post 
[2026-02-24 19:28:28 : INFO] - Cache for URL: https://partumdesign.com.mx/landing-page/ has been purged, triggered by action: save_post 
[2026-02-24 19:28:28 : INFO] - Cache for author page URL: https://partumdesign.com.mx/author/maricruz-partum/ associated with post_type: page and Title: "Landing Page" has been purged, triggered by action: save_post 
[2026-02-24 19:28:29 : INFO] - Cache for URL: https://partumdesign.com.mx/landing-page/ has been purged, triggered by action: save_post 
[2026-02-24 19:28:29 : INFO] - Cache for author page URL: https://partumdesign.com.mx/author/maricruz-partum/ associated with post_type: page and Title: "Landing Page" has been purged, triggered by action: save_post 
[2026-02-24 19:28:29 : INFO] - Cache for URL: https://partumdesign.com.mx/landing-page/ has been purged, triggered by action: save_post 
[2026-02-24 19:28:29 : INFO] - Cache for author page URL: https://partumdesign.com.mx/author/maricruz-partum/ associated with post_type: page and Title: "Landing Page" has been purged, triggered by action: save_post 
[2026-02-24 22:09:09 : INFO] - Cache for URL: https://partumdesign.com.mx/landing-page/ has been purged, triggered by action: save_post 
[2026-02-24 22:09:09 : INFO] - Cache for author page URL: https://partumdesign.com.mx/author/maricruz-partum/ associated with post_type: page and Title: "Landing Page" has been purged, triggered by action: save_post 
[2026-02-24 22:09:09 : INFO] - Cache for URL: https://partumdesign.com.mx/landing-page/ has been purged, triggered by action: save_post 
[2026-02-24 22:09:09 : INFO] - Cache for author page URL: https://partumdesign.com.mx/author/maricruz-partum/ associated with post_type: page and Title: "Landing Page" has been purged, triggered by action: save_post 
[2026-02-24 22:09:09 : INFO] - Cache for URL: https://partumdesign.com.mx/landing-page/ has been purged, triggered by action: save_post 
[2026-02-24 22:09:09 : INFO] - Cache for author page URL: https://partumdesign.com.mx/author/maricruz-partum/ associated with post_type: page and Title: "Landing Page" has been purged, triggered by action: save_post 
[2026-02-24 22:13:05 : INFO] - Cache for URL: https://partumdesign.com.mx/landing-page/ has been purged, triggered by action: save_post 
[2026-02-24 22:13:05 : INFO] - Cache for author page URL: https://partumdesign.com.mx/author/maricruz-partum/ associated with post_type: page and Title: "Landing Page" has been purged, triggered by action: save_post 
[2026-02-24 22:13:05 : INFO] - Cache for URL: https://partumdesign.com.mx/landing-page/ has been purged, triggered by action: save_post 
[2026-02-24 22:13:05 : INFO] - Cache for author page URL: https://partumdesign.com.mx/author/maricruz-partum/ associated with post_type: page and Title: "Landing Page" has been purged, triggered by action: save_post 
[2026-02-24 22:13:06 : INFO] - Cache for URL: https://partumdesign.com.mx/landing-page/ has been purged, triggered by action: save_post 
[2026-02-24 22:13:06 : INFO] - Cache for author page URL: https://partumdesign.com.mx/author/maricruz-partum/ associated with post_type: page and Title: "Landing Page" has been purged, triggered by action: save_post 
[2026-02-24 22:20:33 : INFO] - Cache for URL: https://partumdesign.com.mx/landing-page/ has been purged, triggered by action: save_post 
[2026-02-24 22:20:33 : INFO] - Cache for author page URL: https://partumdesign.com.mx/author/maricruz-partum/ associated with post_type: page and Title: "Landing Page" has been purged, triggered by action: save_post 
[2026-02-24 22:20:34 : INFO] - Cache for URL: https://partumdesign.com.mx/landing-page/ has been purged, triggered by action: save_post 
[2026-02-24 22:20:34 : INFO] - Cache for author page URL: https://partumdesign.com.mx/author/maricruz-partum/ associated with post_type: page and Title: "Landing Page" has been purged, triggered by action: save_post 
[2026-02-24 22:20:34 : INFO] - Cache for URL: https://partumdesign.com.mx/landing-page/ has been purged, triggered by action: save_post 
[2026-02-24 22:20:34 : INFO] - Cache for author page URL: https://partumdesign.com.mx/author/maricruz-partum/ associated with post_type: page and Title: "Landing Page" has been purged, triggered by action: save_post 
[2026-02-24 22:27:06 : INFO] - Cache for URL: https://partumdesign.com.mx/landing-page/ has been purged, triggered by action: save_post 
[2026-02-24 22:27:06 : INFO] - Cache for author page URL: https://partumdesign.com.mx/author/maricruz-partum/ associated with post_type: page and Title: "Landing Page" has been purged, triggered by action: save_post 
[2026-02-24 22:27:06 : INFO] - Cache for URL: https://partumdesign.com.mx/landing-page/ has been purged, triggered by action: save_post 
[2026-02-24 22:27:06 : INFO] - Cache for author page URL: https://partumdesign.com.mx/author/maricruz-partum/ associated with post_type: page and Title: "Landing Page" has been purged, triggered by action: save_post 
[2026-02-24 22:27:07 : INFO] - Cache for URL: https://partumdesign.com.mx/landing-page/ has been purged, triggered by action: save_post 
[2026-02-24 22:27:07 : INFO] - Cache for author page URL: https://partumdesign.com.mx/author/maricruz-partum/ associated with post_type: page and Title: "Landing Page" has been purged, triggered by action: save_post 
[2026-02-24 22:45:03 : INFO] - Cache for URL: https://partumdesign.com.mx/landing-page/ has been purged, triggered by action: save_post 
[2026-02-24 22:45:03 : INFO] - Cache for author page URL: https://partumdesign.com.mx/author/maricruz-partum/ associated with post_type: page and Title: "Landing Page" has been purged, triggered by action: save_post 
[2026-02-24 22:45:04 : INFO] - Cache for URL: https://partumdesign.com.mx/landing-page/ has been purged, triggered by action: save_post 
[2026-02-24 22:45:04 : INFO] - Cache for author page URL: https://partumdesign.com.mx/author/maricruz-partum/ associated with post_type: page and Title: "Landing Page" has been purged, triggered by action: save_post 
[2026-02-24 22:45:04 : INFO] - Cache for URL: https://partumdesign.com.mx/landing-page/ has been purged, triggered by action: save_post 
[2026-02-24 22:45:04 : INFO] - Cache for author page URL: https://partumdesign.com.mx/author/maricruz-partum/ associated with post_type: page and Title: "Landing Page" has been purged, triggered by action: save_post 
[2026-02-24 23:16:20 : INFO] - Cache for URL: https://partumdesign.com.mx/landing-page/ has been purged, triggered by action: save_post 
[2026-02-24 23:16:20 : INFO] - Cache for author page URL: https://partumdesign.com.mx/author/maricruz-partum/ associated with post_type: page and Title: "Landing Page" has been purged, triggered by action: save_post 
[2026-02-24 23:16:20 : INFO] - Cache for URL: https://partumdesign.com.mx/landing-page/ has been purged, triggered by action: save_post 
[2026-02-24 23:16:20 : INFO] - Cache for author page URL: https://partumdesign.com.mx/author/maricruz-partum/ associated with post_type: page and Title: "Landing Page" has been purged, triggered by action: save_post 
[2026-02-24 23:16:20 : INFO] - Cache for URL: https://partumdesign.com.mx/landing-page/ has been purged, triggered by action: save_post 
[2026-02-24 23:16:20 : INFO] - Cache for author page URL: https://partumdesign.com.mx/author/maricruz-partum/ associated with post_type: page and Title: "Landing Page" has been purged, triggered by action: save_post 
[2026-02-24 23:20:31 : INFO] - Cache for URL: https://partumdesign.com.mx/landing-page/ has been purged, triggered by action: save_post 
[2026-02-24 23:20:31 : INFO] - Cache for author page URL: https://partumdesign.com.mx/author/maricruz-partum/ associated with post_type: page and Title: "Landing Page" has been purged, triggered by action: save_post 
[2026-02-24 23:20:32 : INFO] - Cache for URL: https://partumdesign.com.mx/landing-page/ has been purged, triggered by action: save_post 
[2026-02-24 23:20:32 : INFO] - Cache for author page URL: https://partumdesign.com.mx/author/maricruz-partum/ associated with post_type: page and Title: "Landing Page" has been purged, triggered by action: save_post 
[2026-02-24 23:20:32 : INFO] - Cache for URL: https://partumdesign.com.mx/landing-page/ has been purged, triggered by action: save_post 
[2026-02-24 23:20:32 : INFO] - Cache for author page URL: https://partumdesign.com.mx/author/maricruz-partum/ associated with post_type: page and Title: "Landing Page" has been purged, triggered by action: save_post 
[2026-02-24 23:23:18 : INFO] - Cache for URL: https://partumdesign.com.mx/landing-page/ has been purged, triggered by action: save_post 
[2026-02-24 23:23:18 : INFO] - Cache for author page URL: https://partumdesign.com.mx/author/maricruz-partum/ associated with post_type: page and Title: "Landing Page" has been purged, triggered by action: save_post 
[2026-02-24 23:23:18 : INFO] - Cache for URL: https://partumdesign.com.mx/landing-page/ has been purged, triggered by action: save_post 
[2026-02-24 23:23:18 : INFO] - Cache for author page URL: https://partumdesign.com.mx/author/maricruz-partum/ associated with post_type: page and Title: "Landing Page" has been purged, triggered by action: save_post 
[2026-02-24 23:23:19 : INFO] - Cache for URL: https://partumdesign.com.mx/landing-page/ has been purged, triggered by action: save_post 
[2026-02-24 23:23:19 : INFO] - Cache for author page URL: https://partumdesign.com.mx/author/maricruz-partum/ associated with post_type: page and Title: "Landing Page" has been purged, triggered by action: save_post 
[2026-02-24 23:43:47 : INFO] - Cache for URL: https://partumdesign.com.mx/landing-page/ has been purged, triggered by action: save_post 
[2026-02-24 23:43:47 : INFO] - Cache for author page URL: https://partumdesign.com.mx/author/maricruz-partum/ associated with post_type: page and Title: "Landing Page" has been purged, triggered by action: save_post 
[2026-02-24 23:43:47 : INFO] - Cache for URL: https://partumdesign.com.mx/landing-page/ has been purged, triggered by action: save_post 
[2026-02-24 23:43:47 : INFO] - Cache for author page URL: https://partumdesign.com.mx/author/maricruz-partum/ associated with post_type: page and Title: "Landing Page" has been purged, triggered by action: save_post 
[2026-02-24 23:43:48 : INFO] - Cache for URL: https://partumdesign.com.mx/landing-page/ has been purged, triggered by action: save_post 
[2026-02-24 23:43:48 : INFO] - Cache for author page URL: https://partumdesign.com.mx/author/maricruz-partum/ associated with post_type: page and Title: "Landing Page" has been purged, triggered by action: save_post 
[2026-02-24 23:48:42 : INFO] - Cache for URL: https://partumdesign.com.mx/landing-page/ has been purged, triggered by action: save_post 
[2026-02-24 23:48:42 : INFO] - Cache for author page URL: https://partumdesign.com.mx/author/maricruz-partum/ associated with post_type: page and Title: "Landing Page" has been purged, triggered by action: save_post 
[2026-02-24 23:48:43 : INFO] - Cache for URL: https://partumdesign.com.mx/landing-page/ has been purged, triggered by action: save_post 
[2026-02-24 23:48:43 : INFO] - Cache for author page URL: https://partumdesign.com.mx/author/maricruz-partum/ associated with post_type: page and Title: "Landing Page" has been purged, triggered by action: save_post 
[2026-02-24 23:48:43 : INFO] - Cache for URL: https://partumdesign.com.mx/landing-page/ has been purged, triggered by action: save_post 
[2026-02-24 23:48:43 : INFO] - Cache for author page URL: https://partumdesign.com.mx/author/maricruz-partum/ associated with post_type: page and Title: "Landing Page" has been purged, triggered by action: save_post 
[2026-02-24 23:50:07 : INFO] - Cache for URL: https://partumdesign.com.mx/landing-page/ has been purged, triggered by action: save_post 
[2026-02-24 23:50:07 : INFO] - Cache for author page URL: https://partumdesign.com.mx/author/maricruz-partum/ associated with post_type: page and Title: "Landing Page" has been purged, triggered by action: save_post 
[2026-02-24 23:50:08 : INFO] - Cache for URL: https://partumdesign.com.mx/landing-page/ has been purged, triggered by action: save_post 
[2026-02-24 23:50:08 : INFO] - Cache for author page URL: https://partumdesign.com.mx/author/maricruz-partum/ associated with post_type: page and Title: "Landing Page" has been purged, triggered by action: save_post 
[2026-02-24 23:50:09 : INFO] - Cache for URL: https://partumdesign.com.mx/landing-page/ has been purged, triggered by action: save_post 
[2026-02-24 23:50:09 : INFO] - Cache for author page URL: https://partumdesign.com.mx/author/maricruz-partum/ associated with post_type: page and Title: "Landing Page" has been purged, triggered by action: save_post 
[2026-02-24 23:51:24 : INFO] - Cache for URL: https://partumdesign.com.mx/landing-page/ has been purged, triggered by action: save_post 
[2026-02-24 23:51:24 : INFO] - Cache for author page URL: https://partumdesign.com.mx/author/maricruz-partum/ associated with post_type: page and Title: "Landing Page" has been purged, triggered by action: save_post 
[2026-02-24 23:51:24 : INFO] - Cache for URL: https://partumdesign.com.mx/landing-page/ has been purged, triggered by action: save_post 
[2026-02-24 23:51:24 : INFO] - Cache for author page URL: https://partumdesign.com.mx/author/maricruz-partum/ associated with post_type: page and Title: "Landing Page" has been purged, triggered by action: save_post 
[2026-02-24 23:51:24 : INFO] - Cache for URL: https://partumdesign.com.mx/landing-page/ has been purged, triggered by action: save_post 
[2026-02-24 23:51:24 : INFO] - Cache for author page URL: https://partumdesign.com.mx/author/maricruz-partum/ associated with post_type: page and Title: "Landing Page" has been purged, triggered by action: save_post 
[2026-02-25 00:00:27 : INFO] - Cache for URL: https://partumdesign.com.mx/landing-page/ has been purged, triggered by action: save_post 
[2026-02-25 00:00:27 : INFO] - Cache for author page URL: https://partumdesign.com.mx/author/maricruz-partum/ associated with post_type: page and Title: "Landing Page" has been purged, triggered by action: save_post 
[2026-02-25 00:00:28 : INFO] - Cache for URL: https://partumdesign.com.mx/landing-page/ has been purged, triggered by action: save_post 
[2026-02-25 00:00:28 : INFO] - Cache for author page URL: https://partumdesign.com.mx/author/maricruz-partum/ associated with post_type: page and Title: "Landing Page" has been purged, triggered by action: save_post 
[2026-02-25 00:00:28 : INFO] - Cache for URL: https://partumdesign.com.mx/landing-page/ has been purged, triggered by action: save_post 
[2026-02-25 00:00:28 : INFO] - Cache for author page URL: https://partumdesign.com.mx/author/maricruz-partum/ associated with post_type: page and Title: "Landing Page" has been purged, triggered by action: save_post 
[2026-02-25 00:03:23 : INFO] - Cache for URL: https://partumdesign.com.mx/landing-page/ has been purged, triggered by action: save_post 
[2026-02-25 00:03:23 : INFO] - Cache for author page URL: https://partumdesign.com.mx/author/maricruz-partum/ associated with post_type: page and Title: "Landing Page" has been purged, triggered by action: save_post 
[2026-02-25 00:03:23 : INFO] - Cache for URL: https://partumdesign.com.mx/landing-page/ has been purged, triggered by action: save_post 
[2026-02-25 00:03:23 : INFO] - Cache for author page URL: https://partumdesign.com.mx/author/maricruz-partum/ associated with post_type: page and Title: "Landing Page" has been purged, triggered by action: save_post 
[2026-02-25 00:03:24 : INFO] - Cache for URL: https://partumdesign.com.mx/landing-page/ has been purged, triggered by action: save_post 
[2026-02-25 00:03:24 : INFO] - Cache for author page URL: https://partumdesign.com.mx/author/maricruz-partum/ associated with post_type: page and Title: "Landing Page" has been purged, triggered by action: save_post 
[2026-02-25 00:07:02 : INFO] - Cache for URL: https://partumdesign.com.mx/landing-page/ has been purged, triggered by action: save_post 
[2026-02-25 00:07:02 : INFO] - Cache for author page URL: https://partumdesign.com.mx/author/maricruz-partum/ associated with post_type: page and Title: "Landing Page" has been purged, triggered by action: save_post 
[2026-02-25 00:07:02 : INFO] - Cache for URL: https://partumdesign.com.mx/landing-page/ has been purged, triggered by action: save_post 
[2026-02-25 00:07:02 : INFO] - Cache for author page URL: https://partumdesign.com.mx/author/maricruz-partum/ associated with post_type: page and Title: "Landing Page" has been purged, triggered by action: save_post 
[2026-02-25 00:07:03 : INFO] - Cache for URL: https://partumdesign.com.mx/landing-page/ has been purged, triggered by action: save_post 
[2026-02-25 00:07:03 : INFO] - Cache for author page URL: https://partumdesign.com.mx/author/maricruz-partum/ associated with post_type: page and Title: "Landing Page" has been purged, triggered by action: save_post 
[2026-02-25 00:08:29 : INFO] - Cache for URL: https://partumdesign.com.mx/landing-page/ has been purged, triggered by action: save_post 
[2026-02-25 00:08:29 : INFO] - Cache for author page URL: https://partumdesign.com.mx/author/maricruz-partum/ associated with post_type: page and Title: "Landing Page" has been purged, triggered by action: save_post 
[2026-02-25 00:08:30 : INFO] - Cache for URL: https://partumdesign.com.mx/landing-page/ has been purged, triggered by action: save_post 
[2026-02-25 00:08:30 : INFO] - Cache for author page URL: https://partumdesign.com.mx/author/maricruz-partum/ associated with post_type: page and Title: "Landing Page" has been purged, triggered by action: save_post 
[2026-02-25 00:08:30 : INFO] - Cache for URL: https://partumdesign.com.mx/landing-page/ has been purged, triggered by action: save_post 
[2026-02-25 00:08:30 : INFO] - Cache for author page URL: https://partumdesign.com.mx/author/maricruz-partum/ associated with post_type: page and Title: "Landing Page" has been purged, triggered by action: save_post 
[2026-02-25 00:12:03 : INFO] - Full Cache Purge triggered by: plugin activation/deactivation 
[2026-02-25 00:12:54 : INFO] - Full Cache Purge triggered by: plugin activation/deactivation 
[2026-02-25 00:13:19 : INFO] - Cache for URL: https://partumdesign.com.mx/landing-page/ has been purged, triggered by action: save_post 
[2026-02-25 00:13:19 : INFO] - Cache for author page URL: https://partumdesign.com.mx/author/maricruz-partum/ associated with post_type: page and Title: "Landing Page" has been purged, triggered by action: save_post 
[2026-02-25 00:13:19 : INFO] - Cache for URL: https://partumdesign.com.mx/landing-page/ has been purged, triggered by action: save_post 
[2026-02-25 00:13:19 : INFO] - Cache for author page URL: https://partumdesign.com.mx/author/maricruz-partum/ associated with post_type: page and Title: "Landing Page" has been purged, triggered by action: save_post 
[2026-02-25 00:13:20 : INFO] - Cache for URL: https://partumdesign.com.mx/landing-page/ has been purged, triggered by action: save_post 
[2026-02-25 00:13:20 : INFO] - Cache for author page URL: https://partumdesign.com.mx/author/maricruz-partum/ associated with post_type: page and Title: "Landing Page" has been purged, triggered by action: save_post 
[2026-02-25 00:14:24 : INFO] - Full Cache Purge triggered by: plugin activation/deactivation 
[2026-02-25 00:14:27 : INFO] - Full Cache Purge triggered by: plugin activation/deactivation 
[2026-02-25 00:14:41 : INFO] - Full Cache Purge triggered by: plugin activation/deactivation 
[2026-02-25 00:14:57 : INFO] - Full Cache Purge triggered by: plugin activation/deactivation 
[2026-02-25 00:15:50 : INFO] - Full Cache Purge triggered by: plugin activation/deactivation 
[2026-02-25 00:16:14 : INFO] - Full Cache Purge triggered by: plugin activation/deactivation 
[2026-02-25 00:16:38 : INFO] - Full Cache Purge triggered by: plugin activation/deactivation 
[2026-02-25 00:18:27 : INFO] - Cache for URL: https://partumdesign.com.mx/landing-page/ has been purged, triggered by action: save_post 
[2026-02-25 00:18:27 : INFO] - Cache for author page URL: https://partumdesign.com.mx/author/maricruz-partum/ associated with post_type: page and Title: "Landing Page" has been purged, triggered by action: save_post 
[2026-02-25 00:18:27 : INFO] - Cache for URL: https://partumdesign.com.mx/landing-page/ has been purged, triggered by action: save_post 
[2026-02-25 00:18:27 : INFO] - Cache for author page URL: https://partumdesign.com.mx/author/maricruz-partum/ associated with post_type: page and Title: "Landing Page" has been purged, triggered by action: save_post 
[2026-02-25 00:18:27 : INFO] - Cache for URL: https://partumdesign.com.mx/landing-page/ has been purged, triggered by action: save_post 
[2026-02-25 00:18:27 : INFO] - Cache for author page URL: https://partumdesign.com.mx/author/maricruz-partum/ associated with post_type: page and Title: "Landing Page" has been purged, triggered by action: save_post 
[2026-02-25 00:18:53 : INFO] - Full Cache Purge triggered by: plugin activation/deactivation 
[2026-02-25 00:19:56 : INFO] - Full Cache Purge triggered by: plugin activation/deactivation 
[2026-02-25 00:20:31 : INFO] - Full Cache Purge triggered by: plugin activation/deactivation 
[2026-02-25 00:23:33 : INFO] - Cache for URL: https://partumdesign.com.mx/landing-page/ has been purged, triggered by action: save_post 
[2026-02-25 00:23:33 : INFO] - Cache for author page URL: https://partumdesign.com.mx/author/maricruz-partum/ associated with post_type: page and Title: "Landing Page" has been purged, triggered by action: save_post 
[2026-02-25 00:23:34 : INFO] - Cache for URL: https://partumdesign.com.mx/landing-page/ has been purged, triggered by action: save_post 
[2026-02-25 00:23:34 : INFO] - Cache for author page URL: https://partumdesign.com.mx/author/maricruz-partum/ associated with post_type: page and Title: "Landing Page" has been purged, triggered by action: save_post 
[2026-02-25 00:23:34 : INFO] - Cache for URL: https://partumdesign.com.mx/landing-page/ has been purged, triggered by action: save_post 
[2026-02-25 00:23:34 : INFO] - Cache for author page URL: https://partumdesign.com.mx/author/maricruz-partum/ associated with post_type: page and Title: "Landing Page" has been purged, triggered by action: save_post 
[2026-02-25 00:24:57 : INFO] - Cache for URL: https://partumdesign.com.mx/landing-page/ has been purged, triggered by action: save_post 
[2026-02-25 00:24:57 : INFO] - Cache for author page URL: https://partumdesign.com.mx/author/maricruz-partum/ associated with post_type: page and Title: "Landing Page" has been purged, triggered by action: save_post 
[2026-02-25 00:24:57 : INFO] - Cache for URL: https://partumdesign.com.mx/landing-page/ has been purged, triggered by action: save_post 
[2026-02-25 00:24:57 : INFO] - Cache for author page URL: https://partumdesign.com.mx/author/maricruz-partum/ associated with post_type: page and Title: "Landing Page" has been purged, triggered by action: save_post 
[2026-02-25 00:24:57 : INFO] - Cache for URL: https://partumdesign.com.mx/landing-page/ has been purged, triggered by action: save_post 
[2026-02-25 00:24:57 : INFO] - Cache for author page URL: https://partumdesign.com.mx/author/maricruz-partum/ associated with post_type: page and Title: "Landing Page" has been purged, triggered by action: save_post 
[2026-02-25 00:25:38 : INFO] - Full Cache Purge triggered by: plugin activation/deactivation 
[2026-02-25 01:41:27 : INFO] - Full Cache Purge triggered by: plugin activation/deactivation 
[2026-02-25 01:41:40 : INFO] - Full Cache Purge triggered by: plugin activation/deactivation 
[2026-02-25 01:46:33 : INFO] - Cache for URL: https://partumdesign.com.mx/inicio/ has been purged, triggered by action: wp_trash_post 
[2026-02-25 01:46:34 : INFO] - Cache for URL: https://partumdesign.com.mx/quien-es-partum/ has been purged, triggered by action: wp_trash_post 
[2026-02-25 01:46:34 : INFO] - Cache for URL: https://partumdesign.com.mx/desarrollo-web/ has been purged, triggered by action: wp_trash_post 
[2026-02-25 01:46:35 : INFO] - Cache for URL: https://partumdesign.com.mx/contacto/ has been purged, triggered by action: wp_trash_post 
[2026-02-25 01:46:35 : INFO] - Cache for URL: https://partumdesign.com.mx/tarjeta-de-presentacion-erick/ has been purged, triggered by action: wp_trash_post 
[2026-02-25 01:46:36 : INFO] - Cache for URL: https://partumdesign.com.mx/tarjeta-de-presentacion-bere/ has been purged, triggered by action: wp_trash_post 
[2026-02-25 01:46:36 : INFO] - Cache for URL: https://partumdesign.com.mx/tarjeta-de-presentacion-ximena/ has been purged, triggered by action: wp_trash_post 
[2026-02-25 01:46:37 : INFO] - Cache for URL: https://partumdesign.com.mx/tarjeta-de-presentacion-jorge/ has been purged, triggered by action: wp_trash_post 
[2026-02-25 01:46:37 : INFO] - Cache for URL: https://partumdesign.com.mx/testinicio/ has been purged, triggered by action: wp_trash_post 
[2026-02-25 01:46:38 : INFO] - Cache for URL: https://partumdesign.com.mx/testeoabout/ has been purged, triggered by action: wp_trash_post 
[2026-02-25 01:46:38 : INFO] - Cache for URL: https://partumdesign.com.mx/home/ has been purged, triggered by action: wp_trash_post 
[2026-02-25 01:46:39 : INFO] - Cache for URL: https://partumdesign.com.mx/portfolio/ has been purged, triggered by action: wp_trash_post 
[2026-02-25 01:46:40 : INFO] - Cache for URL: https://partumdesign.com.mx/manual/ has been purged, triggered by action: wp_trash_post 
[2026-02-25 01:46:40 : INFO] - Cache for URL: https://partumdesign.com.mx/r/ has been purged, triggered by action: wp_trash_post 
[2026-02-25 01:46:41 : INFO] - Cache for URL: https://partumdesign.com.mx/kafiserviciosaereos/ has been purged, triggered by action: wp_trash_post 
[2026-02-25 02:03:23 : INFO] - Full Cache Purge triggered by: plugin activation/deactivation 
[2026-02-25 02:05:48 : INFO] - Cache for URL: https://partumdesign.com.mx/elementor-hf/header/ has been purged, triggered by action: save_post 
[2026-02-25 02:06:21 : INFO] - Cache for URL: https://partumdesign.com.mx/elementor-hf/header/ has been purged, triggered by action: save_post 
[2026-02-25 02:06:21 : INFO] - Cache for URL: https://partumdesign.com.mx/elementor-hf/header/ has been purged, triggered by action: save_post 
[2026-02-25 02:06:21 : INFO] - Cache for URL: https://partumdesign.com.mx/elementor-hf/header/ has been purged, triggered by action: save_post 
[2026-02-25 02:06:46 : INFO] - Cache for URL: https://partumdesign.com.mx/elementor-hf/footer/ has been purged, triggered by action: save_post 
[2026-02-25 02:07:16 : INFO] - Cache for URL: https://partumdesign.com.mx/elementor-hf/footer/ has been purged, triggered by action: save_post 
[2026-02-25 02:07:16 : INFO] - Cache for URL: https://partumdesign.com.mx/elementor-hf/footer/ has been purged, triggered by action: save_post 
[2026-02-25 02:07:16 : INFO] - Cache for URL: https://partumdesign.com.mx/elementor-hf/footer/ has been purged, triggered by action: save_post 
[2026-02-25 02:08:44 : INFO] - Full Cache Purge triggered by: plugin activation/deactivation 
[2026-02-25 02:09:08 : INFO] - Full Cache Purge triggered by: plugin activation/deactivation 
[2026-02-25 02:13:41 : INFO] - Cache for URL: https://partumdesign.com.mx/elementor-hf/footer/ has been purged, triggered by action: save_post 
[2026-02-25 02:18:17 : INFO] - Full Cache Purge triggered by: plugin activation/deactivation 
[2026-02-25 02:19:14 : INFO] - Full Cache Purge triggered by: plugin activation/deactivation 
[2026-02-25 02:23:01 : INFO] - Cache for URL: https://partumdesign.com.mx/contacto2/ has been purged, triggered by action: save_post 
[2026-02-25 02:23:01 : INFO] - Cache for author page URL: https://partumdesign.com.mx/author/maricruz-partum/ associated with post_type: page and Title: "Contacto" has been purged, triggered by action: save_post 
[2026-02-25 16:47:26 : INFO] - Full Cache Purge triggered by: plugin activation/deactivation 
[2026-02-25 16:54:32 : INFO] - Cache for URL: https://partumdesign.com.mx/landing-page/ has been purged, triggered by action: save_post 
[2026-02-25 16:54:32 : INFO] - Cache for author page URL: https://partumdesign.com.mx/author/maricruz-partum/ associated with post_type: page and Title: "Landing Page" has been purged, triggered by action: save_post 
[2026-02-25 16:54:33 : INFO] - Cache for URL: https://partumdesign.com.mx/landing-page/ has been purged, triggered by action: save_post 
[2026-02-25 16:54:33 : INFO] - Cache for author page URL: https://partumdesign.com.mx/author/maricruz-partum/ associated with post_type: page and Title: "Landing Page" has been purged, triggered by action: save_post 
[2026-02-25 16:54:33 : INFO] - Cache for URL: https://partumdesign.com.mx/landing-page/ has been purged, triggered by action: save_post 
[2026-02-25 16:54:33 : INFO] - Cache for author page URL: https://partumdesign.com.mx/author/maricruz-partum/ associated with post_type: page and Title: "Landing Page" has been purged, triggered by action: save_post 
[2026-02-25 17:46:06 : INFO] - Cache for URL: https://partumdesign.com.mx/landing-page/ has been purged, triggered by action: save_post 
[2026-02-25 17:46:06 : INFO] - Cache for author page URL: https://partumdesign.com.mx/author/maricruz-partum/ associated with post_type: page and Title: "Landing Page" has been purged, triggered by action: save_post 
[2026-02-25 17:46:06 : INFO] - Cache for URL: https://partumdesign.com.mx/landing-page/ has been purged, triggered by action: save_post 
[2026-02-25 17:46:06 : INFO] - Cache for author page URL: https://partumdesign.com.mx/author/maricruz-partum/ associated with post_type: page and Title: "Landing Page" has been purged, triggered by action: save_post 
[2026-02-25 17:46:06 : INFO] - Cache for URL: https://partumdesign.com.mx/landing-page/ has been purged, triggered by action: save_post 
[2026-02-25 17:46:06 : INFO] - Cache for author page URL: https://partumdesign.com.mx/author/maricruz-partum/ associated with post_type: page and Title: "Landing Page" has been purged, triggered by action: save_post 
[2026-02-25 17:49:56 : INFO] - Cache for URL: https://partumdesign.com.mx/landing-page/ has been purged, triggered by action: save_post 
[2026-02-25 17:49:56 : INFO] - Cache for author page URL: https://partumdesign.com.mx/author/maricruz-partum/ associated with post_type: page and Title: "Landing Page" has been purged, triggered by action: save_post 
[2026-02-25 17:49:57 : INFO] - Cache for URL: https://partumdesign.com.mx/landing-page/ has been purged, triggered by action: save_post 
[2026-02-25 17:49:57 : INFO] - Cache for author page URL: https://partumdesign.com.mx/author/maricruz-partum/ associated with post_type: page and Title: "Landing Page" has been purged, triggered by action: save_post 
[2026-02-25 17:49:57 : INFO] - Cache for URL: https://partumdesign.com.mx/landing-page/ has been purged, triggered by action: save_post 
[2026-02-25 17:49:57 : INFO] - Cache for author page URL: https://partumdesign.com.mx/author/maricruz-partum/ associated with post_type: page and Title: "Landing Page" has been purged, triggered by action: save_post 
[2026-02-25 17:53:56 : INFO] - Cache for URL: https://partumdesign.com.mx/landing-page/ has been purged, triggered by action: save_post 
[2026-02-25 17:53:56 : INFO] - Cache for author page URL: https://partumdesign.com.mx/author/maricruz-partum/ associated with post_type: page and Title: "Landing Page" has been purged, triggered by action: save_post 
[2026-02-25 17:53:56 : INFO] - Cache for URL: https://partumdesign.com.mx/landing-page/ has been purged, triggered by action: save_post 
[2026-02-25 17:53:56 : INFO] - Cache for author page URL: https://partumdesign.com.mx/author/maricruz-partum/ associated with post_type: page and Title: "Landing Page" has been purged, triggered by action: save_post 
[2026-02-25 17:53:57 : INFO] - Cache for URL: https://partumdesign.com.mx/landing-page/ has been purged, triggered by action: save_post 
[2026-02-25 17:53:57 : INFO] - Cache for author page URL: https://partumdesign.com.mx/author/maricruz-partum/ associated with post_type: page and Title: "Landing Page" has been purged, triggered by action: save_post 
[2026-02-25 17:57:36 : INFO] - Cache for URL: https://partumdesign.com.mx/landing-page/ has been purged, triggered by action: save_post 
[2026-02-25 17:57:36 : INFO] - Cache for author page URL: https://partumdesign.com.mx/author/maricruz-partum/ associated with post_type: page and Title: "Landing Page" has been purged, triggered by action: save_post 
[2026-02-25 17:57:37 : INFO] - Cache for URL: https://partumdesign.com.mx/landing-page/ has been purged, triggered by action: save_post 
[2026-02-25 17:57:37 : INFO] - Cache for author page URL: https://partumdesign.com.mx/author/maricruz-partum/ associated with post_type: page and Title: "Landing Page" has been purged, triggered by action: save_post 
[2026-02-25 17:57:37 : INFO] - Cache for URL: https://partumdesign.com.mx/landing-page/ has been purged, triggered by action: save_post 
[2026-02-25 17:57:37 : INFO] - Cache for author page URL: https://partumdesign.com.mx/author/maricruz-partum/ associated with post_type: page and Title: "Landing Page" has been purged, triggered by action: save_post 
[2026-02-25 18:14:01 : INFO] - Cache for URL: https://partumdesign.com.mx/landing-page/ has been purged, triggered by action: save_post 
[2026-02-25 18:14:01 : INFO] - Cache for author page URL: https://partumdesign.com.mx/author/maricruz-partum/ associated with post_type: page and Title: "Landing Page" has been purged, triggered by action: save_post 
[2026-02-25 18:14:01 : INFO] - Cache for URL: https://partumdesign.com.mx/landing-page/ has been purged, triggered by action: save_post 
[2026-02-25 18:14:01 : INFO] - Cache for author page URL: https://partumdesign.com.mx/author/maricruz-partum/ associated with post_type: page and Title: "Landing Page" has been purged, triggered by action: save_post 
[2026-02-25 18:14:01 : INFO] - Cache for URL: https://partumdesign.com.mx/landing-page/ has been purged, triggered by action: save_post 
[2026-02-25 18:14:01 : INFO] - Cache for author page URL: https://partumdesign.com.mx/author/maricruz-partum/ associated with post_type: page and Title: "Landing Page" has been purged, triggered by action: save_post 
[2026-02-25 18:17:14 : INFO] - Cache for URL: https://partumdesign.com.mx/landing-page/ has been purged, triggered by action: save_post 
[2026-02-25 18:17:14 : INFO] - Cache for author page URL: https://partumdesign.com.mx/author/maricruz-partum/ associated with post_type: page and Title: "Landing Page" has been purged, triggered by action: save_post 
[2026-02-25 18:17:14 : INFO] - Cache for URL: https://partumdesign.com.mx/landing-page/ has been purged, triggered by action: save_post 
[2026-02-25 18:17:14 : INFO] - Cache for author page URL: https://partumdesign.com.mx/author/maricruz-partum/ associated with post_type: page and Title: "Landing Page" has been purged, triggered by action: save_post 
[2026-02-25 18:17:15 : INFO] - Cache for URL: https://partumdesign.com.mx/landing-page/ has been purged, triggered by action: save_post 
[2026-02-25 18:17:15 : INFO] - Cache for author page URL: https://partumdesign.com.mx/author/maricruz-partum/ associated with post_type: page and Title: "Landing Page" has been purged, triggered by action: save_post 
[2026-02-25 18:21:19 : INFO] - Cache for URL: https://partumdesign.com.mx/landing-page/ has been purged, triggered by action: save_post 
[2026-02-25 18:21:19 : INFO] - Cache for author page URL: https://partumdesign.com.mx/author/maricruz-partum/ associated with post_type: page and Title: "Landing Page" has been purged, triggered by action: save_post 
[2026-02-25 18:21:19 : INFO] - Cache for URL: https://partumdesign.com.mx/landing-page/ has been purged, triggered by action: save_post 
[2026-02-25 18:21:19 : INFO] - Cache for author page URL: https://partumdesign.com.mx/author/maricruz-partum/ associated with post_type: page and Title: "Landing Page" has been purged, triggered by action: save_post 
[2026-02-25 18:21:20 : INFO] - Cache for URL: https://partumdesign.com.mx/landing-page/ has been purged, triggered by action: save_post 
[2026-02-25 18:21:20 : INFO] - Cache for author page URL: https://partumdesign.com.mx/author/maricruz-partum/ associated with post_type: page and Title: "Landing Page" has been purged, triggered by action: save_post 
[2026-02-25 18:24:13 : INFO] - Cache for URL: https://partumdesign.com.mx/landing-page/ has been purged, triggered by action: save_post 
[2026-02-25 18:24:13 : INFO] - Cache for author page URL: https://partumdesign.com.mx/author/maricruz-partum/ associated with post_type: page and Title: "Landing Page" has been purged, triggered by action: save_post 
[2026-02-25 18:24:13 : INFO] - Cache for URL: https://partumdesign.com.mx/landing-page/ has been purged, triggered by action: save_post 
[2026-02-25 18:24:13 : INFO] - Cache for author page URL: https://partumdesign.com.mx/author/maricruz-partum/ associated with post_type: page and Title: "Landing Page" has been purged, triggered by action: save_post 
[2026-02-25 18:24:14 : INFO] - Cache for URL: https://partumdesign.com.mx/landing-page/ has been purged, triggered by action: save_post 
[2026-02-25 18:24:14 : INFO] - Cache for author page URL: https://partumdesign.com.mx/author/maricruz-partum/ associated with post_type: page and Title: "Landing Page" has been purged, triggered by action: save_post 
[2026-02-25 18:24:34 : INFO] - Cache for URL: https://partumdesign.com.mx/landing-page/ has been purged, triggered by action: save_post 
[2026-02-25 18:24:34 : INFO] - Cache for author page URL: https://partumdesign.com.mx/author/maricruz-partum/ associated with post_type: page and Title: "Landing Page" has been purged, triggered by action: save_post 
[2026-02-25 18:24:34 : INFO] - Cache for URL: https://partumdesign.com.mx/landing-page/ has been purged, triggered by action: save_post 
[2026-02-25 18:24:34 : INFO] - Cache for author page URL: https://partumdesign.com.mx/author/maricruz-partum/ associated with post_type: page and Title: "Landing Page" has been purged, triggered by action: save_post 
[2026-02-25 18:24:34 : INFO] - Cache for URL: https://partumdesign.com.mx/landing-page/ has been purged, triggered by action: save_post 
[2026-02-25 18:24:34 : INFO] - Cache for author page URL: https://partumdesign.com.mx/author/maricruz-partum/ associated with post_type: page and Title: "Landing Page" has been purged, triggered by action: save_post 
[2026-02-25 18:27:12 : INFO] - Cache for URL: https://partumdesign.com.mx/landing-page/ has been purged, triggered by action: save_post 
[2026-02-25 18:27:12 : INFO] - Cache for author page URL: https://partumdesign.com.mx/author/maricruz-partum/ associated with post_type: page and Title: "Landing Page" has been purged, triggered by action: save_post 
[2026-02-25 18:27:12 : INFO] - Cache for URL: https://partumdesign.com.mx/landing-page/ has been purged, triggered by action: save_post 
[2026-02-25 18:27:12 : INFO] - Cache for author page URL: https://partumdesign.com.mx/author/maricruz-partum/ associated with post_type: page and Title: "Landing Page" has been purged, triggered by action: save_post 
[2026-02-25 18:27:12 : INFO] - Cache for URL: https://partumdesign.com.mx/landing-page/ has been purged, triggered by action: save_post 
[2026-02-25 18:27:12 : INFO] - Cache for author page URL: https://partumdesign.com.mx/author/maricruz-partum/ associated with post_type: page and Title: "Landing Page" has been purged, triggered by action: save_post 
[2026-02-25 18:29:52 : INFO] - Cache for URL: https://partumdesign.com.mx/landing-page/ has been purged, triggered by action: save_post 
[2026-02-25 18:29:52 : INFO] - Cache for author page URL: https://partumdesign.com.mx/author/maricruz-partum/ associated with post_type: page and Title: "Landing Page" has been purged, triggered by action: save_post 
[2026-02-25 18:29:52 : INFO] - Cache for URL: https://partumdesign.com.mx/landing-page/ has been purged, triggered by action: save_post 
[2026-02-25 18:29:52 : INFO] - Cache for author page URL: https://partumdesign.com.mx/author/maricruz-partum/ associated with post_type: page and Title: "Landing Page" has been purged, triggered by action: save_post 
[2026-02-25 18:29:53 : INFO] - Cache for URL: https://partumdesign.com.mx/landing-page/ has been purged, triggered by action: save_post 
[2026-02-25 18:29:53 : INFO] - Cache for author page URL: https://partumdesign.com.mx/author/maricruz-partum/ associated with post_type: page and Title: "Landing Page" has been purged, triggered by action: save_post 
[2026-02-25 18:34:43 : INFO] - Cache for URL: https://partumdesign.com.mx/landing-page/ has been purged, triggered by action: save_post 
[2026-02-25 18:34:43 : INFO] - Cache for author page URL: https://partumdesign.com.mx/author/maricruz-partum/ associated with post_type: page and Title: "Landing Page" has been purged, triggered by action: save_post 
[2026-02-25 18:34:43 : INFO] - Cache for URL: https://partumdesign.com.mx/landing-page/ has been purged, triggered by action: save_post 
[2026-02-25 18:34:43 : INFO] - Cache for author page URL: https://partumdesign.com.mx/author/maricruz-partum/ associated with post_type: page and Title: "Landing Page" has been purged, triggered by action: save_post 
[2026-02-25 18:34:44 : INFO] - Cache for URL: https://partumdesign.com.mx/landing-page/ has been purged, triggered by action: save_post 
[2026-02-25 18:34:44 : INFO] - Cache for author page URL: https://partumdesign.com.mx/author/maricruz-partum/ associated with post_type: page and Title: "Landing Page" has been purged, triggered by action: save_post 
[2026-02-25 18:45:45 : INFO] - Cache for URL: https://partumdesign.com.mx/landing-page/ has been purged, triggered by action: save_post 
[2026-02-25 18:45:45 : INFO] - Cache for author page URL: https://partumdesign.com.mx/author/maricruz-partum/ associated with post_type: page and Title: "Landing Page" has been purged, triggered by action: save_post 
[2026-02-25 18:45:45 : INFO] - Cache for URL: https://partumdesign.com.mx/landing-page/ has been purged, triggered by action: save_post 
[2026-02-25 18:45:45 : INFO] - Cache for author page URL: https://partumdesign.com.mx/author/maricruz-partum/ associated with post_type: page and Title: "Landing Page" has been purged, triggered by action: save_post 
[2026-02-25 18:45:45 : INFO] - Cache for URL: https://partumdesign.com.mx/landing-page/ has been purged, triggered by action: save_post 
[2026-02-25 18:45:45 : INFO] - Cache for author page URL: https://partumdesign.com.mx/author/maricruz-partum/ associated with post_type: page and Title: "Landing Page" has been purged, triggered by action: save_post 
[2026-02-25 18:46:40 : INFO] - Cache for URL: https://partumdesign.com.mx/landing-page/ has been purged, triggered by action: save_post 
[2026-02-25 18:46:40 : INFO] - Cache for author page URL: https://partumdesign.com.mx/author/maricruz-partum/ associated with post_type: page and Title: "Landing Page" has been purged, triggered by action: save_post 
[2026-02-25 18:46:40 : INFO] - Cache for URL: https://partumdesign.com.mx/landing-page/ has been purged, triggered by action: save_post 
[2026-02-25 18:46:40 : INFO] - Cache for author page URL: https://partumdesign.com.mx/author/maricruz-partum/ associated with post_type: page and Title: "Landing Page" has been purged, triggered by action: save_post 
[2026-02-25 18:46:40 : INFO] - Cache for URL: https://partumdesign.com.mx/landing-page/ has been purged, triggered by action: save_post 
[2026-02-25 18:46:40 : INFO] - Cache for author page URL: https://partumdesign.com.mx/author/maricruz-partum/ associated with post_type: page and Title: "Landing Page" has been purged, triggered by action: save_post 
[2026-02-25 18:50:06 : INFO] - Cache for URL: https://partumdesign.com.mx/landing-page/ has been purged, triggered by action: save_post 
[2026-02-25 18:50:06 : INFO] - Cache for author page URL: https://partumdesign.com.mx/author/maricruz-partum/ associated with post_type: page and Title: "Landing Page" has been purged, triggered by action: save_post 
[2026-02-25 18:50:06 : INFO] - Cache for URL: https://partumdesign.com.mx/landing-page/ has been purged, triggered by action: save_post 
[2026-02-25 18:50:06 : INFO] - Cache for author page URL: https://partumdesign.com.mx/author/maricruz-partum/ associated with post_type: page and Title: "Landing Page" has been purged, triggered by action: save_post 
[2026-02-25 18:50:07 : INFO] - Cache for URL: https://partumdesign.com.mx/landing-page/ has been purged, triggered by action: save_post 
[2026-02-25 18:50:07 : INFO] - Cache for author page URL: https://partumdesign.com.mx/author/maricruz-partum/ associated with post_type: page and Title: "Landing Page" has been purged, triggered by action: save_post 
[2026-02-25 18:57:09 : INFO] - Cache for URL: https://partumdesign.com.mx/landing-page/ has been purged, triggered by action: save_post 
[2026-02-25 18:57:09 : INFO] - Cache for author page URL: https://partumdesign.com.mx/author/maricruz-partum/ associated with post_type: page and Title: "Landing Page" has been purged, triggered by action: save_post 
[2026-02-25 18:57:10 : INFO] - Cache for URL: https://partumdesign.com.mx/landing-page/ has been purged, triggered by action: save_post 
[2026-02-25 18:57:10 : INFO] - Cache for author page URL: https://partumdesign.com.mx/author/maricruz-partum/ associated with post_type: page and Title: "Landing Page" has been purged, triggered by action: save_post 
[2026-02-25 18:57:10 : INFO] - Cache for URL: https://partumdesign.com.mx/landing-page/ has been purged, triggered by action: save_post 
[2026-02-25 18:57:10 : INFO] - Cache for author page URL: https://partumdesign.com.mx/author/maricruz-partum/ associated with post_type: page and Title: "Landing Page" has been purged, triggered by action: save_post 
[2026-02-25 19:04:31 : INFO] - Cache for URL: https://partumdesign.com.mx/landing-page/ has been purged, triggered by action: save_post 
[2026-02-25 19:04:31 : INFO] - Cache for author page URL: https://partumdesign.com.mx/author/maricruz-partum/ associated with post_type: page and Title: "Landing Page" has been purged, triggered by action: save_post 
[2026-02-25 19:04:32 : INFO] - Cache for URL: https://partumdesign.com.mx/landing-page/ has been purged, triggered by action: save_post 
[2026-02-25 19:04:32 : INFO] - Cache for author page URL: https://partumdesign.com.mx/author/maricruz-partum/ associated with post_type: page and Title: "Landing Page" has been purged, triggered by action: save_post 
[2026-02-25 19:04:32 : INFO] - Cache for URL: https://partumdesign.com.mx/landing-page/ has been purged, triggered by action: save_post 
[2026-02-25 19:04:32 : INFO] - Cache for author page URL: https://partumdesign.com.mx/author/maricruz-partum/ associated with post_type: page and Title: "Landing Page" has been purged, triggered by action: save_post 
[2026-02-25 19:08:01 : INFO] - Cache for URL: https://partumdesign.com.mx/landing-page/ has been purged, triggered by action: save_post 
[2026-02-25 19:08:01 : INFO] - Cache for author page URL: https://partumdesign.com.mx/author/maricruz-partum/ associated with post_type: page and Title: "Landing Page" has been purged, triggered by action: save_post 
[2026-02-25 19:08:01 : INFO] - Cache for URL: https://partumdesign.com.mx/landing-page/ has been purged, triggered by action: save_post 
[2026-02-25 19:08:01 : INFO] - Cache for author page URL: https://partumdesign.com.mx/author/maricruz-partum/ associated with post_type: page and Title: "Landing Page" has been purged, triggered by action: save_post 
[2026-02-25 19:08:02 : INFO] - Cache for URL: https://partumdesign.com.mx/landing-page/ has been purged, triggered by action: save_post 
[2026-02-25 19:08:02 : INFO] - Cache for author page URL: https://partumdesign.com.mx/author/maricruz-partum/ associated with post_type: page and Title: "Landing Page" has been purged, triggered by action: save_post 
[2026-02-25 19:13:33 : INFO] - Cache for URL: https://partumdesign.com.mx/landing-page/ has been purged, triggered by action: save_post 
[2026-02-25 19:13:33 : INFO] - Cache for author page URL: https://partumdesign.com.mx/author/maricruz-partum/ associated with post_type: page and Title: "Landing Page" has been purged, triggered by action: save_post 
[2026-02-25 19:13:33 : INFO] - Cache for URL: https://partumdesign.com.mx/landing-page/ has been purged, triggered by action: save_post 
[2026-02-25 19:13:33 : INFO] - Cache for author page URL: https://partumdesign.com.mx/author/maricruz-partum/ associated with post_type: page and Title: "Landing Page" has been purged, triggered by action: save_post 
[2026-02-25 19:13:33 : INFO] - Cache for URL: https://partumdesign.com.mx/landing-page/ has been purged, triggered by action: save_post 
[2026-02-25 19:13:33 : INFO] - Cache for author page URL: https://partumdesign.com.mx/author/maricruz-partum/ associated with post_type: page and Title: "Landing Page" has been purged, triggered by action: save_post 
[2026-02-25 19:14:29 : INFO] - Cache for URL: https://partumdesign.com.mx/landing-page/ has been purged, triggered by action: save_post 
[2026-02-25 19:14:29 : INFO] - Cache for author page URL: https://partumdesign.com.mx/author/maricruz-partum/ associated with post_type: page and Title: "Landing Page" has been purged, triggered by action: save_post 
[2026-02-25 19:14:29 : INFO] - Cache for URL: https://partumdesign.com.mx/landing-page/ has been purged, triggered by action: save_post 
[2026-02-25 19:14:29 : INFO] - Cache for author page URL: https://partumdesign.com.mx/author/maricruz-partum/ associated with post_type: page and Title: "Landing Page" has been purged, triggered by action: save_post 
[2026-02-25 19:14:30 : INFO] - Cache for URL: https://partumdesign.com.mx/landing-page/ has been purged, triggered by action: save_post 
[2026-02-25 19:14:30 : INFO] - Cache for author page URL: https://partumdesign.com.mx/author/maricruz-partum/ associated with post_type: page and Title: "Landing Page" has been purged, triggered by action: save_post 
[2026-02-25 19:16:51 : INFO] - Cache for URL: https://partumdesign.com.mx/landing-page/ has been purged, triggered by action: save_post 
[2026-02-25 19:16:51 : INFO] - Cache for author page URL: https://partumdesign.com.mx/author/maricruz-partum/ associated with post_type: page and Title: "Landing Page" has been purged, triggered by action: save_post 
[2026-02-25 19:16:51 : INFO] - Cache for URL: https://partumdesign.com.mx/landing-page/ has been purged, triggered by action: save_post 
[2026-02-25 19:16:51 : INFO] - Cache for author page URL: https://partumdesign.com.mx/author/maricruz-partum/ associated with post_type: page and Title: "Landing Page" has been purged, triggered by action: save_post 
[2026-02-25 19:16:51 : INFO] - Cache for URL: https://partumdesign.com.mx/landing-page/ has been purged, triggered by action: save_post 
[2026-02-25 19:16:51 : INFO] - Cache for author page URL: https://partumdesign.com.mx/author/maricruz-partum/ associated with post_type: page and Title: "Landing Page" has been purged, triggered by action: save_post 
[2026-02-25 19:17:38 : INFO] - Cache for URL: https://partumdesign.com.mx/landing-page/ has been purged, triggered by action: save_post 
[2026-02-25 19:17:38 : INFO] - Cache for author page URL: https://partumdesign.com.mx/author/maricruz-partum/ associated with post_type: page and Title: "Landing Page" has been purged, triggered by action: save_post 
[2026-02-25 19:17:39 : INFO] - Cache for URL: https://partumdesign.com.mx/landing-page/ has been purged, triggered by action: save_post 
[2026-02-25 19:17:39 : INFO] - Cache for author page URL: https://partumdesign.com.mx/author/maricruz-partum/ associated with post_type: page and Title: "Landing Page" has been purged, triggered by action: save_post 
[2026-02-25 19:17:39 : INFO] - Cache for URL: https://partumdesign.com.mx/landing-page/ has been purged, triggered by action: save_post 
[2026-02-25 19:17:39 : INFO] - Cache for author page URL: https://partumdesign.com.mx/author/maricruz-partum/ associated with post_type: page and Title: "Landing Page" has been purged, triggered by action: save_post 
[2026-02-25 19:18:27 : INFO] - Cache for URL: https://partumdesign.com.mx/landing-page/ has been purged, triggered by action: save_post 
[2026-02-25 19:18:27 : INFO] - Cache for author page URL: https://partumdesign.com.mx/author/maricruz-partum/ associated with post_type: page and Title: "Landing Page" has been purged, triggered by action: save_post 
[2026-02-25 19:18:28 : INFO] - Cache for URL: https://partumdesign.com.mx/landing-page/ has been purged, triggered by action: save_post 
[2026-02-25 19:18:28 : INFO] - Cache for author page URL: https://partumdesign.com.mx/author/maricruz-partum/ associated with post_type: page and Title: "Landing Page" has been purged, triggered by action: save_post 
[2026-02-25 19:18:28 : INFO] - Cache for URL: https://partumdesign.com.mx/landing-page/ has been purged, triggered by action: save_post 
[2026-02-25 19:18:28 : INFO] - Cache for author page URL: https://partumdesign.com.mx/author/maricruz-partum/ associated with post_type: page and Title: "Landing Page" has been purged, triggered by action: save_post 
[2026-02-25 22:36:48 : INFO] - Cache for URL: https://partumdesign.com.mx/elementor-hf/footer/ has been purged, triggered by action: save_post 
[2026-02-25 22:36:48 : INFO] - Cache for URL: https://partumdesign.com.mx/elementor-hf/footer/ has been purged, triggered by action: save_post 
[2026-02-25 22:36:48 : INFO] - Cache for URL: https://partumdesign.com.mx/elementor-hf/footer/ has been purged, triggered by action: save_post 
[2026-02-25 23:53:42 : INFO] - Cache for URL: https://partumdesign.com.mx/landing-page/ has been purged, triggered by action: save_post 
[2026-02-25 23:53:42 : INFO] - Cache for author page URL: https://partumdesign.com.mx/author/maricruz-partum/ associated with post_type: page and Title: "Landing Page" has been purged, triggered by action: save_post 
[2026-02-25 23:53:43 : INFO] - Cache for URL: https://partumdesign.com.mx/landing-page/ has been purged, triggered by action: save_post 
[2026-02-25 23:53:43 : INFO] - Cache for author page URL: https://partumdesign.com.mx/author/maricruz-partum/ associated with post_type: page and Title: "Landing Page" has been purged, triggered by action: save_post 
[2026-02-25 23:53:43 : INFO] - Cache for URL: https://partumdesign.com.mx/landing-page/ has been purged, triggered by action: save_post 
[2026-02-25 23:53:43 : INFO] - Cache for author page URL: https://partumdesign.com.mx/author/maricruz-partum/ associated with post_type: page and Title: "Landing Page" has been purged, triggered by action: save_post 
[2026-02-26 02:44:46 : INFO] - Cache for URL: https://partumdesign.com.mx/landing-page/ has been purged, triggered by action: save_post 
[2026-02-26 02:44:46 : INFO] - Cache for author page URL: https://partumdesign.com.mx/author/maricruz-partum/ associated with post_type: page and Title: "Landing Page" has been purged, triggered by action: save_post 
[2026-02-26 02:44:46 : INFO] - Cache for URL: https://partumdesign.com.mx/landing-page/ has been purged, triggered by action: save_post 
[2026-02-26 02:44:46 : INFO] - Cache for author page URL: https://partumdesign.com.mx/author/maricruz-partum/ associated with post_type: page and Title: "Landing Page" has been purged, triggered by action: save_post 
[2026-02-26 02:44:46 : INFO] - Cache for URL: https://partumdesign.com.mx/landing-page/ has been purged, triggered by action: save_post 
[2026-02-26 02:44:46 : INFO] - Cache for author page URL: https://partumdesign.com.mx/author/maricruz-partum/ associated with post_type: page and Title: "Landing Page" has been purged, triggered by action: save_post 
[2026-02-26 02:54:16 : INFO] - Cache for URL: https://partumdesign.com.mx/landing-page/ has been purged, triggered by action: save_post 
[2026-02-26 02:54:16 : INFO] - Cache for author page URL: https://partumdesign.com.mx/author/maricruz-partum/ associated with post_type: page and Title: "Landing Page" has been purged, triggered by action: save_post 
[2026-02-26 02:54:16 : INFO] - Cache for URL: https://partumdesign.com.mx/landing-page/ has been purged, triggered by action: save_post 
[2026-02-26 02:54:16 : INFO] - Cache for author page URL: https://partumdesign.com.mx/author/maricruz-partum/ associated with post_type: page and Title: "Landing Page" has been purged, triggered by action: save_post 
[2026-02-26 02:54:16 : INFO] - Cache for URL: https://partumdesign.com.mx/landing-page/ has been purged, triggered by action: save_post 
[2026-02-26 02:54:16 : INFO] - Cache for author page URL: https://partumdesign.com.mx/author/maricruz-partum/ associated with post_type: page and Title: "Landing Page" has been purged, triggered by action: save_post 
[2026-02-26 02:57:48 : INFO] - Cache for URL: https://partumdesign.com.mx/landing-page/ has been purged, triggered by action: save_post 
[2026-02-26 02:57:48 : INFO] - Cache for author page URL: https://partumdesign.com.mx/author/maricruz-partum/ associated with post_type: page and Title: "Landing Page" has been purged, triggered by action: save_post 
[2026-02-26 02:57:48 : INFO] - Cache for URL: https://partumdesign.com.mx/landing-page/ has been purged, triggered by action: save_post 
[2026-02-26 02:57:48 : INFO] - Cache for author page URL: https://partumdesign.com.mx/author/maricruz-partum/ associated with post_type: page and Title: "Landing Page" has been purged, triggered by action: save_post 
[2026-02-26 02:57:48 : INFO] - Cache for URL: https://partumdesign.com.mx/landing-page/ has been purged, triggered by action: save_post 
[2026-02-26 02:57:48 : INFO] - Cache for author page URL: https://partumdesign.com.mx/author/maricruz-partum/ associated with post_type: page and Title: "Landing Page" has been purged, triggered by action: save_post 
[2026-02-26 03:06:38 : INFO] - Cache for URL: https://partumdesign.com.mx/landing-page/ has been purged, triggered by action: save_post 
[2026-02-26 03:06:38 : INFO] - Cache for author page URL: https://partumdesign.com.mx/author/maricruz-partum/ associated with post_type: page and Title: "Landing Page" has been purged, triggered by action: save_post 
[2026-02-26 03:06:38 : INFO] - Cache for URL: https://partumdesign.com.mx/landing-page/ has been purged, triggered by action: save_post 
[2026-02-26 03:06:38 : INFO] - Cache for author page URL: https://partumdesign.com.mx/author/maricruz-partum/ associated with post_type: page and Title: "Landing Page" has been purged, triggered by action: save_post 
[2026-02-26 03:06:38 : INFO] - Cache for URL: https://partumdesign.com.mx/landing-page/ has been purged, triggered by action: save_post 
[2026-02-26 03:06:38 : INFO] - Cache for author page URL: https://partumdesign.com.mx/author/maricruz-partum/ associated with post_type: page and Title: "Landing Page" has been purged, triggered by action: save_post 
[2026-02-26 16:41:18 : INFO] - Cache for URL: https://partumdesign.com.mx/landing-page/ has been purged, triggered by action: save_post 
[2026-02-26 16:41:18 : INFO] - Cache for author page URL: https://partumdesign.com.mx/author/maricruz-partum/ associated with post_type: page and Title: "Landing Page" has been purged, triggered by action: save_post 
[2026-02-26 16:41:19 : INFO] - Cache for URL: https://partumdesign.com.mx/landing-page/ has been purged, triggered by action: save_post 
[2026-02-26 16:41:19 : INFO] - Cache for author page URL: https://partumdesign.com.mx/author/maricruz-partum/ associated with post_type: page and Title: "Landing Page" has been purged, triggered by action: save_post 
[2026-02-26 16:41:19 : INFO] - Cache for URL: https://partumdesign.com.mx/landing-page/ has been purged, triggered by action: save_post 
[2026-02-26 16:41:19 : INFO] - Cache for author page URL: https://partumdesign.com.mx/author/maricruz-partum/ associated with post_type: page and Title: "Landing Page" has been purged, triggered by action: save_post 
[2026-02-26 16:50:15 : INFO] - Cache for URL: https://partumdesign.com.mx/landing-page/ has been purged, triggered by action: save_post 
[2026-02-26 16:50:15 : INFO] - Cache for author page URL: https://partumdesign.com.mx/author/maricruz-partum/ associated with post_type: page and Title: "Landing Page" has been purged, triggered by action: save_post 
[2026-02-26 16:50:15 : INFO] - Cache for URL: https://partumdesign.com.mx/landing-page/ has been purged, triggered by action: save_post 
[2026-02-26 16:50:15 : INFO] - Cache for author page URL: https://partumdesign.com.mx/author/maricruz-partum/ associated with post_type: page and Title: "Landing Page" has been purged, triggered by action: save_post 
[2026-02-26 16:50:15 : INFO] - Cache for URL: https://partumdesign.com.mx/landing-page/ has been purged, triggered by action: save_post 
[2026-02-26 16:50:15 : INFO] - Cache for author page URL: https://partumdesign.com.mx/author/maricruz-partum/ associated with post_type: page and Title: "Landing Page" has been purged, triggered by action: save_post 
[2026-02-26 21:40:40 : INFO] - Cache for URL: https://partumdesign.com.mx/redes-sociales-haften/ has been purged, triggered by action: save_post 
[2026-02-26 21:40:40 : INFO] - Cache for author page URL: https://partumdesign.com.mx/author/maricruz-partum/ associated with post_type: page and Title: "Redes Sociales Haften" has been purged, triggered by action: save_post 
[2026-02-26 21:40:41 : INFO] - Cache for URL: https://partumdesign.com.mx/redes-sociales-haften/ has been purged, triggered by action: save_post 
[2026-02-26 21:40:41 : INFO] - Cache for author page URL: https://partumdesign.com.mx/author/maricruz-partum/ associated with post_type: page and Title: "Redes Sociales Haften" has been purged, triggered by action: save_post 
[2026-02-26 22:14:53 : INFO] - Cache for URL: https://partumdesign.com.mx/redes-sociales-haften/ has been purged, triggered by action: save_post 
[2026-02-26 22:14:53 : INFO] - Cache for author page URL: https://partumdesign.com.mx/author/maricruz-partum/ associated with post_type: page and Title: "Redes Sociales Haften" has been purged, triggered by action: save_post 
[2026-02-26 22:14:53 : INFO] - Cache for URL: https://partumdesign.com.mx/redes-sociales-haften/ has been purged, triggered by action: save_post 
[2026-02-26 22:14:53 : INFO] - Cache for author page URL: https://partumdesign.com.mx/author/maricruz-partum/ associated with post_type: page and Title: "Redes Sociales Haften" has been purged, triggered by action: save_post 
[2026-02-26 22:14:53 : INFO] - Cache for URL: https://partumdesign.com.mx/redes-sociales-haften/ has been purged, triggered by action: save_post 
[2026-02-26 22:14:53 : INFO] - Cache for author page URL: https://partumdesign.com.mx/author/maricruz-partum/ associated with post_type: page and Title: "Redes Sociales Haften" has been purged, triggered by action: save_post 
[2026-02-26 22:17:34 : INFO] - Cache for URL: https://partumdesign.com.mx/redes-sociales-haften/ has been purged, triggered by action: save_post 
[2026-02-26 22:17:34 : INFO] - Cache for author page URL: https://partumdesign.com.mx/author/maricruz-partum/ associated with post_type: page and Title: "Redes Sociales Haften" has been purged, triggered by action: save_post 
[2026-02-26 22:17:34 : INFO] - Cache for URL: https://partumdesign.com.mx/redes-sociales-haften/ has been purged, triggered by action: save_post 
[2026-02-26 22:17:34 : INFO] - Cache for author page URL: https://partumdesign.com.mx/author/maricruz-partum/ associated with post_type: page and Title: "Redes Sociales Haften" has been purged, triggered by action: save_post 
[2026-02-26 22:17:34 : INFO] - Cache for URL: https://partumdesign.com.mx/redes-sociales-haften/ has been purged, triggered by action: save_post 
[2026-02-26 22:17:34 : INFO] - Cache for author page URL: https://partumdesign.com.mx/author/maricruz-partum/ associated with post_type: page and Title: "Redes Sociales Haften" has been purged, triggered by action: save_post 
[2026-02-26 22:37:53 : INFO] - Cache for URL: https://partumdesign.com.mx/redes-sociales-haften/ has been purged, triggered by action: save_post 
[2026-02-26 22:37:53 : INFO] - Cache for author page URL: https://partumdesign.com.mx/author/maricruz-partum/ associated with post_type: page and Title: "Redes Sociales Haften" has been purged, triggered by action: save_post 
[2026-02-26 22:37:53 : INFO] - Cache for URL: https://partumdesign.com.mx/redes-sociales-haften/ has been purged, triggered by action: save_post 
[2026-02-26 22:37:53 : INFO] - Cache for author page URL: https://partumdesign.com.mx/author/maricruz-partum/ associated with post_type: page and Title: "Redes Sociales Haften" has been purged, triggered by action: save_post 
[2026-02-26 22:37:53 : INFO] - Cache for URL: https://partumdesign.com.mx/redes-sociales-haften/ has been purged, triggered by action: save_post 
[2026-02-26 22:37:53 : INFO] - Cache for author page URL: https://partumdesign.com.mx/author/maricruz-partum/ associated with post_type: page and Title: "Redes Sociales Haften" has been purged, triggered by action: save_post 
[2026-02-26 22:39:00 : INFO] - Cache for URL: https://partumdesign.com.mx/redes-sociales-haften/ has been purged, triggered by action: save_post 
[2026-02-26 22:39:00 : INFO] - Cache for author page URL: https://partumdesign.com.mx/author/maricruz-partum/ associated with post_type: page and Title: "Redes Sociales Haften" has been purged, triggered by action: save_post 
[2026-02-26 22:39:00 : INFO] - Cache for URL: https://partumdesign.com.mx/redes-sociales-haften/ has been purged, triggered by action: save_post 
[2026-02-26 22:39:00 : INFO] - Cache for author page URL: https://partumdesign.com.mx/author/maricruz-partum/ associated with post_type: page and Title: "Redes Sociales Haften" has been purged, triggered by action: save_post 
[2026-02-26 22:39:00 : INFO] - Cache for URL: https://partumdesign.com.mx/redes-sociales-haften/ has been purged, triggered by action: save_post 
[2026-02-26 22:39:00 : INFO] - Cache for author page URL: https://partumdesign.com.mx/author/maricruz-partum/ associated with post_type: page and Title: "Redes Sociales Haften" has been purged, triggered by action: save_post 
[2026-02-26 22:40:32 : INFO] - Cache for URL: https://partumdesign.com.mx/redes-sociales-haften/ has been purged, triggered by action: save_post 
[2026-02-26 22:40:32 : INFO] - Cache for author page URL: https://partumdesign.com.mx/author/maricruz-partum/ associated with post_type: page and Title: "Redes Sociales Haften" has been purged, triggered by action: save_post 
[2026-02-26 22:40:32 : INFO] - Cache for URL: https://partumdesign.com.mx/redes-sociales-haften/ has been purged, triggered by action: save_post 
[2026-02-26 22:40:32 : INFO] - Cache for author page URL: https://partumdesign.com.mx/author/maricruz-partum/ associated with post_type: page and Title: "Redes Sociales Haften" has been purged, triggered by action: save_post 
[2026-02-26 22:40:32 : INFO] - Cache for URL: https://partumdesign.com.mx/redes-sociales-haften/ has been purged, triggered by action: save_post 
[2026-02-26 22:40:32 : INFO] - Cache for author page URL: https://partumdesign.com.mx/author/maricruz-partum/ associated with post_type: page and Title: "Redes Sociales Haften" has been purged, triggered by action: save_post 
[2026-02-26 22:41:34 : INFO] - Cache for URL: https://partumdesign.com.mx/nosotros-2/ has been purged, triggered by action: save_post 
[2026-02-26 22:41:34 : INFO] - Cache for author page URL: https://partumdesign.com.mx/author/maricruz-partum/ associated with post_type: page and Title: "Nosotros" has been purged, triggered by action: save_post 
[2026-02-26 22:41:35 : INFO] - Cache for URL: https://partumdesign.com.mx/nosotros-2/ has been purged, triggered by action: save_post 
[2026-02-26 22:41:35 : INFO] - Cache for author page URL: https://partumdesign.com.mx/author/maricruz-partum/ associated with post_type: page and Title: "Nosotros" has been purged, triggered by action: save_post 
[2026-02-26 22:41:48 : INFO] - Cache for URL: https://partumdesign.com.mx/nosotros-2/ has been purged, triggered by action: save_post 
[2026-02-26 22:41:48 : INFO] - Cache for author page URL: https://partumdesign.com.mx/author/maricruz-partum/ associated with post_type: page and Title: "Nosotros" has been purged, triggered by action: save_post 
[2026-02-26 22:42:58 : INFO] - Cache for URL: https://partumdesign.com.mx/redes-sociales-haften/ has been purged, triggered by action: save_post 
[2026-02-26 22:42:58 : INFO] - Cache for author page URL: https://partumdesign.com.mx/author/maricruz-partum/ associated with post_type: page and Title: "Redes Sociales Haften" has been purged, triggered by action: save_post 
[2026-02-26 22:42:59 : INFO] - Cache for URL: https://partumdesign.com.mx/redes-sociales-haften/ has been purged, triggered by action: save_post 
[2026-02-26 22:42:59 : INFO] - Cache for author page URL: https://partumdesign.com.mx/author/maricruz-partum/ associated with post_type: page and Title: "Redes Sociales Haften" has been purged, triggered by action: save_post 
[2026-02-26 22:42:59 : INFO] - Cache for URL: https://partumdesign.com.mx/redes-sociales-haften/ has been purged, triggered by action: save_post 
[2026-02-26 22:42:59 : INFO] - Cache for author page URL: https://partumdesign.com.mx/author/maricruz-partum/ associated with post_type: page and Title: "Redes Sociales Haften" has been purged, triggered by action: save_post 
[2026-02-26 22:45:17 : INFO] - Cache for URL: https://partumdesign.com.mx/redes-sociales-haften/ has been purged, triggered by action: save_post 
[2026-02-26 22:45:17 : INFO] - Cache for author page URL: https://partumdesign.com.mx/author/maricruz-partum/ associated with post_type: page and Title: "Redes Sociales Haften" has been purged, triggered by action: save_post 
[2026-02-26 22:45:17 : INFO] - Cache for URL: https://partumdesign.com.mx/redes-sociales-haften/ has been purged, triggered by action: save_post 
[2026-02-26 22:45:17 : INFO] - Cache for author page URL: https://partumdesign.com.mx/author/maricruz-partum/ associated with post_type: page and Title: "Redes Sociales Haften" has been purged, triggered by action: save_post 
[2026-02-26 22:45:17 : INFO] - Cache for URL: https://partumdesign.com.mx/redes-sociales-haften/ has been purged, triggered by action: save_post 
[2026-02-26 22:45:17 : INFO] - Cache for author page URL: https://partumdesign.com.mx/author/maricruz-partum/ associated with post_type: page and Title: "Redes Sociales Haften" has been purged, triggered by action: save_post 
[2026-02-26 22:47:16 : INFO] - Cache for URL: https://partumdesign.com.mx/redes-sociales-haften/ has been purged, triggered by action: save_post 
[2026-02-26 22:47:16 : INFO] - Cache for author page URL: https://partumdesign.com.mx/author/maricruz-partum/ associated with post_type: page and Title: "Redes Sociales Haften" has been purged, triggered by action: save_post 
[2026-02-26 22:47:16 : INFO] - Cache for URL: https://partumdesign.com.mx/redes-sociales-haften/ has been purged, triggered by action: save_post 
[2026-02-26 22:47:16 : INFO] - Cache for author page URL: https://partumdesign.com.mx/author/maricruz-partum/ associated with post_type: page and Title: "Redes Sociales Haften" has been purged, triggered by action: save_post 
[2026-02-26 22:47:17 : INFO] - Cache for URL: https://partumdesign.com.mx/redes-sociales-haften/ has been purged, triggered by action: save_post 
[2026-02-26 22:47:17 : INFO] - Cache for author page URL: https://partumdesign.com.mx/author/maricruz-partum/ associated with post_type: page and Title: "Redes Sociales Haften" has been purged, triggered by action: save_post 
[2026-02-26 22:50:42 : INFO] - Cache for URL: https://partumdesign.com.mx/redes-sociales-haften/ has been purged, triggered by action: save_post 
[2026-02-26 22:50:42 : INFO] - Cache for author page URL: https://partumdesign.com.mx/author/maricruz-partum/ associated with post_type: page and Title: "Redes Sociales Haften" has been purged, triggered by action: save_post 
[2026-02-26 22:50:42 : INFO] - Cache for URL: https://partumdesign.com.mx/redes-sociales-haften/ has been purged, triggered by action: save_post 
[2026-02-26 22:50:42 : INFO] - Cache for author page URL: https://partumdesign.com.mx/author/maricruz-partum/ associated with post_type: page and Title: "Redes Sociales Haften" has been purged, triggered by action: save_post 
[2026-02-26 22:50:42 : INFO] - Cache for URL: https://partumdesign.com.mx/redes-sociales-haften/ has been purged, triggered by action: save_post 
[2026-02-26 22:50:42 : INFO] - Cache for author page URL: https://partumdesign.com.mx/author/maricruz-partum/ associated with post_type: page and Title: "Redes Sociales Haften" has been purged, triggered by action: save_post 
[2026-02-26 22:56:57 : INFO] - Cache for URL: https://partumdesign.com.mx/redes-sociales-haften/ has been purged, triggered by action: save_post 
[2026-02-26 22:56:57 : INFO] - Cache for author page URL: https://partumdesign.com.mx/author/maricruz-partum/ associated with post_type: page and Title: "Redes Sociales Haften" has been purged, triggered by action: save_post 
[2026-02-26 22:56:57 : INFO] - Cache for URL: https://partumdesign.com.mx/redes-sociales-haften/ has been purged, triggered by action: save_post 
[2026-02-26 22:56:57 : INFO] - Cache for author page URL: https://partumdesign.com.mx/author/maricruz-partum/ associated with post_type: page and Title: "Redes Sociales Haften" has been purged, triggered by action: save_post 
[2026-02-26 22:56:58 : INFO] - Cache for URL: https://partumdesign.com.mx/redes-sociales-haften/ has been purged, triggered by action: save_post 
[2026-02-26 22:56:58 : INFO] - Cache for author page URL: https://partumdesign.com.mx/author/maricruz-partum/ associated with post_type: page and Title: "Redes Sociales Haften" has been purged, triggered by action: save_post 
[2026-02-26 23:25:56 : INFO] - Cache for URL: https://partumdesign.com.mx/nosotros-2/ has been purged, triggered by action: wp_trash_post 
[2026-02-26 23:26:41 : INFO] - Cache for URL: https://partumdesign.com.mx/nosotros-haften/ has been purged, triggered by action: save_post 
[2026-02-26 23:26:41 : INFO] - Cache for author page URL: https://partumdesign.com.mx/author/maricruz-partum/ associated with post_type: page and Title: "Nosotros Haften" has been purged, triggered by action: save_post 
[2026-02-26 23:26:42 : INFO] - Cache for URL: https://partumdesign.com.mx/nosotros-haften/ has been purged, triggered by action: save_post 
[2026-02-26 23:26:42 : INFO] - Cache for author page URL: https://partumdesign.com.mx/author/maricruz-partum/ associated with post_type: page and Title: "Nosotros Haften" has been purged, triggered by action: save_post 
[2026-02-26 23:47:01 : INFO] - Cache for URL: https://partumdesign.com.mx/nosotros-haften/ has been purged, triggered by action: save_post 
[2026-02-26 23:47:01 : INFO] - Cache for author page URL: https://partumdesign.com.mx/author/maricruz-partum/ associated with post_type: page and Title: "Nosotros Haften" has been purged, triggered by action: save_post 
[2026-02-26 23:47:01 : INFO] - Cache for URL: https://partumdesign.com.mx/nosotros-haften/ has been purged, triggered by action: save_post 
[2026-02-26 23:47:01 : INFO] - Cache for author page URL: https://partumdesign.com.mx/author/maricruz-partum/ associated with post_type: page and Title: "Nosotros Haften" has been purged, triggered by action: save_post 
[2026-02-26 23:47:02 : INFO] - Cache for URL: https://partumdesign.com.mx/nosotros-haften/ has been purged, triggered by action: save_post 
[2026-02-26 23:47:02 : INFO] - Cache for author page URL: https://partumdesign.com.mx/author/maricruz-partum/ associated with post_type: page and Title: "Nosotros Haften" has been purged, triggered by action: save_post 
[2026-02-27 00:04:51 : INFO] - Cache for URL: https://partumdesign.com.mx/nosotros-haften/ has been purged, triggered by action: save_post 
[2026-02-27 00:04:51 : INFO] - Cache for author page URL: https://partumdesign.com.mx/author/maricruz-partum/ associated with post_type: page and Title: "Nosotros Haften" has been purged, triggered by action: save_post 
[2026-02-27 00:04:51 : INFO] - Cache for URL: https://partumdesign.com.mx/nosotros-haften/ has been purged, triggered by action: save_post 
[2026-02-27 00:04:51 : INFO] - Cache for author page URL: https://partumdesign.com.mx/author/maricruz-partum/ associated with post_type: page and Title: "Nosotros Haften" has been purged, triggered by action: save_post 
[2026-02-27 00:04:51 : INFO] - Cache for URL: https://partumdesign.com.mx/nosotros-haften/ has been purged, triggered by action: save_post 
[2026-02-27 00:04:51 : INFO] - Cache for author page URL: https://partumdesign.com.mx/author/maricruz-partum/ associated with post_type: page and Title: "Nosotros Haften" has been purged, triggered by action: save_post 
[2026-02-27 00:30:12 : INFO] - Cache for URL: https://partumdesign.com.mx/nosotros-haften/ has been purged, triggered by action: save_post 
[2026-02-27 00:30:12 : INFO] - Cache for author page URL: https://partumdesign.com.mx/author/maricruz-partum/ associated with post_type: page and Title: "Nosotros Haften" has been purged, triggered by action: save_post 
[2026-02-27 00:30:12 : INFO] - Cache for URL: https://partumdesign.com.mx/nosotros-haften/ has been purged, triggered by action: save_post 
[2026-02-27 00:30:12 : INFO] - Cache for author page URL: https://partumdesign.com.mx/author/maricruz-partum/ associated with post_type: page and Title: "Nosotros Haften" has been purged, triggered by action: save_post 
[2026-02-27 00:30:12 : INFO] - Cache for URL: https://partumdesign.com.mx/nosotros-haften/ has been purged, triggered by action: save_post 
[2026-02-27 00:30:12 : INFO] - Cache for author page URL: https://partumdesign.com.mx/author/maricruz-partum/ associated with post_type: page and Title: "Nosotros Haften" has been purged, triggered by action: save_post 
[2026-02-27 02:50:13 : INFO] - Full Cache Purge triggered by: plugin activation/deactivation 
[2026-02-27 02:54:22 : INFO] - Full Cache Purge triggered by: plugin activation/deactivation 
[2026-02-27 02:55:15 : INFO] - Full Cache Purge triggered by: plugin activation/deactivation 
[2026-02-27 02:57:00 : INFO] - Cache for URL: https://partumdesign.com.mx/pruebaa-psicometrica/ has been purged, triggered by action: save_post 
[2026-02-27 02:57:00 : INFO] - Cache for author page URL: https://partumdesign.com.mx/author/maricruz-partum/ associated with post_type: page and Title: "pruebaa psicometrica" has been purged, triggered by action: save_post 
[2026-02-27 02:57:02 : INFO] - Cache for URL: https://partumdesign.com.mx/pruebaa-psicometrica/ has been purged, triggered by action: save_post 
[2026-02-27 02:57:02 : INFO] - Cache for author page URL: https://partumdesign.com.mx/author/maricruz-partum/ associated with post_type: page and Title: "pruebaa psicometrica" has been purged, triggered by action: save_post 
[2026-02-27 02:57:28 : INFO] - Cache for URL: https://partumdesign.com.mx/pruebaa-psicometrica/ has been purged, triggered by action: save_post 
[2026-02-27 02:57:28 : INFO] - Cache for author page URL: https://partumdesign.com.mx/author/maricruz-partum/ associated with post_type: page and Title: "pruebaa psicometrica" has been purged, triggered by action: save_post 
[2026-02-27 02:57:28 : INFO] - Cache for URL: https://partumdesign.com.mx/pruebaa-psicometrica/ has been purged, triggered by action: save_post 
[2026-02-27 02:57:28 : INFO] - Cache for author page URL: https://partumdesign.com.mx/author/maricruz-partum/ associated with post_type: page and Title: "pruebaa psicometrica" has been purged, triggered by action: save_post 
[2026-02-27 02:57:28 : INFO] - Cache for URL: https://partumdesign.com.mx/pruebaa-psicometrica/ has been purged, triggered by action: save_post 
[2026-02-27 02:57:28 : INFO] - Cache for author page URL: https://partumdesign.com.mx/author/maricruz-partum/ associated with post_type: page and Title: "pruebaa psicometrica" has been purged, triggered by action: save_post 
[2026-02-27 02:58:30 : INFO] - Cache for URL: https://partumdesign.com.mx/pruebaa-psicometrica/ has been purged, triggered by action: save_post 
[2026-02-27 02:58:30 : INFO] - Cache for author page URL: https://partumdesign.com.mx/author/maricruz-partum/ associated with post_type: page and Title: "pruebaa psicometrica" has been purged, triggered by action: save_post 
[2026-02-27 02:58:30 : INFO] - Cache for URL: https://partumdesign.com.mx/pruebaa-psicometrica/ has been purged, triggered by action: save_post 
[2026-02-27 02:58:30 : INFO] - Cache for author page URL: https://partumdesign.com.mx/author/maricruz-partum/ associated with post_type: page and Title: "pruebaa psicometrica" has been purged, triggered by action: save_post 
[2026-02-27 02:58:30 : INFO] - Cache for URL: https://partumdesign.com.mx/pruebaa-psicometrica/ has been purged, triggered by action: save_post 
[2026-02-27 02:58:30 : INFO] - Cache for author page URL: https://partumdesign.com.mx/author/maricruz-partum/ associated with post_type: page and Title: "pruebaa psicometrica" has been purged, triggered by action: save_post 
[2026-02-27 03:01:52 : INFO] - Full Cache Purge triggered by: plugin activation/deactivation 
[2026-02-27 03:03:52 : INFO] - Full Cache Purge triggered by: plugin activation/deactivation 
[2026-02-27 03:04:41 : INFO] - Cache for URL: https://partumdesign.com.mx/pruebaa-psicometrica/ has been purged, triggered by action: save_post 
[2026-02-27 03:04:41 : INFO] - Cache for author page URL: https://partumdesign.com.mx/author/maricruz-partum/ associated with post_type: page and Title: "pruebaa psicometrica" has been purged, triggered by action: save_post 
[2026-02-27 03:04:41 : INFO] - Cache for URL: https://partumdesign.com.mx/pruebaa-psicometrica/ has been purged, triggered by action: save_post 
[2026-02-27 03:04:41 : INFO] - Cache for author page URL: https://partumdesign.com.mx/author/maricruz-partum/ associated with post_type: page and Title: "pruebaa psicometrica" has been purged, triggered by action: save_post 
[2026-02-27 03:04:41 : INFO] - Cache for URL: https://partumdesign.com.mx/pruebaa-psicometrica/ has been purged, triggered by action: save_post 
[2026-02-27 03:04:41 : INFO] - Cache for author page URL: https://partumdesign.com.mx/author/maricruz-partum/ associated with post_type: page and Title: "pruebaa psicometrica" has been purged, triggered by action: save_post 
[2026-02-27 03:07:23 : INFO] - Full Cache Purge triggered by: plugin activation/deactivation 
[2026-02-27 03:08:21 : INFO] - Full Cache Purge triggered by: plugin activation/deactivation 
[2026-02-27 03:10:52 : INFO] - Full Cache Purge triggered by: plugin activation/deactivation 
[2026-02-27 03:11:55 : INFO] - Full Cache Purge triggered by: plugin activation/deactivation 
[2026-02-27 03:17:04 : INFO] - Full Cache Purge triggered by: plugin activation/deactivation 
[2026-02-27 03:18:16 : INFO] - Full Cache Purge triggered by: plugin activation/deactivation 
[2026-02-27 03:19:16 : INFO] - Cache for URL: https://partumdesign.com.mx/pruebaa-psicometrica/ has been purged, triggered by action: save_post 
[2026-02-27 03:19:16 : INFO] - Cache for author page URL: https://partumdesign.com.mx/author/maricruz-partum/ associated with post_type: page and Title: "pruebaa psicometrica" has been purged, triggered by action: save_post 
[2026-02-27 03:19:16 : INFO] - Cache for URL: https://partumdesign.com.mx/pruebaa-psicometrica/ has been purged, triggered by action: save_post 
[2026-02-27 03:19:16 : INFO] - Cache for author page URL: https://partumdesign.com.mx/author/maricruz-partum/ associated with post_type: page and Title: "pruebaa psicometrica" has been purged, triggered by action: save_post 
[2026-02-27 03:19:16 : INFO] - Cache for URL: https://partumdesign.com.mx/pruebaa-psicometrica/ has been purged, triggered by action: save_post 
[2026-02-27 03:19:16 : INFO] - Cache for author page URL: https://partumdesign.com.mx/author/maricruz-partum/ associated with post_type: page and Title: "pruebaa psicometrica" has been purged, triggered by action: save_post 
[2026-02-27 14:46:53 : INFO] - Full Cache Purge triggered by: plugin activation/deactivation 
[2026-02-27 14:47:56 : INFO] - Full Cache Purge triggered by: plugin activation/deactivation 
[2026-02-27 14:49:02 : INFO] - Cache for URL: https://partumdesign.com.mx/pruebaa-psicometrica/ has been purged, triggered by action: save_post 
[2026-02-27 14:49:02 : INFO] - Cache for author page URL: https://partumdesign.com.mx/author/maricruz-partum/ associated with post_type: page and Title: "pruebaa psicometrica" has been purged, triggered by action: save_post 
[2026-02-27 14:49:02 : INFO] - Cache for URL: https://partumdesign.com.mx/pruebaa-psicometrica/ has been purged, triggered by action: save_post 
[2026-02-27 14:49:02 : INFO] - Cache for author page URL: https://partumdesign.com.mx/author/maricruz-partum/ associated with post_type: page and Title: "pruebaa psicometrica" has been purged, triggered by action: save_post 
[2026-02-27 14:49:03 : INFO] - Cache for URL: https://partumdesign.com.mx/pruebaa-psicometrica/ has been purged, triggered by action: save_post 
[2026-02-27 14:49:03 : INFO] - Cache for author page URL: https://partumdesign.com.mx/author/maricruz-partum/ associated with post_type: page and Title: "pruebaa psicometrica" has been purged, triggered by action: save_post 
[2026-02-27 14:49:40 : INFO] - Cache for URL: https://partumdesign.com.mx/pruebaa-psicometrica/ has been purged, triggered by action: save_post 
[2026-02-27 14:49:40 : INFO] - Cache for author page URL: https://partumdesign.com.mx/author/maricruz-partum/ associated with post_type: page and Title: "pruebaa psicometrica" has been purged, triggered by action: save_post 
[2026-02-27 14:49:40 : INFO] - Cache for URL: https://partumdesign.com.mx/pruebaa-psicometrica/ has been purged, triggered by action: save_post 
[2026-02-27 14:49:40 : INFO] - Cache for author page URL: https://partumdesign.com.mx/author/maricruz-partum/ associated with post_type: page and Title: "pruebaa psicometrica" has been purged, triggered by action: save_post 
[2026-02-27 14:49:40 : INFO] - Cache for URL: https://partumdesign.com.mx/pruebaa-psicometrica/ has been purged, triggered by action: save_post 
[2026-02-27 14:49:40 : INFO] - Cache for author page URL: https://partumdesign.com.mx/author/maricruz-partum/ associated with post_type: page and Title: "pruebaa psicometrica" has been purged, triggered by action: save_post 
[2026-02-27 14:58:48 : INFO] - Full Cache Purge triggered by: plugin activation/deactivation 
[2026-02-27 14:59:48 : INFO] - Full Cache Purge triggered by: plugin activation/deactivation 
[2026-02-27 15:00:13 : INFO] - Cache for URL: https://partumdesign.com.mx/pruebaa-psicometrica/ has been purged, triggered by action: save_post 
[2026-02-27 15:00:13 : INFO] - Cache for author page URL: https://partumdesign.com.mx/author/maricruz-partum/ associated with post_type: page and Title: "pruebaa psicometrica" has been purged, triggered by action: save_post 
[2026-02-27 15:00:13 : INFO] - Cache for URL: https://partumdesign.com.mx/pruebaa-psicometrica/ has been purged, triggered by action: save_post 
[2026-02-27 15:00:13 : INFO] - Cache for author page URL: https://partumdesign.com.mx/author/maricruz-partum/ associated with post_type: page and Title: "pruebaa psicometrica" has been purged, triggered by action: save_post 
[2026-02-27 15:00:13 : INFO] - Cache for URL: https://partumdesign.com.mx/pruebaa-psicometrica/ has been purged, triggered by action: save_post 
[2026-02-27 15:00:13 : INFO] - Cache for author page URL: https://partumdesign.com.mx/author/maricruz-partum/ associated with post_type: page and Title: "pruebaa psicometrica" has been purged, triggered by action: save_post 
[2026-02-27 15:01:40 : INFO] - Full Cache Purge triggered by: plugin activation/deactivation 
[2026-02-27 15:05:50 : INFO] - Full Cache Purge triggered by: plugin activation/deactivation 
[2026-02-27 15:06:14 : INFO] - Cache for URL: https://partumdesign.com.mx/pruebaa-psicometrica/ has been purged, triggered by action: save_post 
[2026-02-27 15:06:14 : INFO] - Cache for author page URL: https://partumdesign.com.mx/author/maricruz-partum/ associated with post_type: page and Title: "pruebaa psicometrica" has been purged, triggered by action: save_post 
[2026-02-27 15:06:14 : INFO] - Cache for URL: https://partumdesign.com.mx/pruebaa-psicometrica/ has been purged, triggered by action: save_post 
[2026-02-27 15:06:14 : INFO] - Cache for author page URL: https://partumdesign.com.mx/author/maricruz-partum/ associated with post_type: page and Title: "pruebaa psicometrica" has been purged, triggered by action: save_post 
[2026-02-27 15:06:14 : INFO] - Cache for URL: https://partumdesign.com.mx/pruebaa-psicometrica/ has been purged, triggered by action: save_post 
[2026-02-27 15:06:14 : INFO] - Cache for author page URL: https://partumdesign.com.mx/author/maricruz-partum/ associated with post_type: page and Title: "pruebaa psicometrica" has been purged, triggered by action: save_post 
[2026-02-27 15:21:25 : INFO] - Full Cache Purge triggered by: plugin activation/deactivation 
[2026-02-27 15:22:00 : INFO] - Full Cache Purge triggered by: plugin activation/deactivation 
[2026-02-27 15:22:54 : INFO] - Cache for URL: https://partumdesign.com.mx/pruebaa-psicometrica/ has been purged, triggered by action: save_post 
[2026-02-27 15:22:54 : INFO] - Cache for author page URL: https://partumdesign.com.mx/author/maricruz-partum/ associated with post_type: page and Title: "pruebaa psicometrica" has been purged, triggered by action: save_post 
[2026-02-27 15:22:54 : INFO] - Cache for URL: https://partumdesign.com.mx/pruebaa-psicometrica/ has been purged, triggered by action: save_post 
[2026-02-27 15:22:54 : INFO] - Cache for author page URL: https://partumdesign.com.mx/author/maricruz-partum/ associated with post_type: page and Title: "pruebaa psicometrica" has been purged, triggered by action: save_post 
[2026-02-27 15:22:54 : INFO] - Cache for URL: https://partumdesign.com.mx/pruebaa-psicometrica/ has been purged, triggered by action: save_post 
[2026-02-27 15:22:54 : INFO] - Cache for author page URL: https://partumdesign.com.mx/author/maricruz-partum/ associated with post_type: page and Title: "pruebaa psicometrica" has been purged, triggered by action: save_post 
[2026-02-27 15:27:45 : INFO] - Full Cache Purge triggered by: plugin activation/deactivation 
[2026-02-27 15:29:48 : INFO] - Full Cache Purge triggered by: plugin activation/deactivation 
[2026-02-27 15:30:13 : INFO] - Cache for URL: https://partumdesign.com.mx/pruebaa-psicometrica/ has been purged, triggered by action: save_post 
[2026-02-27 15:30:13 : INFO] - Cache for author page URL: https://partumdesign.com.mx/author/maricruz-partum/ associated with post_type: page and Title: "pruebaa psicometrica" has been purged, triggered by action: save_post 
[2026-02-27 15:30:13 : INFO] - Cache for URL: https://partumdesign.com.mx/pruebaa-psicometrica/ has been purged, triggered by action: save_post 
[2026-02-27 15:30:13 : INFO] - Cache for author page URL: https://partumdesign.com.mx/author/maricruz-partum/ associated with post_type: page and Title: "pruebaa psicometrica" has been purged, triggered by action: save_post 
[2026-02-27 15:30:13 : INFO] - Cache for URL: https://partumdesign.com.mx/pruebaa-psicometrica/ has been purged, triggered by action: save_post 
[2026-02-27 15:30:13 : INFO] - Cache for author page URL: https://partumdesign.com.mx/author/maricruz-partum/ associated with post_type: page and Title: "pruebaa psicometrica" has been purged, triggered by action: save_post 
[2026-02-27 15:36:19 : INFO] - Full Cache Purge triggered by: plugin activation/deactivation 
[2026-02-27 15:36:50 : INFO] - Full Cache Purge triggered by: plugin activation/deactivation 
[2026-02-27 15:37:06 : INFO] - Cache for URL: https://partumdesign.com.mx/pruebaa-psicometrica/ has been purged, triggered by action: save_post 
[2026-02-27 15:37:06 : INFO] - Cache for author page URL: https://partumdesign.com.mx/author/maricruz-partum/ associated with post_type: page and Title: "pruebaa psicometrica" has been purged, triggered by action: save_post 
[2026-02-27 15:37:06 : INFO] - Cache for URL: https://partumdesign.com.mx/pruebaa-psicometrica/ has been purged, triggered by action: save_post 
[2026-02-27 15:37:06 : INFO] - Cache for author page URL: https://partumdesign.com.mx/author/maricruz-partum/ associated with post_type: page and Title: "pruebaa psicometrica" has been purged, triggered by action: save_post 
[2026-02-27 15:37:06 : INFO] - Cache for URL: https://partumdesign.com.mx/pruebaa-psicometrica/ has been purged, triggered by action: save_post 
[2026-02-27 15:37:06 : INFO] - Cache for author page URL: https://partumdesign.com.mx/author/maricruz-partum/ associated with post_type: page and Title: "pruebaa psicometrica" has been purged, triggered by action: save_post 
[2026-02-27 18:48:39 : INFO] - Full Cache Purge triggered by: plugin activation/deactivation 
[2026-02-27 18:48:44 : INFO] - Full Cache Purge triggered by: plugin activation/deactivation 
[2026-02-27 18:48:53 : INFO] - Full Cache Purge triggered by: plugin activation/deactivation 
[2026-02-27 18:49:27 : INFO] - Full Cache Purge triggered by: plugin activation/deactivation 
[2026-02-27 18:54:18 : INFO] - Full Cache Purge triggered by: plugin activation/deactivation 
[2026-02-27 18:55:25 : INFO] - Full Cache Purge triggered by: plugin activation/deactivation 
[2026-02-27 18:57:23 : INFO] - Cache for URL: https://partumdesign.com.mx/pruebaa-psicometrica/ has been purged, triggered by action: save_post 
[2026-02-27 18:57:23 : INFO] - Cache for author page URL: https://partumdesign.com.mx/author/maricruz-partum/ associated with post_type: page and Title: "pruebaa psicometrica" has been purged, triggered by action: save_post 
[2026-02-27 18:57:23 : INFO] - Cache for URL: https://partumdesign.com.mx/pruebaa-psicometrica/ has been purged, triggered by action: save_post 
[2026-02-27 18:57:23 : INFO] - Cache for author page URL: https://partumdesign.com.mx/author/maricruz-partum/ associated with post_type: page and Title: "pruebaa psicometrica" has been purged, triggered by action: save_post 
[2026-02-27 18:57:23 : INFO] - Cache for URL: https://partumdesign.com.mx/pruebaa-psicometrica/ has been purged, triggered by action: save_post 
[2026-02-27 18:57:23 : INFO] - Cache for author page URL: https://partumdesign.com.mx/author/maricruz-partum/ associated with post_type: page and Title: "pruebaa psicometrica" has been purged, triggered by action: save_post 
[2026-02-27 20:02:06 : INFO] - Cache for URL: https://partumdesign.com.mx/pruebaa-psicometrica/ has been purged, triggered by action: save_post 
[2026-02-27 20:02:06 : INFO] - Cache for author page URL: https://partumdesign.com.mx/author/maricruz-partum/ associated with post_type: page and Title: "pruebaa psicometrica" has been purged, triggered by action: save_post 
[2026-02-27 20:02:06 : INFO] - Cache for URL: https://partumdesign.com.mx/pruebaa-psicometrica/ has been purged, triggered by action: save_post 
[2026-02-27 20:02:06 : INFO] - Cache for author page URL: https://partumdesign.com.mx/author/maricruz-partum/ associated with post_type: page and Title: "pruebaa psicometrica" has been purged, triggered by action: save_post 
[2026-02-27 20:02:06 : INFO] - Cache for URL: https://partumdesign.com.mx/pruebaa-psicometrica/ has been purged, triggered by action: save_post 
[2026-02-27 20:02:06 : INFO] - Cache for author page URL: https://partumdesign.com.mx/author/maricruz-partum/ associated with post_type: page and Title: "pruebaa psicometrica" has been purged, triggered by action: save_post 
[2026-02-27 23:52:23 : INFO] - Cache for URL: https://partumdesign.com.mx/nosotros/ has been purged, triggered by action: save_post 
[2026-02-27 23:52:23 : INFO] - Cache for author page URL: https://partumdesign.com.mx/author/maricruz-partum/ associated with post_type: page and Title: "Nosotros" has been purged, triggered by action: save_post 
[2026-02-27 23:52:23 : INFO] - Cache for URL: https://partumdesign.com.mx/nosotros/ has been purged, triggered by action: save_post 
[2026-02-27 23:52:23 : INFO] - Cache for author page URL: https://partumdesign.com.mx/author/maricruz-partum/ associated with post_type: page and Title: "Nosotros" has been purged, triggered by action: save_post 
[2026-02-27 23:52:23 : INFO] - Cache for URL: https://partumdesign.com.mx/nosotros/ has been purged, triggered by action: save_post 
[2026-02-27 23:52:23 : INFO] - Cache for author page URL: https://partumdesign.com.mx/author/maricruz-partum/ associated with post_type: page and Title: "Nosotros" has been purged, triggered by action: save_post 
[2026-02-27 23:53:43 : INFO] - Cache for URL: https://partumdesign.com.mx/nosotros/ has been purged, triggered by action: save_post 
[2026-02-27 23:53:43 : INFO] - Cache for author page URL: https://partumdesign.com.mx/author/maricruz-partum/ associated with post_type: page and Title: "Nosotros" has been purged, triggered by action: save_post 
[2026-02-27 23:53:43 : INFO] - Cache for URL: https://partumdesign.com.mx/nosotros/ has been purged, triggered by action: save_post 
[2026-02-27 23:53:43 : INFO] - Cache for author page URL: https://partumdesign.com.mx/author/maricruz-partum/ associated with post_type: page and Title: "Nosotros" has been purged, triggered by action: save_post 
[2026-02-27 23:53:43 : INFO] - Cache for URL: https://partumdesign.com.mx/nosotros/ has been purged, triggered by action: save_post 
[2026-02-27 23:53:43 : INFO] - Cache for author page URL: https://partumdesign.com.mx/author/maricruz-partum/ associated with post_type: page and Title: "Nosotros" has been purged, triggered by action: save_post 
[2026-02-28 00:06:23 : INFO] - Cache for URL: https://partumdesign.com.mx/nosotros/ has been purged, triggered by action: save_post 
[2026-02-28 00:06:23 : INFO] - Cache for author page URL: https://partumdesign.com.mx/author/maricruz-partum/ associated with post_type: page and Title: "Nosotros" has been purged, triggered by action: save_post 
[2026-02-28 00:06:23 : INFO] - Cache for URL: https://partumdesign.com.mx/nosotros/ has been purged, triggered by action: save_post 
[2026-02-28 00:06:23 : INFO] - Cache for author page URL: https://partumdesign.com.mx/author/maricruz-partum/ associated with post_type: page and Title: "Nosotros" has been purged, triggered by action: save_post 
[2026-02-28 00:06:23 : INFO] - Cache for URL: https://partumdesign.com.mx/nosotros/ has been purged, triggered by action: save_post 
[2026-02-28 00:06:23 : INFO] - Cache for author page URL: https://partumdesign.com.mx/author/maricruz-partum/ associated with post_type: page and Title: "Nosotros" has been purged, triggered by action: save_post 
[2026-02-28 00:12:31 : INFO] - Cache for URL: https://partumdesign.com.mx/nosotros/ has been purged, triggered by action: save_post 
[2026-02-28 00:12:31 : INFO] - Cache for author page URL: https://partumdesign.com.mx/author/maricruz-partum/ associated with post_type: page and Title: "Nosotros" has been purged, triggered by action: save_post 
[2026-02-28 00:12:31 : INFO] - Cache for URL: https://partumdesign.com.mx/nosotros/ has been purged, triggered by action: save_post 
[2026-02-28 00:12:31 : INFO] - Cache for author page URL: https://partumdesign.com.mx/author/maricruz-partum/ associated with post_type: page and Title: "Nosotros" has been purged, triggered by action: save_post 
[2026-02-28 00:12:31 : INFO] - Cache for URL: https://partumdesign.com.mx/nosotros/ has been purged, triggered by action: save_post 
[2026-02-28 00:12:31 : INFO] - Cache for author page URL: https://partumdesign.com.mx/author/maricruz-partum/ associated with post_type: page and Title: "Nosotros" has been purged, triggered by action: save_post 
[2026-03-09 17:47:51 : INFO] - Cache for URL: https://partumdesign.com.mx/ has been purged, triggered by action: save_post 
[2026-03-09 17:47:51 : INFO] - Cache for author page URL: https://partumdesign.com.mx/author/maricruz-partum/ associated with post_type: page and Title: "Inicio" has been purged, triggered by action: save_post 
[2026-03-23 19:54:42 : INFO] - Cache for URL: https://partumdesign.com.mx/elementor-hf/header/ has been purged, triggered by action: save_post 
[2026-03-23 19:54:42 : INFO] - Cache for URL: https://partumdesign.com.mx/elementor-hf/header/ has been purged, triggered by action: save_post 
[2026-03-23 19:54:42 : INFO] - Cache for URL: https://partumdesign.com.mx/elementor-hf/header/ has been purged, triggered by action: save_post 
[2026-03-23 20:25:32 : INFO] - Cache for URL: https://partumdesign.com.mx/elementor-hf/header/ has been purged, triggered by action: save_post 
[2026-03-23 20:25:32 : INFO] - Cache for URL: https://partumdesign.com.mx/elementor-hf/header/ has been purged, triggered by action: save_post 
[2026-03-23 20:25:32 : INFO] - Cache for URL: https://partumdesign.com.mx/elementor-hf/header/ has been purged, triggered by action: save_post 
[2026-03-23 20:31:32 : INFO] - Cache for URL: https://partumdesign.com.mx/elementor-hf/header/ has been purged, triggered by action: save_post 
[2026-03-23 20:31:32 : INFO] - Cache for URL: https://partumdesign.com.mx/elementor-hf/header/ has been purged, triggered by action: save_post 
[2026-03-23 20:31:32 : INFO] - Cache for URL: https://partumdesign.com.mx/elementor-hf/header/ has been purged, triggered by action: save_post 
[2026-03-23 20:42:53 : INFO] - Cache for URL: https://partumdesign.com.mx/elementor-hf/header/ has been purged, triggered by action: save_post 
[2026-03-23 20:42:53 : INFO] - Cache for URL: https://partumdesign.com.mx/elementor-hf/header/ has been purged, triggered by action: save_post 
[2026-03-23 20:42:53 : INFO] - Cache for URL: https://partumdesign.com.mx/elementor-hf/header/ has been purged, triggered by action: save_post 
[2026-03-23 20:49:38 : INFO] - Cache for URL: https://partumdesign.com.mx/elementor-hf/header/ has been purged, triggered by action: save_post 
[2026-03-23 20:49:38 : INFO] - Cache for URL: https://partumdesign.com.mx/elementor-hf/header/ has been purged, triggered by action: save_post 
[2026-03-23 20:49:38 : INFO] - Cache for URL: https://partumdesign.com.mx/elementor-hf/header/ has been purged, triggered by action: save_post 
[2026-03-23 22:44:33 : INFO] - Cache for URL: https://partumdesign.com.mx/elementor-hf/header/ has been purged, triggered by action: save_post 
[2026-03-23 22:44:33 : INFO] - Cache for URL: https://partumdesign.com.mx/elementor-hf/header/ has been purged, triggered by action: save_post 
[2026-03-23 22:44:33 : INFO] - Cache for URL: https://partumdesign.com.mx/elementor-hf/header/ has been purged, triggered by action: save_post 
[2026-03-23 22:46:25 : INFO] - Cache for URL: https://partumdesign.com.mx/elementor-hf/header/ has been purged, triggered by action: save_post 
[2026-03-23 22:46:25 : INFO] - Cache for URL: https://partumdesign.com.mx/elementor-hf/header/ has been purged, triggered by action: save_post 
[2026-03-23 22:46:25 : INFO] - Cache for URL: https://partumdesign.com.mx/elementor-hf/header/ has been purged, triggered by action: save_post 
[2026-03-23 22:55:04 : INFO] - Cache for URL: https://partumdesign.com.mx/elementor-hf/header/ has been purged, triggered by action: save_post 
[2026-03-23 22:55:04 : INFO] - Cache for URL: https://partumdesign.com.mx/elementor-hf/header/ has been purged, triggered by action: save_post 
[2026-03-23 22:55:04 : INFO] - Cache for URL: https://partumdesign.com.mx/elementor-hf/header/ has been purged, triggered by action: save_post 
[2026-03-23 22:58:58 : INFO] - Cache for URL: https://partumdesign.com.mx/elementor-hf/header/ has been purged, triggered by action: save_post 
[2026-03-23 22:58:58 : INFO] - Cache for URL: https://partumdesign.com.mx/elementor-hf/header/ has been purged, triggered by action: save_post 
[2026-03-23 22:58:58 : INFO] - Cache for URL: https://partumdesign.com.mx/elementor-hf/header/ has been purged, triggered by action: save_post 
[2026-03-23 23:02:04 : INFO] - Cache for URL: https://partumdesign.com.mx/elementor-hf/header/ has been purged, triggered by action: save_post 
[2026-03-23 23:02:04 : INFO] - Cache for URL: https://partumdesign.com.mx/elementor-hf/header/ has been purged, triggered by action: save_post 
[2026-03-23 23:02:04 : INFO] - Cache for URL: https://partumdesign.com.mx/elementor-hf/header/ has been purged, triggered by action: save_post 
[2026-03-23 23:11:06 : INFO] - Cache for URL: https://partumdesign.com.mx/elementor-hf/header/ has been purged, triggered by action: save_post 
[2026-03-23 23:11:06 : INFO] - Cache for URL: https://partumdesign.com.mx/elementor-hf/header/ has been purged, triggered by action: save_post 
[2026-03-23 23:11:06 : INFO] - Cache for URL: https://partumdesign.com.mx/elementor-hf/header/ has been purged, triggered by action: save_post 
[2026-03-23 23:15:55 : INFO] - Cache for URL: https://partumdesign.com.mx/elementor-hf/header/ has been purged, triggered by action: save_post 
[2026-03-23 23:15:55 : INFO] - Cache for URL: https://partumdesign.com.mx/elementor-hf/header/ has been purged, triggered by action: save_post 
[2026-03-23 23:15:55 : INFO] - Cache for URL: https://partumdesign.com.mx/elementor-hf/header/ has been purged, triggered by action: save_post 
[2026-03-23 23:17:24 : INFO] - Cache for URL: https://partumdesign.com.mx/elementor-hf/header/ has been purged, triggered by action: save_post 
[2026-03-23 23:17:24 : INFO] - Cache for URL: https://partumdesign.com.mx/elementor-hf/header/ has been purged, triggered by action: save_post 
[2026-03-23 23:17:24 : INFO] - Cache for URL: https://partumdesign.com.mx/elementor-hf/header/ has been purged, triggered by action: save_post 
[2026-03-23 23:47:26 : INFO] - Cache for URL: https://partumdesign.com.mx/elementor-hf/header/ has been purged, triggered by action: save_post 
[2026-03-23 23:47:26 : INFO] - Cache for URL: https://partumdesign.com.mx/elementor-hf/header/ has been purged, triggered by action: save_post 
[2026-03-23 23:47:26 : INFO] - Cache for URL: https://partumdesign.com.mx/elementor-hf/header/ has been purged, triggered by action: save_post 
[2026-03-23 23:52:21 : INFO] - Cache for URL: https://partumdesign.com.mx/elementor-hf/header/ has been purged, triggered by action: save_post 
[2026-03-23 23:52:21 : INFO] - Cache for URL: https://partumdesign.com.mx/elementor-hf/header/ has been purged, triggered by action: save_post 
[2026-03-23 23:52:21 : INFO] - Cache for URL: https://partumdesign.com.mx/elementor-hf/header/ has been purged, triggered by action: save_post 
[2026-03-23 23:56:51 : INFO] - Cache for URL: https://partumdesign.com.mx/elementor-hf/header/ has been purged, triggered by action: save_post 
[2026-03-23 23:56:51 : INFO] - Cache for URL: https://partumdesign.com.mx/elementor-hf/header/ has been purged, triggered by action: save_post 
[2026-03-23 23:56:51 : INFO] - Cache for URL: https://partumdesign.com.mx/elementor-hf/header/ has been purged, triggered by action: save_post 
[2026-03-23 23:59:13 : INFO] - Cache for URL: https://partumdesign.com.mx/elementor-hf/header/ has been purged, triggered by action: save_post 
[2026-03-23 23:59:13 : INFO] - Cache for URL: https://partumdesign.com.mx/elementor-hf/header/ has been purged, triggered by action: save_post 
[2026-03-23 23:59:13 : INFO] - Cache for URL: https://partumdesign.com.mx/elementor-hf/header/ has been purged, triggered by action: save_post 
[2026-03-24 14:26:02 : INFO] - Cache for URL: https://partumdesign.com.mx/elementor-hf/header/ has been purged, triggered by action: save_post 
[2026-03-24 14:26:02 : INFO] - Cache for URL: https://partumdesign.com.mx/elementor-hf/header/ has been purged, triggered by action: save_post 
[2026-03-24 14:26:02 : INFO] - Cache for URL: https://partumdesign.com.mx/elementor-hf/header/ has been purged, triggered by action: save_post 
[2026-03-24 14:30:49 : INFO] - Cache for URL: https://partumdesign.com.mx/elementor-hf/header/ has been purged, triggered by action: save_post 
[2026-03-24 14:30:49 : INFO] - Cache for URL: https://partumdesign.com.mx/elementor-hf/header/ has been purged, triggered by action: save_post 
[2026-03-24 14:30:49 : INFO] - Cache for URL: https://partumdesign.com.mx/elementor-hf/header/ has been purged, triggered by action: save_post 
[2026-03-24 14:36:59 : INFO] - Cache for URL: https://partumdesign.com.mx/elementor-hf/header/ has been purged, triggered by action: save_post 
[2026-03-24 14:36:59 : INFO] - Cache for URL: https://partumdesign.com.mx/elementor-hf/header/ has been purged, triggered by action: save_post 
[2026-03-24 14:36:59 : INFO] - Cache for URL: https://partumdesign.com.mx/elementor-hf/header/ has been purged, triggered by action: save_post 
[2026-03-24 14:37:23 : INFO] - Cache for URL: https://partumdesign.com.mx/elementor-hf/header/ has been purged, triggered by action: save_post 
[2026-03-24 14:37:23 : INFO] - Cache for URL: https://partumdesign.com.mx/elementor-hf/header/ has been purged, triggered by action: save_post 
[2026-03-24 14:37:23 : INFO] - Cache for URL: https://partumdesign.com.mx/elementor-hf/header/ has been purged, triggered by action: save_post 
[2026-03-24 14:46:56 : INFO] - Cache for URL: https://partumdesign.com.mx/elementor-hf/header/ has been purged, triggered by action: save_post 
[2026-03-24 14:46:56 : INFO] - Cache for URL: https://partumdesign.com.mx/elementor-hf/header/ has been purged, triggered by action: save_post 
[2026-03-24 14:46:56 : INFO] - Cache for URL: https://partumdesign.com.mx/elementor-hf/header/ has been purged, triggered by action: save_post 
[2026-03-24 15:16:48 : INFO] - Cache for URL: https://partumdesign.com.mx/elementor-hf/header/ has been purged, triggered by action: save_post 
[2026-03-24 15:16:48 : INFO] - Cache for URL: https://partumdesign.com.mx/elementor-hf/header/ has been purged, triggered by action: save_post 
[2026-03-24 15:16:48 : INFO] - Cache for URL: https://partumdesign.com.mx/elementor-hf/header/ has been purged, triggered by action: save_post 
[2026-03-24 15:17:37 : INFO] - Cache for URL: https://partumdesign.com.mx/elementor-hf/header/ has been purged, triggered by action: save_post 
[2026-03-24 15:17:37 : INFO] - Cache for URL: https://partumdesign.com.mx/elementor-hf/header/ has been purged, triggered by action: save_post 
[2026-03-24 15:17:37 : INFO] - Cache for URL: https://partumdesign.com.mx/elementor-hf/header/ has been purged, triggered by action: save_post 
[2026-03-24 15:19:35 : INFO] - Cache for URL: https://partumdesign.com.mx/elementor-hf/header/ has been purged, triggered by action: save_post 
[2026-03-24 15:19:35 : INFO] - Cache for URL: https://partumdesign.com.mx/elementor-hf/header/ has been purged, triggered by action: save_post 
[2026-03-24 15:19:35 : INFO] - Cache for URL: https://partumdesign.com.mx/elementor-hf/header/ has been purged, triggered by action: save_post 
[2026-03-24 16:52:23 : INFO] - Cache for URL: https://partumdesign.com.mx/elementor-hf/header/ has been purged, triggered by action: save_post 
[2026-03-24 16:52:23 : INFO] - Cache for URL: https://partumdesign.com.mx/elementor-hf/header/ has been purged, triggered by action: save_post 
[2026-03-24 16:52:23 : INFO] - Cache for URL: https://partumdesign.com.mx/elementor-hf/header/ has been purged, triggered by action: save_post 
[2026-03-24 16:56:54 : INFO] - Cache for URL: https://partumdesign.com.mx/elementor-hf/header/ has been purged, triggered by action: save_post 
[2026-03-24 16:56:54 : INFO] - Cache for URL: https://partumdesign.com.mx/elementor-hf/header/ has been purged, triggered by action: save_post 
[2026-03-24 16:56:54 : INFO] - Cache for URL: https://partumdesign.com.mx/elementor-hf/header/ has been purged, triggered by action: save_post 
[2026-03-30 18:19:58 : INFO] - Full Cache Purge triggered by: plugin activation/deactivation 
[2026-03-30 18:26:27 : INFO] - Cache for URL: https://partumdesign.com.mx/psicometrico/ has been purged, triggered by action: save_post 
[2026-03-30 18:26:27 : INFO] - Cache for author page URL: https://partumdesign.com.mx/author/maricruz-partum/ associated with post_type: page and Title: "psicométrico" has been purged, triggered by action: save_post 
[2026-03-30 18:26:28 : INFO] - Cache for URL: https://partumdesign.com.mx/psicometrico/ has been purged, triggered by action: save_post 
[2026-03-30 18:26:28 : INFO] - Cache for author page URL: https://partumdesign.com.mx/author/maricruz-partum/ associated with post_type: page and Title: "psicométrico" has been purged, triggered by action: save_post 
[2026-03-30 18:27:11 : INFO] - Cache for URL: https://partumdesign.com.mx/psicometrico/ has been purged, triggered by action: save_post 
[2026-03-30 18:27:11 : INFO] - Cache for author page URL: https://partumdesign.com.mx/author/maricruz-partum/ associated with post_type: page and Title: "psicométrico" has been purged, triggered by action: save_post 
[2026-03-30 18:27:11 : INFO] - Cache for URL: https://partumdesign.com.mx/psicometrico/ has been purged, triggered by action: save_post 
[2026-03-30 18:27:11 : INFO] - Cache for author page URL: https://partumdesign.com.mx/author/maricruz-partum/ associated with post_type: page and Title: "psicométrico" has been purged, triggered by action: save_post 
[2026-03-30 18:27:11 : INFO] - Cache for URL: https://partumdesign.com.mx/psicometrico/ has been purged, triggered by action: save_post 
[2026-03-30 18:27:11 : INFO] - Cache for author page URL: https://partumdesign.com.mx/author/maricruz-partum/ associated with post_type: page and Title: "psicométrico" has been purged, triggered by action: save_post 
[2026-03-30 18:36:41 : INFO] - Cache for URL: https://partumdesign.com.mx/psicometrico/ has been purged, triggered by action: save_post 
[2026-03-30 18:36:41 : INFO] - Cache for author page URL: https://partumdesign.com.mx/author/maricruz-partum/ associated with post_type: page and Title: "psicométrico" has been purged, triggered by action: save_post 
[2026-03-30 18:36:41 : INFO] - Cache for URL: https://partumdesign.com.mx/psicometrico/ has been purged, triggered by action: save_post 
[2026-03-30 18:36:41 : INFO] - Cache for author page URL: https://partumdesign.com.mx/author/maricruz-partum/ associated with post_type: page and Title: "psicométrico" has been purged, triggered by action: save_post 
[2026-03-30 18:36:41 : INFO] - Cache for URL: https://partumdesign.com.mx/psicometrico/ has been purged, triggered by action: save_post 
[2026-03-30 18:36:41 : INFO] - Cache for author page URL: https://partumdesign.com.mx/author/maricruz-partum/ associated with post_type: page and Title: "psicométrico" has been purged, triggered by action: save_post 
[2026-03-30 19:00:49 : INFO] - Cache for URL: https://partumdesign.com.mx/psicometrico/ has been purged, triggered by action: save_post 
[2026-03-30 19:00:49 : INFO] - Cache for author page URL: https://partumdesign.com.mx/author/maricruz-partum/ associated with post_type: page and Title: "psicométrico" has been purged, triggered by action: save_post 
[2026-03-30 19:00:49 : INFO] - Cache for URL: https://partumdesign.com.mx/psicometrico/ has been purged, triggered by action: save_post 
[2026-03-30 19:00:49 : INFO] - Cache for author page URL: https://partumdesign.com.mx/author/maricruz-partum/ associated with post_type: page and Title: "psicométrico" has been purged, triggered by action: save_post 
[2026-03-30 19:00:49 : INFO] - Cache for URL: https://partumdesign.com.mx/psicometrico/ has been purged, triggered by action: save_post 
[2026-03-30 19:00:49 : INFO] - Cache for author page URL: https://partumdesign.com.mx/author/maricruz-partum/ associated with post_type: page and Title: "psicométrico" has been purged, triggered by action: save_post 
[2026-03-30 19:19:22 : INFO] - Full Cache Purge triggered by: plugin activation/deactivation 
[2026-03-30 19:19:26 : INFO] - Full Cache Purge triggered by: plugin activation/deactivation 
[2026-03-30 19:21:26 : INFO] - Full Cache Purge triggered by: plugin activation/deactivation 
[2026-03-30 19:27:05 : INFO] - Full Cache Purge triggered by: plugin activation/deactivation 
[2026-03-30 19:29:24 : INFO] - Full Cache Purge triggered by: plugin activation/deactivation 
[2026-03-30 19:31:48 : INFO] - Cache for URL: https://partumdesign.com.mx/psicometrico/ has been purged, triggered by action: save_post 
[2026-03-30 19:31:48 : INFO] - Cache for author page URL: https://partumdesign.com.mx/author/maricruz-partum/ associated with post_type: page and Title: "psicométrico" has been purged, triggered by action: save_post 
[2026-03-30 19:31:48 : INFO] - Cache for URL: https://partumdesign.com.mx/psicometrico/ has been purged, triggered by action: save_post 
[2026-03-30 19:31:48 : INFO] - Cache for author page URL: https://partumdesign.com.mx/author/maricruz-partum/ associated with post_type: page and Title: "psicométrico" has been purged, triggered by action: save_post 
[2026-03-30 19:31:48 : INFO] - Cache for URL: https://partumdesign.com.mx/psicometrico/ has been purged, triggered by action: save_post 
[2026-03-30 19:31:48 : INFO] - Cache for author page URL: https://partumdesign.com.mx/author/maricruz-partum/ associated with post_type: page and Title: "psicométrico" has been purged, triggered by action: save_post 
[2026-03-30 19:34:06 : INFO] - Cache for URL: https://partumdesign.com.mx/psicometrico/ has been purged, triggered by action: save_post 
[2026-03-30 19:34:06 : INFO] - Cache for author page URL: https://partumdesign.com.mx/author/maricruz-partum/ associated with post_type: page and Title: "psicométrico" has been purged, triggered by action: save_post 
[2026-03-30 19:34:06 : INFO] - Cache for URL: https://partumdesign.com.mx/psicometrico/ has been purged, triggered by action: save_post 
[2026-03-30 19:34:06 : INFO] - Cache for author page URL: https://partumdesign.com.mx/author/maricruz-partum/ associated with post_type: page and Title: "psicométrico" has been purged, triggered by action: save_post 
[2026-03-30 19:34:06 : INFO] - Cache for URL: https://partumdesign.com.mx/psicometrico/ has been purged, triggered by action: save_post 
[2026-03-30 19:34:06 : INFO] - Cache for author page URL: https://partumdesign.com.mx/author/maricruz-partum/ associated with post_type: page and Title: "psicométrico" has been purged, triggered by action: save_post 
[2026-03-30 19:40:50 : INFO] - Cache for URL: https://partumdesign.com.mx/psicometrico/ has been purged, triggered by action: save_post 
[2026-03-30 19:40:50 : INFO] - Cache for author page URL: https://partumdesign.com.mx/author/maricruz-partum/ associated with post_type: page and Title: "psicométrico" has been purged, triggered by action: save_post 
[2026-03-30 19:40:50 : INFO] - Cache for URL: https://partumdesign.com.mx/psicometrico/ has been purged, triggered by action: save_post 
[2026-03-30 19:40:50 : INFO] - Cache for author page URL: https://partumdesign.com.mx/author/maricruz-partum/ associated with post_type: page and Title: "psicométrico" has been purged, triggered by action: save_post 
[2026-03-30 19:40:50 : INFO] - Cache for URL: https://partumdesign.com.mx/psicometrico/ has been purged, triggered by action: save_post 
[2026-03-30 19:40:50 : INFO] - Cache for author page URL: https://partumdesign.com.mx/author/maricruz-partum/ associated with post_type: page and Title: "psicométrico" has been purged, triggered by action: save_post 
[2026-03-30 19:55:31 : INFO] - Cache for URL: https://partumdesign.com.mx/psicometrico/ has been purged, triggered by action: save_post 
[2026-03-30 19:55:31 : INFO] - Cache for author page URL: https://partumdesign.com.mx/author/maricruz-partum/ associated with post_type: page and Title: "psicométrico" has been purged, triggered by action: save_post 
[2026-03-30 19:55:31 : INFO] - Cache for URL: https://partumdesign.com.mx/psicometrico/ has been purged, triggered by action: save_post 
[2026-03-30 19:55:31 : INFO] - Cache for author page URL: https://partumdesign.com.mx/author/maricruz-partum/ associated with post_type: page and Title: "psicométrico" has been purged, triggered by action: save_post 
[2026-03-30 19:55:31 : INFO] - Cache for URL: https://partumdesign.com.mx/psicometrico/ has been purged, triggered by action: save_post 
[2026-03-30 19:55:31 : INFO] - Cache for author page URL: https://partumdesign.com.mx/author/maricruz-partum/ associated with post_type: page and Title: "psicométrico" has been purged, triggered by action: save_post 
[2026-03-30 19:57:25 : INFO] - Cache for URL: https://partumdesign.com.mx/psicometrico/ has been purged, triggered by action: save_post 
[2026-03-30 19:57:25 : INFO] - Cache for author page URL: https://partumdesign.com.mx/author/maricruz-partum/ associated with post_type: page and Title: "psicométrico" has been purged, triggered by action: save_post 
[2026-03-30 19:57:25 : INFO] - Cache for URL: https://partumdesign.com.mx/psicometrico/ has been purged, triggered by action: save_post 
[2026-03-30 19:57:25 : INFO] - Cache for author page URL: https://partumdesign.com.mx/author/maricruz-partum/ associated with post_type: page and Title: "psicométrico" has been purged, triggered by action: save_post 
[2026-03-30 19:57:25 : INFO] - Cache for URL: https://partumdesign.com.mx/psicometrico/ has been purged, triggered by action: save_post 
[2026-03-30 19:57:25 : INFO] - Cache for author page URL: https://partumdesign.com.mx/author/maricruz-partum/ associated with post_type: page and Title: "psicométrico" has been purged, triggered by action: save_post 
[2026-03-30 20:00:12 : INFO] - Cache for URL: https://partumdesign.com.mx/psicometrico/ has been purged, triggered by action: save_post 
[2026-03-30 20:00:12 : INFO] - Cache for author page URL: https://partumdesign.com.mx/author/maricruz-partum/ associated with post_type: page and Title: "psicométrico" has been purged, triggered by action: save_post 
[2026-03-30 20:00:12 : INFO] - Cache for URL: https://partumdesign.com.mx/psicometrico/ has been purged, triggered by action: save_post 
[2026-03-30 20:00:12 : INFO] - Cache for author page URL: https://partumdesign.com.mx/author/maricruz-partum/ associated with post_type: page and Title: "psicométrico" has been purged, triggered by action: save_post 
[2026-03-30 20:00:12 : INFO] - Cache for URL: https://partumdesign.com.mx/psicometrico/ has been purged, triggered by action: save_post 
[2026-03-30 20:00:12 : INFO] - Cache for author page URL: https://partumdesign.com.mx/author/maricruz-partum/ associated with post_type: page and Title: "psicométrico" has been purged, triggered by action: save_post 
[2026-03-30 20:07:30 : INFO] - Cache for URL: https://partumdesign.com.mx/psicometrico/ has been purged, triggered by action: save_post 
[2026-03-30 20:07:30 : INFO] - Cache for author page URL: https://partumdesign.com.mx/author/maricruz-partum/ associated with post_type: page and Title: "psicométrico" has been purged, triggered by action: save_post 
[2026-03-30 20:07:30 : INFO] - Cache for URL: https://partumdesign.com.mx/psicometrico/ has been purged, triggered by action: save_post 
[2026-03-30 20:07:30 : INFO] - Cache for author page URL: https://partumdesign.com.mx/author/maricruz-partum/ associated with post_type: page and Title: "psicométrico" has been purged, triggered by action: save_post 
[2026-03-30 20:07:30 : INFO] - Cache for URL: https://partumdesign.com.mx/psicometrico/ has been purged, triggered by action: save_post 
[2026-03-30 20:07:30 : INFO] - Cache for author page URL: https://partumdesign.com.mx/author/maricruz-partum/ associated with post_type: page and Title: "psicométrico" has been purged, triggered by action: save_post 
[2026-03-30 20:10:00 : INFO] - Cache for URL: https://partumdesign.com.mx/psicometrico/ has been purged, triggered by action: save_post 
[2026-03-30 20:10:00 : INFO] - Cache for author page URL: https://partumdesign.com.mx/author/maricruz-partum/ associated with post_type: page and Title: "psicométrico" has been purged, triggered by action: save_post 
[2026-03-30 20:10:00 : INFO] - Cache for URL: https://partumdesign.com.mx/psicometrico/ has been purged, triggered by action: save_post 
[2026-03-30 20:10:00 : INFO] - Cache for author page URL: https://partumdesign.com.mx/author/maricruz-partum/ associated with post_type: page and Title: "psicométrico" has been purged, triggered by action: save_post 
[2026-03-30 20:10:00 : INFO] - Cache for URL: https://partumdesign.com.mx/psicometrico/ has been purged, triggered by action: save_post 
[2026-03-30 20:10:00 : INFO] - Cache for author page URL: https://partumdesign.com.mx/author/maricruz-partum/ associated with post_type: page and Title: "psicométrico" has been purged, triggered by action: save_post 
[2026-03-30 20:12:52 : INFO] - Cache for URL: https://partumdesign.com.mx/psicometrico/ has been purged, triggered by action: save_post 
[2026-03-30 20:12:52 : INFO] - Cache for author page URL: https://partumdesign.com.mx/author/maricruz-partum/ associated with post_type: page and Title: "psicométrico" has been purged, triggered by action: save_post 
[2026-03-30 20:12:52 : INFO] - Cache for URL: https://partumdesign.com.mx/psicometrico/ has been purged, triggered by action: save_post 
[2026-03-30 20:12:52 : INFO] - Cache for author page URL: https://partumdesign.com.mx/author/maricruz-partum/ associated with post_type: page and Title: "psicométrico" has been purged, triggered by action: save_post 
[2026-03-30 20:12:52 : INFO] - Cache for URL: https://partumdesign.com.mx/psicometrico/ has been purged, triggered by action: save_post 
[2026-03-30 20:12:52 : INFO] - Cache for author page URL: https://partumdesign.com.mx/author/maricruz-partum/ associated with post_type: page and Title: "psicométrico" has been purged, triggered by action: save_post 
[2026-03-30 20:25:05 : INFO] - Cache for URL: https://partumdesign.com.mx/psicometrico/ has been purged, triggered by action: save_post 
[2026-03-30 20:25:05 : INFO] - Cache for author page URL: https://partumdesign.com.mx/author/maricruz-partum/ associated with post_type: page and Title: "psicométrico" has been purged, triggered by action: save_post 
[2026-03-30 20:25:05 : INFO] - Cache for URL: https://partumdesign.com.mx/psicometrico/ has been purged, triggered by action: save_post 
[2026-03-30 20:25:05 : INFO] - Cache for author page URL: https://partumdesign.com.mx/author/maricruz-partum/ associated with post_type: page and Title: "psicométrico" has been purged, triggered by action: save_post 
[2026-03-30 20:25:05 : INFO] - Cache for URL: https://partumdesign.com.mx/psicometrico/ has been purged, triggered by action: save_post 
[2026-03-30 20:25:05 : INFO] - Cache for author page URL: https://partumdesign.com.mx/author/maricruz-partum/ associated with post_type: page and Title: "psicométrico" has been purged, triggered by action: save_post 
[2026-03-30 20:30:36 : INFO] - Cache for URL: https://partumdesign.com.mx/psicometrico/ has been purged, triggered by action: save_post 
[2026-03-30 20:30:36 : INFO] - Cache for author page URL: https://partumdesign.com.mx/author/maricruz-partum/ associated with post_type: page and Title: "psicométrico" has been purged, triggered by action: save_post 
[2026-03-30 20:30:36 : INFO] - Cache for URL: https://partumdesign.com.mx/psicometrico/ has been purged, triggered by action: save_post 
[2026-03-30 20:30:36 : INFO] - Cache for author page URL: https://partumdesign.com.mx/author/maricruz-partum/ associated with post_type: page and Title: "psicométrico" has been purged, triggered by action: save_post 
[2026-03-30 20:30:36 : INFO] - Cache for URL: https://partumdesign.com.mx/psicometrico/ has been purged, triggered by action: save_post 
[2026-03-30 20:30:36 : INFO] - Cache for author page URL: https://partumdesign.com.mx/author/maricruz-partum/ associated with post_type: page and Title: "psicométrico" has been purged, triggered by action: save_post 
[2026-03-31 18:49:15 : INFO] - Full Cache Purge triggered by: plugin activation/deactivation 
[2026-03-31 18:49:55 : INFO] - Full Cache Purge triggered by: plugin activation/deactivation 
[2026-03-31 18:50:03 : INFO] - Full Cache Purge triggered by: plugin activation/deactivation 
[2026-03-31 18:50:31 : INFO] - Full Cache Purge triggered by: plugin activation/deactivation 
[2026-03-31 19:17:59 : INFO] - Full Cache Purge triggered by: plugin activation/deactivation 
[2026-03-31 19:18:34 : INFO] - Full Cache Purge triggered by: plugin activation/deactivation 
[2026-03-31 19:20:09 : INFO] - Full Cache Purge triggered by: plugin activation/deactivation 
[2026-03-31 19:22:13 : INFO] - Full Cache Purge triggered by: plugin activation/deactivation 
[2026-04-01 04:22:50 : INFO] - Full Cache Purge triggered by: plugin activation/deactivation 
[2026-04-01 04:23:33 : INFO] - Full Cache Purge triggered by: plugin activation/deactivation 
[2026-04-01 04:38:20 : INFO] - Full Cache Purge triggered by: plugin activation/deactivation 
[2026-04-01 04:38:51 : INFO] - Full Cache Purge triggered by: plugin activation/deactivation 
[2026-04-01 04:40:18 : INFO] - Full Cache Purge triggered by: plugin activation/deactivation 
[2026-04-01 04:40:48 : INFO] - Full Cache Purge triggered by: plugin activation/deactivation 
[2026-04-01 16:51:48 : INFO] - Full Cache Purge triggered by: plugin activation/deactivation 
[2026-04-01 16:52:29 : INFO] - Full Cache Purge triggered by: plugin activation/deactivation 
[2026-04-01 16:53:49 : INFO] - Full Cache Purge triggered by: plugin activation/deactivation 
[2026-04-01 16:54:26 : INFO] - Full Cache Purge triggered by: plugin activation/deactivation 
[2026-04-01 17:08:25 : INFO] - Full Cache Purge triggered by: plugin activation/deactivation 
[2026-04-01 17:09:07 : INFO] - Full Cache Purge triggered by: plugin activation/deactivation 
[2026-04-01 17:17:14 : INFO] - Full Cache Purge triggered by: plugin activation/deactivation 
[2026-04-01 17:20:44 : INFO] - Full Cache Purge triggered by: plugin activation/deactivation 
[2026-04-01 17:25:43 : INFO] - Full Cache Purge triggered by: plugin activation/deactivation 
[2026-04-01 17:26:28 : INFO] - Full Cache Purge triggered by: plugin activation/deactivation 
[2026-04-01 17:43:04 : INFO] - Full Cache Purge triggered by: plugin activation/deactivation 
[2026-04-01 17:44:22 : INFO] - Full Cache Purge triggered by: plugin activation/deactivation 
[2026-04-15 19:43:34 : INFO] - Cache for URL: https://partumdesign.com.mx/?gs-logo-slider=muzica has been purged, triggered by action: wp_trash_post 
[2026-04-15 19:44:24 : INFO] - Cache for URL: https://partumdesign.com.mx/?gs-logo-slider=velocity has been purged, triggered by action: wp_trash_post 
[2026-04-15 19:44:27 : INFO] - Cache for URL: https://partumdesign.com.mx/?gs-logo-slider=bravo-logix has been purged, triggered by action: wp_trash_post 
[2026-04-15 19:46:41 : INFO] - Cache for multiple term taxonomy have been purged due to post terms update, triggered by action: set_object_terms 
[2026-04-15 19:46:41 : INFO] - Cache for URL: https://partumdesign.com.mx/?gs-logo-slider=safe has been purged, triggered by action: save_post 
[2026-04-15 19:47:14 : INFO] - Cache for URL: https://partumdesign.com.mx/?gs-logo-slider=treva has been purged, triggered by action: wp_trash_post 
[2026-04-15 19:47:20 : INFO] - Cache for URL: https://partumdesign.com.mx/?gs-logo-slider=solay has been purged, triggered by action: wp_trash_post 
[2026-04-15 19:47:31 : INFO] - Cache for URL: https://partumdesign.com.mx/?gs-logo-slider=light-ai has been purged, triggered by action: wp_trash_post 
[2026-04-15 19:47:42 : INFO] - Cache for URL: https://partumdesign.com.mx/?gs-logo-slider=circle has been purged, triggered by action: wp_trash_post 
[2026-04-15 19:47:52 : INFO] - Cache for URL: https://partumdesign.com.mx/?gs-logo-slider=gs-logo-four has been purged, triggered by action: wp_trash_post 
[2026-04-15 19:47:57 : INFO] - Cache for URL: https://partumdesign.com.mx/?gs-logo-slider=zootv has been purged, triggered by action: wp_trash_post 
[2026-04-15 19:48:02 : INFO] - Cache for URL: https://partumdesign.com.mx/?gs-logo-slider=gs-logo-five has been purged, triggered by action: wp_trash_post 
[2026-04-15 19:48:07 : INFO] - Cache for URL: https://partumdesign.com.mx/?gs-logo-slider=gs-logo-six has been purged, triggered by action: wp_trash_post 
[2026-04-15 19:48:12 : INFO] - Cache for URL: https://partumdesign.com.mx/?gs-logo-slider=gs-logo-seven has been purged, triggered by action: wp_trash_post 
[2026-04-15 19:48:18 : INFO] - Cache for URL: https://partumdesign.com.mx/?gs-logo-slider=gs-logo-nine has been purged, triggered by action: wp_trash_post 
[2026-04-15 19:48:22 : INFO] - Cache for URL: https://partumdesign.com.mx/?gs-logo-slider=gs-logo-ten has been purged, triggered by action: wp_trash_post 
[2026-04-15 19:48:30 : INFO] - Cache for URL: https://partumdesign.com.mx/?gs-logo-slider=gs-logo-eleven has been purged, triggered by action: wp_trash_post 
[2026-04-15 19:48:40 : INFO] - Cache for URL: https://partumdesign.com.mx/?gs-logo-slider=aven has been purged, triggered by action: wp_trash_post 
[2026-04-15 19:48:46 : INFO] - Cache for URL: https://partumdesign.com.mx/?gs-logo-slider=gs-logo-three has been purged, triggered by action: wp_trash_post 
[2026-04-15 19:48:56 : INFO] - Cache for URL: https://partumdesign.com.mx/?gs-logo-slider=gs-logo-twelve has been purged, triggered by action: wp_trash_post 
[2026-04-15 19:49:17 : INFO] - Cache for URL: https://partumdesign.com.mx/?gs-logo-slider=amara has been purged, triggered by action: wp_trash_post 
[2026-04-15 19:49:22 : INFO] - Cache for URL: https://partumdesign.com.mx/?gs-logo-slider=earth-2-0 has been purged, triggered by action: wp_trash_post 
[2026-04-15 19:49:28 : INFO] - Cache for URL: https://partumdesign.com.mx/?gs-logo-slider=fox-hub has been purged, triggered by action: wp_trash_post 
[2026-04-15 19:50:20 : INFO] - Cache for URL: https://partumdesign.com.mx/?gs-logo-slider=hexlab has been purged, triggered by action: wp_trash_post 
[2026-04-15 19:51:52 : INFO] - Cache for multiple term taxonomy have been purged due to post terms update, triggered by action: set_object_terms 
[2026-04-15 19:51:53 : INFO] - Cache for URL: https://partumdesign.com.mx/?gs-logo-slider=tenkpro has been purged, triggered by action: save_post 
[2026-04-15 19:52:58 : INFO] - Cache for multiple term taxonomy have been purged due to post terms update, triggered by action: set_object_terms 
[2026-04-15 19:52:59 : INFO] - Cache for URL: https://partumdesign.com.mx/?gs-logo-slider=plus-secure-2 has been purged, triggered by action: save_post 
[2026-04-15 19:53:50 : INFO] - Cache for multiple term taxonomy have been purged due to post terms update, triggered by action: set_object_terms 
[2026-04-15 19:53:51 : INFO] - Cache for URL: https://partumdesign.com.mx/?gs-logo-slider=brasa-prive has been purged, triggered by action: save_post 
[2026-04-15 21:10:46 : INFO] - Cache for multiple term taxonomy have been purged due to post terms update, triggered by action: set_object_terms 
[2026-04-17 19:03:08 : INFO] - Full Cache Purge triggered by: plugin activation/deactivation 
[2026-04-17 19:09:10 : INFO] - Full Cache Purge triggered by: plugin activation/deactivation 
[2026-04-17 19:36:25 : INFO] - Full Cache Purge triggered by: plugin activation/deactivation 
[2026-04-17 19:37:08 : INFO] - Full Cache Purge triggered by: plugin activation/deactivation 
[2026-04-17 19:40:36 : INFO] - Full Cache Purge triggered by: plugin activation/deactivation 
[2026-04-17 19:41:06 : INFO] - Full Cache Purge triggered by: plugin activation/deactivation 
[2026-04-17 19:44:40 : INFO] - Full Cache Purge triggered by: plugin activation/deactivation 
[2026-04-17 19:44:45 : INFO] - Full Cache Purge triggered by: plugin activation/deactivation 
[2026-04-17 19:45:02 : INFO] - Full Cache Purge triggered by: plugin activation/deactivation 
[2026-04-17 19:46:00 : INFO] - Full Cache Purge triggered by: plugin activation/deactivation 
[2026-04-17 20:13:38 : INFO] - Full Cache Purge triggered by: plugin activation/deactivation 
[2026-04-17 20:14:09 : INFO] - Full Cache Purge triggered by: plugin activation/deactivation 
[2026-04-17 20:21:19 : INFO] - Full Cache Purge triggered by: plugin activation/deactivation 
[2026-04-17 20:21:52 : INFO] - Full Cache Purge triggered by: plugin activation/deactivation 
[2026-04-17 20:32:55 : INFO] - Full Cache Purge triggered by: plugin activation/deactivation 
[2026-04-17 20:34:05 : INFO] - Full Cache Purge triggered by: plugin activation/deactivation 
[2026-04-17 20:38:39 : INFO] - Full Cache Purge triggered by: plugin activation/deactivation 
[2026-04-17 20:39:07 : INFO] - Full Cache Purge triggered by: plugin activation/deactivation 
[2026-04-17 21:04:37 : INFO] - Full Cache Purge triggered by: plugin activation/deactivation 
[2026-04-17 21:05:32 : INFO] - Full Cache Purge triggered by: plugin activation/deactivation 
[2026-04-17 21:14:17 : INFO] - Full Cache Purge triggered by: plugin activation/deactivation 
[2026-04-17 21:15:16 : INFO] - Full Cache Purge triggered by: plugin activation/deactivation 
[2026-04-17 21:19:42 : INFO] - Full Cache Purge triggered by: plugin activation/deactivation 
[2026-04-17 21:20:29 : INFO] - Full Cache Purge triggered by: plugin activation/deactivation 
[2026-04-17 21:26:36 : INFO] - Full Cache Purge triggered by: plugin activation/deactivation 
[2026-04-17 21:27:44 : INFO] - Full Cache Purge triggered by: plugin activation/deactivation 
[2026-04-17 21:31:14 : INFO] - Full Cache Purge triggered by: plugin activation/deactivation 
[2026-04-17 21:33:00 : INFO] - Full Cache Purge triggered by: plugin activation/deactivation 
[2026-04-19 01:12:49 : INFO] - Full Cache Purge triggered by: plugin activation/deactivation 
[2026-04-19 01:13:39 : INFO] - Full Cache Purge triggered by: plugin activation/deactivation 
[2026-04-19 01:13:43 : INFO] - Full Cache Purge triggered by: plugin activation/deactivation 
[2026-04-19 01:15:07 : INFO] - Full Cache Purge triggered by: plugin activation/deactivation 
[2026-04-19 01:23:34 : INFO] - Full Cache Purge triggered by: plugin activation/deactivation 
[2026-04-19 01:24:08 : INFO] - Full Cache Purge triggered by: plugin activation/deactivation 
[2026-04-19 02:16:57 : INFO] - Full Cache Purge triggered by: plugin activation/deactivation 
[2026-04-19 02:18:02 : INFO] - Full Cache Purge triggered by: plugin activation/deactivation 
[2026-04-19 03:01:40 : INFO] - Full Cache Purge triggered by: plugin activation/deactivation 
[2026-04-19 03:03:23 : INFO] - Full Cache Purge triggered by: plugin activation/deactivation 
[2026-04-19 03:35:07 : INFO] - Full Cache Purge triggered by: plugin activation/deactivation 
[2026-04-19 03:35:41 : INFO] - Full Cache Purge triggered by: plugin activation/deactivation 
[2026-04-19 03:42:29 : INFO] - Full Cache Purge triggered by: plugin activation/deactivation 
[2026-04-19 03:43:32 : INFO] - Full Cache Purge triggered by: plugin activation/deactivation 
[2026-04-19 04:11:54 : INFO] - Full Cache Purge triggered by: plugin activation/deactivation 
[2026-04-19 04:12:26 : INFO] - Full Cache Purge triggered by: plugin activation/deactivation 
[2026-04-19 04:29:10 : INFO] - Full Cache Purge triggered by: plugin activation/deactivation 
[2026-04-19 04:29:42 : INFO] - Full Cache Purge triggered by: plugin activation/deactivation 
[2026-04-20 17:24:03 : INFO] - Full Cache Purge triggered by: plugin activation/deactivation 
[2026-04-20 17:24:20 : INFO] - Full Cache Purge triggered by: plugin activation/deactivation 
[2026-04-20 17:24:27 : INFO] - Full Cache Purge triggered by: plugin activation/deactivation 
[2026-04-20 17:25:02 : INFO] - Full Cache Purge triggered by: plugin activation/deactivation 
[2026-04-20 17:26:01 : INFO] - Full Cache Purge triggered by: plugin activation/deactivation 
[2026-04-20 17:26:09 : INFO] - Full Cache Purge triggered by: plugin activation/deactivation 
[2026-04-20 18:01:13 : INFO] - Full Cache Purge triggered by: plugin activation/deactivation 
[2026-04-20 18:01:45 : INFO] - Full Cache Purge triggered by: plugin activation/deactivation 
[2026-04-20 23:55:58 : INFO] - Full Cache Purge triggered by: plugin activation/deactivation 
[2026-04-20 23:56:21 : INFO] - Full Cache Purge triggered by: plugin activation/deactivation 
[2026-04-20 23:58:10 : INFO] - Full Cache Purge triggered by: plugin activation/deactivation 
[2026-04-21 00:05:04 : INFO] - Full Cache Purge triggered by: plugin activation/deactivation 
[2026-04-21 17:25:16 : INFO] - Full Cache Purge triggered by: plugin activation/deactivation 
[2026-04-21 17:25:47 : INFO] - Full Cache Purge triggered by: plugin activation/deactivation 
[2026-04-21 17:28:48 : INFO] - Full Cache Purge triggered by: plugin activation/deactivation 
[2026-04-21 17:29:43 : INFO] - Full Cache Purge triggered by: plugin activation/deactivation 
[2026-04-21 18:53:49 : INFO] - Full Cache Purge triggered by: plugin activation/deactivation 
[2026-04-21 18:54:20 : INFO] - Full Cache Purge triggered by: plugin activation/deactivation 
[2026-04-21 19:14:49 : INFO] - Full Cache Purge triggered by: plugin activation/deactivation 
[2026-04-21 19:15:18 : INFO] - Full Cache Purge triggered by: plugin activation/deactivation 
[2026-04-21 21:43:53 : INFO] - Full Cache Purge triggered by: plugin activation/deactivation 
[2026-04-21 21:44:24 : INFO] - Full Cache Purge triggered by: plugin activation/deactivation 
[2026-04-21 21:45:54 : INFO] - Full Cache Purge triggered by: plugin activation/deactivation 
[2026-04-21 21:48:54 : INFO] - Full Cache Purge triggered by: plugin activation/deactivation 
[2026-04-21 21:56:39 : INFO] - Cache for URL: https://partumdesign.com.mx/elementor-hf/footer/ has been purged, triggered by action: save_post 
[2026-04-21 21:56:39 : INFO] - Cache for URL: https://partumdesign.com.mx/elementor-hf/footer/ has been purged, triggered by action: save_post 
[2026-04-21 21:56:39 : INFO] - Cache for URL: https://partumdesign.com.mx/elementor-hf/footer/ has been purged, triggered by action: save_post 
[2026-04-21 21:56:52 : INFO] - Cache for URL: https://partumdesign.com.mx/elementor-hf/footer/ has been purged, triggered by action: save_post 
[2026-04-21 21:56:52 : INFO] - Cache for URL: https://partumdesign.com.mx/elementor-hf/footer/ has been purged, triggered by action: save_post 
[2026-04-21 21:56:52 : INFO] - Cache for URL: https://partumdesign.com.mx/elementor-hf/footer/ has been purged, triggered by action: save_post 
[2026-04-21 21:57:19 : INFO] - Cache for URL: https://partumdesign.com.mx/elementor-hf/footer/ has been purged, triggered by action: save_post 
[2026-04-21 21:57:19 : INFO] - Cache for URL: https://partumdesign.com.mx/elementor-hf/footer/ has been purged, triggered by action: save_post 
[2026-04-21 21:57:19 : INFO] - Cache for URL: https://partumdesign.com.mx/elementor-hf/footer/ has been purged, triggered by action: save_post 
[2026-04-21 22:15:36 : INFO] - Full Cache Purge triggered by: plugin activation/deactivation 
[2026-04-21 22:16:18 : INFO] - Full Cache Purge triggered by: plugin activation/deactivation 
[2026-04-21 22:29:31 : INFO] - Full Cache Purge triggered by: plugin activation/deactivation 
[2026-04-21 22:30:11 : INFO] - Full Cache Purge triggered by: plugin activation/deactivation 
[2026-04-21 23:14:32 : INFO] - Full Cache Purge triggered by: plugin activation/deactivation 
[2026-04-21 23:15:23 : INFO] - Full Cache Purge triggered by: plugin activation/deactivation 
[2026-04-21 23:19:26 : INFO] - Full Cache Purge triggered by: plugin activation/deactivation 
[2026-04-21 23:19:58 : INFO] - Full Cache Purge triggered by: plugin activation/deactivation 
[2026-04-21 23:28:43 : INFO] - Full Cache Purge triggered by: plugin activation/deactivation 
[2026-04-22 00:11:15 : INFO] - Full Cache Purge triggered by: plugin activation/deactivation 
[2026-04-22 00:20:15 : INFO] - Full Cache Purge triggered by: plugin activation/deactivation 
[2026-04-22 00:20:40 : INFO] - Full Cache Purge triggered by: plugin activation/deactivation 
[2026-04-22 04:13:18 : INFO] - Full Cache Purge triggered by: plugin activation/deactivation 
[2026-04-22 04:13:48 : INFO] - Full Cache Purge triggered by: plugin activation/deactivation 
[2026-04-22 04:18:59 : INFO] - Full Cache Purge triggered by: plugin activation/deactivation 
[2026-04-22 04:19:29 : INFO] - Full Cache Purge triggered by: plugin activation/deactivation 
[2026-04-22 04:44:09 : INFO] - Full Cache Purge triggered by: plugin activation/deactivation 
[2026-04-22 04:45:02 : INFO] - Full Cache Purge triggered by: plugin activation/deactivation 
[2026-04-22 05:07:11 : INFO] - Full Cache Purge triggered by: plugin activation/deactivation 
[2026-04-22 05:07:42 : INFO] - Full Cache Purge triggered by: plugin activation/deactivation 
[2026-04-22 05:15:17 : INFO] - Full Cache Purge triggered by: plugin activation/deactivation 
[2026-04-22 05:15:59 : INFO] - Full Cache Purge triggered by: plugin activation/deactivation 
[2026-04-22 14:30:52 : INFO] - Full Cache Purge triggered by: plugin activation/deactivation 
[2026-04-22 14:31:50 : INFO] - Full Cache Purge triggered by: plugin activation/deactivation 
[2026-04-22 16:14:34 : INFO] - Full Cache Purge triggered by: plugin activation/deactivation 
[2026-04-22 16:40:12 : INFO] - Full Cache Purge triggered by: plugin activation/deactivation 
[2026-04-22 18:12:39 : INFO] - Full Cache Purge triggered by: plugin activation/deactivation 
[2026-04-22 18:32:10 : INFO] - Full Cache Purge triggered by: plugin activation/deactivation 
[2026-04-22 18:33:03 : INFO] - Full Cache Purge triggered by: plugin activation/deactivation 
[2026-04-22 18:44:53 : INFO] - Full Cache Purge triggered by: plugin activation/deactivation 
[2026-04-22 18:49:41 : INFO] - Full Cache Purge triggered by: plugin activation/deactivation 
[2026-04-22 18:55:41 : INFO] - Full Cache Purge triggered by: plugin activation/deactivation 
[2026-04-22 18:58:07 : INFO] - Full Cache Purge triggered by: plugin activation/deactivation 
[2026-04-22 19:02:51 : INFO] - Cache for URL: https://partumdesign.com.mx/examen-psicometrico/ has been purged, triggered by action: save_post 
[2026-04-22 19:02:51 : INFO] - Cache for author page URL: https://partumdesign.com.mx/author/maricruz-partum/ associated with post_type: page and Title: "Examen Psicométrico" has been purged, triggered by action: save_post 
[2026-04-22 19:03:40 : INFO] - Cache for URL: https://partumdesign.com.mx/test-psicometricos/ has been purged, triggered by action: save_post 
[2026-04-22 19:03:40 : INFO] - Cache for author page URL: https://partumdesign.com.mx/author/maricruz-partum/ associated with post_type: page and Title: "Test Psicometricos" has been purged, triggered by action: save_post 
[2026-04-22 19:03:42 : INFO] - Cache for URL: https://partumdesign.com.mx/test-psicometricos/ has been purged, triggered by action: save_post 
[2026-04-22 19:03:42 : INFO] - Cache for author page URL: https://partumdesign.com.mx/author/maricruz-partum/ associated with post_type: page and Title: "Test Psicometricos" has been purged, triggered by action: save_post 
[2026-04-22 19:04:27 : INFO] - Full Cache Purge triggered by: plugin activation/deactivation 
[2026-04-22 19:05:05 : INFO] - Cache for URL: https://partumdesign.com.mx/prueba-de-psicometricos/ has been purged, triggered by action: save_post 
[2026-04-22 19:05:05 : INFO] - Cache for author page URL: https://partumdesign.com.mx/author/maricruz-partum/ associated with post_type: page and Title: "Prueba de psicometricos" has been purged, triggered by action: save_post 
[2026-04-22 19:05:06 : INFO] - Cache for URL: https://partumdesign.com.mx/prueba-de-psicometricos/ has been purged, triggered by action: save_post 
[2026-04-22 19:05:06 : INFO] - Cache for author page URL: https://partumdesign.com.mx/author/maricruz-partum/ associated with post_type: page and Title: "Prueba de psicometricos" has been purged, triggered by action: save_post 
[2026-04-22 19:05:35 : INFO] - Cache for URL: https://partumdesign.com.mx/prueba-de-psicometricos/ has been purged, triggered by action: save_post 
[2026-04-22 19:05:35 : INFO] - Cache for author page URL: https://partumdesign.com.mx/author/maricruz-partum/ associated with post_type: page and Title: "Prueba de psicometricos" has been purged, triggered by action: save_post 
[2026-04-22 19:05:35 : INFO] - Cache for URL: https://partumdesign.com.mx/prueba-de-psicometricos/ has been purged, triggered by action: save_post 
[2026-04-22 19:05:35 : INFO] - Cache for author page URL: https://partumdesign.com.mx/author/maricruz-partum/ associated with post_type: page and Title: "Prueba de psicometricos" has been purged, triggered by action: save_post 
[2026-04-22 19:05:35 : INFO] - Cache for URL: https://partumdesign.com.mx/prueba-de-psicometricos/ has been purged, triggered by action: save_post 
[2026-04-22 19:05:35 : INFO] - Cache for author page URL: https://partumdesign.com.mx/author/maricruz-partum/ associated with post_type: page and Title: "Prueba de psicometricos" has been purged, triggered by action: save_post 
[2026-04-22 19:13:29 : INFO] - Full Cache Purge triggered by: plugin activation/deactivation 
[2026-04-22 20:39:31 : INFO] - Full Cache Purge triggered by: plugin activation/deactivation 
[2026-04-22 20:40:32 : INFO] - Full Cache Purge triggered by: plugin activation/deactivation 
[2026-04-22 20:59:37 : INFO] - Full Cache Purge triggered by: plugin activation/deactivation 
[2026-04-22 21:02:30 : INFO] - Full Cache Purge triggered by: plugin activation/deactivation 
[2026-04-22 21:17:42 : INFO] - Full Cache Purge triggered by: plugin activation/deactivation 
[2026-04-22 21:18:11 : INFO] - Full Cache Purge triggered by: plugin activation/deactivation 
[2026-04-22 21:23:11 : INFO] - Full Cache Purge triggered by: plugin activation/deactivation 
[2026-04-22 21:24:36 : INFO] - Full Cache Purge triggered by: plugin activation/deactivation 
[2026-04-22 21:51:53 : INFO] - Full Cache Purge triggered by: plugin activation/deactivation 
[2026-04-22 21:52:52 : INFO] - Full Cache Purge triggered by: plugin activation/deactivation 
[2026-04-22 22:54:44 : INFO] - Full Cache Purge triggered by: plugin activation/deactivation 
[2026-04-22 23:18:58 : INFO] - Full Cache Purge triggered by: plugin activation/deactivation 
[2026-04-22 23:37:34 : INFO] - Full Cache Purge triggered by: plugin activation/deactivation 
[2026-04-22 23:38:03 : INFO] - Full Cache Purge triggered by: plugin activation/deactivation 
[2026-04-22 23:46:05 : INFO] - Full Cache Purge triggered by: plugin activation/deactivation 
[2026-04-22 23:46:30 : INFO] - Full Cache Purge triggered by: plugin activation/deactivation 
[2026-04-22 23:51:13 : INFO] - Full Cache Purge triggered by: plugin activation/deactivation 
[2026-04-22 23:56:07 : INFO] - Full Cache Purge triggered by: plugin activation/deactivation 
[2026-04-23 00:03:24 : INFO] - Full Cache Purge triggered by: plugin activation/deactivation 
[2026-04-23 00:04:38 : INFO] - Full Cache Purge triggered by: plugin activation/deactivation 
[2026-04-23 00:20:19 : INFO] - Full Cache Purge triggered by: plugin activation/deactivation 
[2026-04-23 00:22:41 : INFO] - Full Cache Purge triggered by: plugin activation/deactivation 
[2026-06-23 22:45:59 : INFO] - Full Cache Purge triggered by: plugin activation/deactivation 
