[2025-11-05 15:20:52 : INFO] - Re_Smush_It_Task server status: Online 
[2025-11-05 15:21:02 : INFO] - A total of 123 tasks of type smush found and will be processed in this iteration 
[2025-11-05 15:21:02 : DEBUG] - Lock option (updraft_lock_smush, wp_options) was created in the database 
[2025-11-05 15:21:02 : INFO] - Lock (updraft_lock_smush, wp_options) acquired after initialising the database 
[2025-11-05 15:21:02 : INFO] - Processing task with ID : 1, and type 'smush' 
[2025-11-05 15:21:02 : INFO] - Re_Smush_It_Task - Attachment ID : 9, Started on : November 05, 2025 03:20:53 
[2025-11-05 15:21:02 : INFO] - File: logo.png, Compression quality: 92 
[2025-11-05 15:21:02 : INFO] - Backing up the original image - 2024/09/logo-updraft-pre-smush-original.png 
[2025-11-05 15:21:03 : INFO] - Successfully optimized the image - /home3/partumde/partumdesign.com.mx/wp-content/uploads/2024/09/logo.png.El archivo se ha comprimido de 1.25 KB a 1.25 KB, ahorrando un 0 por ciento, usando WP-Optimize 
[2025-11-05 15:21:03 : INFO] - Completed processing task with ID : 1, and type 'smush' 
[2025-11-05 15:21:03 : INFO] - Processing task with ID : 2, and type 'smush' 
[2025-11-05 15:21:03 : INFO] - Re_Smush_It_Task - Attachment ID : 26, Started on : November 05, 2025 03:20:53 
[2025-11-05 15:21:03 : INFO] - File: logo.png, Compression quality: 92 
[2025-11-05 15:21:04 : INFO] - Backing up the original image - 2024/09/logo-updraft-pre-smush-original.png 
[2025-11-05 15:21:05 : INFO] - Successfully optimized the image - /home3/partumde/partumdesign.com.mx/wp-content/uploads/2024/09/logo.png.El archivo se ha comprimido de 1.25 KB a 1.25 KB, ahorrando un 0 por ciento, usando WP-Optimize 
[2025-11-05 15:21:05 : INFO] - Completed processing task with ID : 2, and type 'smush' 
[2025-11-05 15:21:05 : INFO] - Processing task with ID : 3, and type 'smush' 
[2025-11-05 15:21:05 : INFO] - Re_Smush_It_Task - Attachment ID : 29, Started on : November 05, 2025 03:20:53 
[2025-11-05 15:21:05 : INFO] - File: logo.png, Compression quality: 92 
[2025-11-05 15:21:06 : INFO] - Backing up the original image - 2024/09/logo-updraft-pre-smush-original.png 
[2025-11-05 15:21:07 : INFO] - Successfully optimized the image - /home3/partumde/partumdesign.com.mx/wp-content/uploads/2024/09/logo.png.El archivo se ha comprimido de 1.25 KB a 1.25 KB, ahorrando un 0 por ciento, usando WP-Optimize 
[2025-11-05 15:21:07 : INFO] - Completed processing task with ID : 3, and type 'smush' 
[2025-11-05 15:21:07 : INFO] - Processing task with ID : 4, and type 'smush' 
[2025-11-05 15:21:07 : INFO] - Re_Smush_It_Task - Attachment ID : 30, Started on : November 05, 2025 03:20:53 
[2025-11-05 15:21:07 : INFO] - File: logo.png, Compression quality: 92 
[2025-11-05 15:21:07 : INFO] - Backing up the original image - 2024/09/logo-updraft-pre-smush-original.png 
[2025-11-05 15:21:08 : INFO] - Successfully optimized the image - /home3/partumde/partumdesign.com.mx/wp-content/uploads/2024/09/logo.png.El archivo se ha comprimido de 1.25 KB a 1.25 KB, ahorrando un 0 por ciento, usando WP-Optimize 
[2025-11-05 15:21:08 : INFO] - Completed processing task with ID : 4, and type 'smush' 
[2025-11-05 15:21:08 : INFO] - Processing task with ID : 5, and type 'smush' 
[2025-11-05 15:21:08 : INFO] - Re_Smush_It_Task - Attachment ID : 33, Started on : November 05, 2025 03:20:53 
[2025-11-05 15:21:08 : INFO] - File: logo.png, Compression quality: 92 
[2025-11-05 15:21:09 : INFO] - Backing up the original image - 2024/09/logo-updraft-pre-smush-original.png 
[2025-11-05 15:21:10 : INFO] - Successfully optimized the image - /home3/partumde/partumdesign.com.mx/wp-content/uploads/2024/09/logo.png.El archivo se ha comprimido de 1.25 KB a 1.25 KB, ahorrando un 0 por ciento, usando WP-Optimize 
[2025-11-05 15:21:10 : INFO] - Completed processing task with ID : 5, and type 'smush' 
[2025-11-05 15:21:10 : INFO] - Processing task with ID : 6, and type 'smush' 
[2025-11-05 15:21:10 : INFO] - Re_Smush_It_Task - Attachment ID : 41, Started on : November 05, 2025 03:20:53 
[2025-11-05 15:21:10 : INFO] - File: logo.png, Compression quality: 92 
[2025-11-05 15:21:11 : INFO] - Backing up the original image - 2024/09/logo-updraft-pre-smush-original.png 
[2025-11-05 15:21:12 : INFO] - Successfully optimized the image - /home3/partumde/partumdesign.com.mx/wp-content/uploads/2024/09/logo.png.El archivo se ha comprimido de 1.25 KB a 1.25 KB, ahorrando un 0 por ciento, usando WP-Optimize 
[2025-11-05 15:21:12 : INFO] - Completed processing task with ID : 6, and type 'smush' 
[2025-11-05 15:21:12 : INFO] - Processing task with ID : 7, and type 'smush' 
[2025-11-05 15:21:12 : INFO] - Re_Smush_It_Task - Attachment ID : 49, Started on : November 05, 2025 03:20:53 
[2025-11-05 15:21:12 : INFO] - File: logo.png, Compression quality: 92 
[2025-11-05 15:21:13 : INFO] - Backing up the original image - 2024/09/logo-updraft-pre-smush-original.png 
[2025-11-05 15:21:14 : INFO] - Successfully optimized the image - /home3/partumde/partumdesign.com.mx/wp-content/uploads/2024/09/logo.png.El archivo se ha comprimido de 1.25 KB a 1.25 KB, ahorrando un 0 por ciento, usando WP-Optimize 
[2025-11-05 15:21:14 : INFO] - Completed processing task with ID : 7, and type 'smush' 
[2025-11-05 15:21:14 : INFO] - Processing task with ID : 8, and type 'smush' 
[2025-11-05 15:21:14 : INFO] - Re_Smush_It_Task - Attachment ID : 61, Started on : November 05, 2025 03:20:53 
[2025-11-05 15:21:14 : INFO] - File: logo.png, Compression quality: 92 
[2025-11-05 15:21:14 : INFO] - Backing up the original image - 2024/09/logo-updraft-pre-smush-original.png 
[2025-11-05 15:21:15 : INFO] - Successfully optimized the image - /home3/partumde/partumdesign.com.mx/wp-content/uploads/2024/09/logo.png.El archivo se ha comprimido de 1.25 KB a 1.25 KB, ahorrando un 0 por ciento, usando WP-Optimize 
[2025-11-05 15:21:15 : INFO] - Completed processing task with ID : 8, and type 'smush' 
[2025-11-05 15:21:15 : INFO] - Processing task with ID : 9, and type 'smush' 
[2025-11-05 15:21:15 : INFO] - Re_Smush_It_Task - Attachment ID : 65, Started on : November 05, 2025 03:20:54 
[2025-11-05 15:21:15 : INFO] - File: logo.png, Compression quality: 92 
[2025-11-05 15:21:16 : INFO] - Backing up the original image - 2024/09/logo-updraft-pre-smush-original.png 
[2025-11-05 15:21:17 : INFO] - Successfully optimized the image - /home3/partumde/partumdesign.com.mx/wp-content/uploads/2024/09/logo.png.El archivo se ha comprimido de 1.25 KB a 1.25 KB, ahorrando un 0 por ciento, usando WP-Optimize 
[2025-11-05 15:21:17 : INFO] - Completed processing task with ID : 9, and type 'smush' 
[2025-11-05 15:21:17 : INFO] - Processing task with ID : 10, and type 'smush' 
[2025-11-05 15:21:17 : INFO] - Re_Smush_It_Task - Attachment ID : 69, Started on : November 05, 2025 03:20:54 
[2025-11-05 15:21:17 : INFO] - File: logo.png, Compression quality: 92 
[2025-11-05 15:21:18 : INFO] - Backing up the original image - 2024/09/logo-updraft-pre-smush-original.png 
[2025-11-05 15:21:19 : INFO] - Successfully optimized the image - /home3/partumde/partumdesign.com.mx/wp-content/uploads/2024/09/logo.png.El archivo se ha comprimido de 1.25 KB a 1.25 KB, ahorrando un 0 por ciento, usando WP-Optimize 
[2025-11-05 15:21:19 : INFO] - Completed processing task with ID : 10, and type 'smush' 
[2025-11-05 15:21:19 : INFO] - Processing task with ID : 11, and type 'smush' 
[2025-11-05 15:21:19 : INFO] - Re_Smush_It_Task - Attachment ID : 72, Started on : November 05, 2025 03:20:54 
[2025-11-05 15:21:19 : INFO] - File: logo.png, Compression quality: 92 
[2025-11-05 15:21:19 : INFO] - Backing up the original image - 2024/09/logo-updraft-pre-smush-original.png 
[2025-11-05 15:21:20 : INFO] - Successfully optimized the image - /home3/partumde/partumdesign.com.mx/wp-content/uploads/2024/09/logo.png.El archivo se ha comprimido de 1.25 KB a 1.25 KB, ahorrando un 0 por ciento, usando WP-Optimize 
[2025-11-05 15:21:20 : INFO] - Completed processing task with ID : 11, and type 'smush' 
[2025-11-05 15:21:20 : INFO] - Processing task with ID : 12, and type 'smush' 
[2025-11-05 15:21:20 : INFO] - Re_Smush_It_Task - Attachment ID : 75, Started on : November 05, 2025 03:20:54 
[2025-11-05 15:21:20 : INFO] - File: logo.png, Compression quality: 92 
[2025-11-05 15:21:21 : INFO] - Backing up the original image - 2024/09/logo-updraft-pre-smush-original.png 
[2025-11-05 15:21:22 : INFO] - Successfully optimized the image - /home3/partumde/partumdesign.com.mx/wp-content/uploads/2024/09/logo.png.El archivo se ha comprimido de 1.25 KB a 1.25 KB, ahorrando un 0 por ciento, usando WP-Optimize 
[2025-11-05 15:21:22 : INFO] - Completed processing task with ID : 12, and type 'smush' 
[2025-11-05 15:21:22 : INFO] - Processing task with ID : 13, and type 'smush' 
[2025-11-05 15:21:22 : INFO] - Re_Smush_It_Task - Attachment ID : 77, Started on : November 05, 2025 03:20:54 
[2025-11-05 15:21:22 : INFO] - File: logo.png, Compression quality: 92 
[2025-11-05 15:21:23 : INFO] - Backing up the original image - 2024/09/logo-updraft-pre-smush-original.png 
[2025-11-05 15:21:24 : INFO] - Successfully optimized the image - /home3/partumde/partumdesign.com.mx/wp-content/uploads/2024/09/logo.png.El archivo se ha comprimido de 1.25 KB a 1.25 KB, ahorrando un 0 por ciento, usando WP-Optimize 
[2025-11-05 15:21:24 : INFO] - Completed processing task with ID : 13, and type 'smush' 
[2025-11-05 15:21:24 : INFO] - Processing task with ID : 14, and type 'smush' 
[2025-11-05 15:21:24 : INFO] - Re_Smush_It_Task - Attachment ID : 78, Started on : November 05, 2025 03:20:54 
[2025-11-05 15:21:24 : INFO] - File: logo.png, Compression quality: 92 
[2025-11-05 15:21:25 : INFO] - Backing up the original image - 2024/09/logo-updraft-pre-smush-original.png 
[2025-11-05 15:21:25 : INFO] - Successfully optimized the image - /home3/partumde/partumdesign.com.mx/wp-content/uploads/2024/09/logo.png.El archivo se ha comprimido de 1.25 KB a 1.25 KB, ahorrando un 0 por ciento, usando WP-Optimize 
[2025-11-05 15:21:25 : INFO] - Completed processing task with ID : 14, and type 'smush' 
[2025-11-05 15:21:25 : INFO] - Processing task with ID : 15, and type 'smush' 
[2025-11-05 15:21:25 : INFO] - Re_Smush_It_Task - Attachment ID : 79, Started on : November 05, 2025 03:20:54 
[2025-11-05 15:21:25 : INFO] - File: logo.png, Compression quality: 92 
[2025-11-05 15:21:26 : INFO] - Backing up the original image - 2024/09/logo-updraft-pre-smush-original.png 
[2025-11-05 15:21:27 : INFO] - Successfully optimized the image - /home3/partumde/partumdesign.com.mx/wp-content/uploads/2024/09/logo.png.El archivo se ha comprimido de 1.25 KB a 1.25 KB, ahorrando un 0 por ciento, usando WP-Optimize 
[2025-11-05 15:21:27 : INFO] - Completed processing task with ID : 15, and type 'smush' 
[2025-11-05 15:21:27 : INFO] - Processing task with ID : 16, and type 'smush' 
[2025-11-05 15:21:27 : INFO] - Re_Smush_It_Task - Attachment ID : 80, Started on : November 05, 2025 03:20:54 
[2025-11-05 15:21:27 : INFO] - File: logo.png, Compression quality: 92 
[2025-11-05 15:21:28 : INFO] - Backing up the original image - 2024/09/logo-updraft-pre-smush-original.png 
[2025-11-05 15:21:29 : INFO] - Successfully optimized the image - /home3/partumde/partumdesign.com.mx/wp-content/uploads/2024/09/logo.png.El archivo se ha comprimido de 1.25 KB a 1.25 KB, ahorrando un 0 por ciento, usando WP-Optimize 
[2025-11-05 15:21:29 : INFO] - Completed processing task with ID : 16, and type 'smush' 
[2025-11-05 15:21:29 : INFO] - Processing task with ID : 17, and type 'smush' 
[2025-11-05 15:21:29 : INFO] - Re_Smush_It_Task - Attachment ID : 83, Started on : November 05, 2025 03:20:54 
[2025-11-05 15:21:29 : INFO] - File: logo.png, Compression quality: 92 
[2025-11-05 15:21:30 : INFO] - Backing up the original image - 2024/09/logo-updraft-pre-smush-original.png 
[2025-11-05 15:21:30 : INFO] - Successfully optimized the image - /home3/partumde/partumdesign.com.mx/wp-content/uploads/2024/09/logo.png.El archivo se ha comprimido de 1.25 KB a 1.25 KB, ahorrando un 0 por ciento, usando WP-Optimize 
[2025-11-05 15:21:30 : INFO] - Completed processing task with ID : 17, and type 'smush' 
[2025-11-05 15:21:30 : INFO] - Processing task with ID : 18, and type 'smush' 
[2025-11-05 15:21:30 : INFO] - Re_Smush_It_Task - Attachment ID : 84, Started on : November 05, 2025 03:20:54 
[2025-11-05 15:21:30 : INFO] - File: logo.png, Compression quality: 92 
[2025-11-05 15:21:31 : INFO] - Backing up the original image - 2024/09/logo-updraft-pre-smush-original.png 
[2025-11-05 15:21:32 : INFO] - Successfully optimized the image - /home3/partumde/partumdesign.com.mx/wp-content/uploads/2024/09/logo.png.El archivo se ha comprimido de 1.25 KB a 1.25 KB, ahorrando un 0 por ciento, usando WP-Optimize 
[2025-11-05 15:21:32 : INFO] - Completed processing task with ID : 18, and type 'smush' 
[2025-11-05 15:21:32 : INFO] - Processing task with ID : 19, and type 'smush' 
[2025-11-05 15:21:32 : INFO] - Re_Smush_It_Task - Attachment ID : 86, Started on : November 05, 2025 03:20:54 
[2025-11-05 15:21:32 : INFO] - File: logo.png, Compression quality: 92 
[2025-11-05 15:21:33 : INFO] - Backing up the original image - 2024/09/logo-updraft-pre-smush-original.png 
[2025-11-05 15:21:34 : INFO] - Successfully optimized the image - /home3/partumde/partumdesign.com.mx/wp-content/uploads/2024/09/logo.png.El archivo se ha comprimido de 1.25 KB a 1.25 KB, ahorrando un 0 por ciento, usando WP-Optimize 
[2025-11-05 15:21:34 : INFO] - Completed processing task with ID : 19, and type 'smush' 
[2025-11-05 15:21:34 : INFO] - Processing task with ID : 20, and type 'smush' 
[2025-11-05 15:21:34 : INFO] - Re_Smush_It_Task - Attachment ID : 87, Started on : November 05, 2025 03:20:54 
[2025-11-05 15:21:34 : INFO] - File: logo.png, Compression quality: 92 
[2025-11-05 15:21:34 : INFO] - Backing up the original image - 2024/09/logo-updraft-pre-smush-original.png 
[2025-11-05 15:21:35 : INFO] - Successfully optimized the image - /home3/partumde/partumdesign.com.mx/wp-content/uploads/2024/09/logo.png.El archivo se ha comprimido de 1.25 KB a 1.25 KB, ahorrando un 0 por ciento, usando WP-Optimize 
[2025-11-05 15:21:35 : INFO] - Completed processing task with ID : 20, and type 'smush' 
[2025-11-05 15:21:35 : INFO] - Processing task with ID : 21, and type 'smush' 
[2025-11-05 15:21:35 : INFO] - Re_Smush_It_Task - Attachment ID : 90, Started on : November 05, 2025 03:20:55 
[2025-11-05 15:21:35 : INFO] - File: logo.png, Compression quality: 92 
[2025-11-05 15:21:36 : INFO] - Backing up the original image - 2024/09/logo-updraft-pre-smush-original.png 
[2025-11-05 15:21:37 : INFO] - Successfully optimized the image - /home3/partumde/partumdesign.com.mx/wp-content/uploads/2024/09/logo.png.El archivo se ha comprimido de 1.25 KB a 1.25 KB, ahorrando un 0 por ciento, usando WP-Optimize 
[2025-11-05 15:21:37 : INFO] - Completed processing task with ID : 21, and type 'smush' 
[2025-11-05 15:21:37 : INFO] - Processing task with ID : 22, and type 'smush' 
[2025-11-05 15:21:37 : INFO] - Re_Smush_It_Task - Attachment ID : 91, Started on : November 05, 2025 03:20:55 
[2025-11-05 15:21:37 : INFO] - File: logo.png, Compression quality: 92 
[2025-11-05 15:21:38 : INFO] - Backing up the original image - 2024/09/logo-updraft-pre-smush-original.png 
[2025-11-05 15:21:38 : INFO] - Successfully optimized the image - /home3/partumde/partumdesign.com.mx/wp-content/uploads/2024/09/logo.png.El archivo se ha comprimido de 1.25 KB a 1.25 KB, ahorrando un 0 por ciento, usando WP-Optimize 
[2025-11-05 15:21:38 : INFO] - Completed processing task with ID : 22, and type 'smush' 
[2025-11-05 15:21:38 : INFO] - Processing task with ID : 23, and type 'smush' 
[2025-11-05 15:21:38 : INFO] - Re_Smush_It_Task - Attachment ID : 99, Started on : November 05, 2025 03:20:55 
[2025-11-05 15:21:38 : INFO] - File: logo.png, Compression quality: 92 
[2025-11-05 15:21:39 : INFO] - Backing up the original image - 2024/09/logo-updraft-pre-smush-original.png 
[2025-11-05 15:21:40 : INFO] - Successfully optimized the image - /home3/partumde/partumdesign.com.mx/wp-content/uploads/2024/09/logo.png.El archivo se ha comprimido de 1.25 KB a 1.25 KB, ahorrando un 0 por ciento, usando WP-Optimize 
[2025-11-05 15:21:40 : INFO] - Completed processing task with ID : 23, and type 'smush' 
[2025-11-05 15:21:40 : INFO] - Processing task with ID : 24, and type 'smush' 
[2025-11-05 15:21:40 : INFO] - Re_Smush_It_Task - Attachment ID : 112, Started on : November 05, 2025 03:20:55 
[2025-11-05 15:21:40 : INFO] - File: logo.png, Compression quality: 92 
[2025-11-05 15:21:41 : INFO] - Backing up the original image - 2024/09/logo-updraft-pre-smush-original.png 
[2025-11-05 15:21:42 : INFO] - Successfully optimized the image - /home3/partumde/partumdesign.com.mx/wp-content/uploads/2024/09/logo.png.El archivo se ha comprimido de 1.25 KB a 1.25 KB, ahorrando un 0 por ciento, usando WP-Optimize 
[2025-11-05 15:21:42 : INFO] - Completed processing task with ID : 24, and type 'smush' 
[2025-11-05 15:21:42 : INFO] - Processing task with ID : 25, and type 'smush' 
[2025-11-05 15:21:42 : INFO] - Re_Smush_It_Task - Attachment ID : 114, Started on : November 05, 2025 03:20:55 
[2025-11-05 15:21:42 : INFO] - File: logo.png, Compression quality: 92 
[2025-11-05 15:21:42 : INFO] - Backing up the original image - 2024/09/logo-updraft-pre-smush-original.png 
[2025-11-05 15:21:43 : INFO] - Successfully optimized the image - /home3/partumde/partumdesign.com.mx/wp-content/uploads/2024/09/logo.png.El archivo se ha comprimido de 1.25 KB a 1.25 KB, ahorrando un 0 por ciento, usando WP-Optimize 
[2025-11-05 15:21:43 : INFO] - Completed processing task with ID : 25, and type 'smush' 
[2025-11-05 15:21:43 : INFO] - Processing task with ID : 26, and type 'smush' 
[2025-11-05 15:21:43 : INFO] - Re_Smush_It_Task - Attachment ID : 115, Started on : November 05, 2025 03:20:55 
[2025-11-05 15:21:43 : INFO] - File: logo.png, Compression quality: 92 
[2025-11-05 15:21:44 : INFO] - Backing up the original image - 2024/09/logo-updraft-pre-smush-original.png 
[2025-11-05 15:21:45 : INFO] - Successfully optimized the image - /home3/partumde/partumdesign.com.mx/wp-content/uploads/2024/09/logo.png.El archivo se ha comprimido de 1.25 KB a 1.25 KB, ahorrando un 0 por ciento, usando WP-Optimize 
[2025-11-05 15:21:45 : INFO] - Completed processing task with ID : 26, and type 'smush' 
[2025-11-05 15:21:45 : INFO] - Processing task with ID : 27, and type 'smush' 
[2025-11-05 15:21:45 : INFO] - Re_Smush_It_Task - Attachment ID : 116, Started on : November 05, 2025 03:20:56 
[2025-11-05 15:21:45 : INFO] - File: logo.png, Compression quality: 92 
[2025-11-05 15:21:46 : INFO] - Backing up the original image - 2024/09/logo-updraft-pre-smush-original.png 
[2025-11-05 15:21:46 : INFO] - Successfully optimized the image - /home3/partumde/partumdesign.com.mx/wp-content/uploads/2024/09/logo.png.El archivo se ha comprimido de 1.25 KB a 1.25 KB, ahorrando un 0 por ciento, usando WP-Optimize 
[2025-11-05 15:21:46 : INFO] - Completed processing task with ID : 27, and type 'smush' 
[2025-11-05 15:21:46 : INFO] - Processing task with ID : 28, and type 'smush' 
[2025-11-05 15:21:46 : INFO] - Re_Smush_It_Task - Attachment ID : 117, Started on : November 05, 2025 03:20:56 
[2025-11-05 15:21:46 : INFO] - File: logo.png, Compression quality: 92 
[2025-11-05 15:21:47 : INFO] - Backing up the original image - 2024/09/logo-updraft-pre-smush-original.png 
[2025-11-05 15:21:48 : INFO] - Successfully optimized the image - /home3/partumde/partumdesign.com.mx/wp-content/uploads/2024/09/logo.png.El archivo se ha comprimido de 1.25 KB a 1.25 KB, ahorrando un 0 por ciento, usando WP-Optimize 
[2025-11-05 15:21:48 : INFO] - Completed processing task with ID : 28, and type 'smush' 
[2025-11-05 15:21:48 : INFO] - Processing task with ID : 29, and type 'smush' 
[2025-11-05 15:21:48 : INFO] - Re_Smush_It_Task - Attachment ID : 118, Started on : November 05, 2025 03:20:56 
[2025-11-05 15:21:48 : INFO] - File: logo.png, Compression quality: 92 
[2025-11-05 15:21:49 : INFO] - Backing up the original image - 2024/09/logo-updraft-pre-smush-original.png 
[2025-11-05 15:21:50 : INFO] - Successfully optimized the image - /home3/partumde/partumdesign.com.mx/wp-content/uploads/2024/09/logo.png.El archivo se ha comprimido de 1.25 KB a 1.25 KB, ahorrando un 0 por ciento, usando WP-Optimize 
[2025-11-05 15:21:50 : INFO] - Completed processing task with ID : 29, and type 'smush' 
[2025-11-05 15:21:50 : INFO] - Processing task with ID : 30, and type 'smush' 
[2025-11-05 15:21:50 : INFO] - Re_Smush_It_Task - Attachment ID : 119, Started on : November 05, 2025 03:20:56 
[2025-11-05 15:21:50 : INFO] - File: logo.png, Compression quality: 92 
[2025-11-05 15:21:50 : INFO] - Backing up the original image - 2024/09/logo-updraft-pre-smush-original.png 
[2025-11-05 15:21:51 : INFO] - Successfully optimized the image - /home3/partumde/partumdesign.com.mx/wp-content/uploads/2024/09/logo.png.El archivo se ha comprimido de 1.25 KB a 1.25 KB, ahorrando un 0 por ciento, usando WP-Optimize 
[2025-11-05 15:21:51 : INFO] - Completed processing task with ID : 30, and type 'smush' 
[2025-11-05 15:21:51 : INFO] - Processing task with ID : 31, and type 'smush' 
[2025-11-05 15:21:51 : INFO] - Re_Smush_It_Task - Attachment ID : 120, Started on : November 05, 2025 03:20:56 
[2025-11-05 15:21:51 : INFO] - File: logo.png, Compression quality: 92 
[2025-11-05 15:21:52 : INFO] - Backing up the original image - 2024/09/logo-updraft-pre-smush-original.png 
[2025-11-05 15:21:53 : INFO] - Successfully optimized the image - /home3/partumde/partumdesign.com.mx/wp-content/uploads/2024/09/logo.png.El archivo se ha comprimido de 1.25 KB a 1.25 KB, ahorrando un 0 por ciento, usando WP-Optimize 
[2025-11-05 15:21:53 : INFO] - Completed processing task with ID : 31, and type 'smush' 
[2025-11-05 15:21:53 : INFO] - Processing task with ID : 32, and type 'smush' 
[2025-11-05 15:21:53 : INFO] - Re_Smush_It_Task - Attachment ID : 121, Started on : November 05, 2025 03:20:56 
[2025-11-05 15:21:53 : INFO] - File: logo.png, Compression quality: 92 
[2025-11-05 15:21:53 : INFO] - A total of 92 tasks of type smush found and will be processed in this iteration 
[2025-11-05 15:21:53 : DEBUG] - Lock option (updraft_lock_smush, wp_options) already existed in the database 
[2025-11-05 15:21:53 : INFO] - Lock (updraft_lock_smush, wp_options) could not be acquired (it is locked) 
[2025-11-05 15:21:53 : INFO] - Failed to gain semaphore lock (smush) - another process is already processing the queue - aborting (if this is wrong - i.e. if the other process crashed without removing the lock, then another can be started after 1 minute 
[2025-11-05 15:21:53 : INFO] - Cleaning up tasks of type (smush). A total of 31 tasks will be deleted. 
[2025-11-05 15:21:54 : INFO] - Backing up the original image - 2024/09/logo-updraft-pre-smush-original.png 
[2025-11-05 15:21:54 : INFO] - Successfully optimized the image - /home3/partumde/partumdesign.com.mx/wp-content/uploads/2024/09/logo.png.El archivo se ha comprimido de 1.25 KB a 1.25 KB, ahorrando un 0 por ciento, usando WP-Optimize 
[2025-11-05 15:21:54 : INFO] - Completed processing task with ID : 32, and type 'smush' 
[2025-11-05 15:21:54 : INFO] - Processing task with ID : 33, and type 'smush' 
[2025-11-05 15:21:54 : INFO] - Re_Smush_It_Task - Attachment ID : 122, Started on : November 05, 2025 03:20:56 
[2025-11-05 15:21:54 : INFO] - File: logo.png, Compression quality: 92 
[2025-11-05 15:21:55 : INFO] - Backing up the original image - 2024/09/logo-updraft-pre-smush-original.png 
[2025-11-05 15:21:56 : INFO] - Successfully optimized the image - /home3/partumde/partumdesign.com.mx/wp-content/uploads/2024/09/logo.png.El archivo se ha comprimido de 1.25 KB a 1.25 KB, ahorrando un 0 por ciento, usando WP-Optimize 
[2025-11-05 15:21:56 : INFO] - Completed processing task with ID : 33, and type 'smush' 
[2025-11-05 15:21:56 : INFO] - Processing task with ID : 34, and type 'smush' 
[2025-11-05 15:21:56 : INFO] - Re_Smush_It_Task - Attachment ID : 123, Started on : November 05, 2025 03:20:56 
[2025-11-05 15:21:56 : INFO] - File: logo.png, Compression quality: 92 
[2025-11-05 15:21:57 : INFO] - Backing up the original image - 2024/09/logo-updraft-pre-smush-original.png 
[2025-11-05 15:21:58 : INFO] - Successfully optimized the image - /home3/partumde/partumdesign.com.mx/wp-content/uploads/2024/09/logo.png.El archivo se ha comprimido de 1.25 KB a 1.25 KB, ahorrando un 0 por ciento, usando WP-Optimize 
[2025-11-05 15:21:58 : INFO] - Completed processing task with ID : 34, and type 'smush' 
[2025-11-05 15:21:58 : INFO] - Processing task with ID : 35, and type 'smush' 
[2025-11-05 15:21:58 : INFO] - Re_Smush_It_Task - Attachment ID : 124, Started on : November 05, 2025 03:20:56 
[2025-11-05 15:21:58 : INFO] - File: logo.png, Compression quality: 92 
[2025-11-05 15:21:59 : INFO] - Backing up the original image - 2024/09/logo-updraft-pre-smush-original.png 
[2025-11-05 15:21:59 : INFO] - Successfully optimized the image - /home3/partumde/partumdesign.com.mx/wp-content/uploads/2024/09/logo.png.El archivo se ha comprimido de 1.25 KB a 1.25 KB, ahorrando un 0 por ciento, usando WP-Optimize 
[2025-11-05 15:21:59 : INFO] - Completed processing task with ID : 35, and type 'smush' 
[2025-11-05 15:21:59 : INFO] - Processing task with ID : 36, and type 'smush' 
[2025-11-05 15:21:59 : INFO] - Re_Smush_It_Task - Attachment ID : 125, Started on : November 05, 2025 03:20:56 
[2025-11-05 15:21:59 : INFO] - File: logo.png, Compression quality: 92 
[2025-11-05 15:22:00 : INFO] - Backing up the original image - 2024/09/logo-updraft-pre-smush-original.png 
[2025-11-05 15:22:01 : INFO] - Successfully optimized the image - /home3/partumde/partumdesign.com.mx/wp-content/uploads/2024/09/logo.png.El archivo se ha comprimido de 1.25 KB a 1.25 KB, ahorrando un 0 por ciento, usando WP-Optimize 
[2025-11-05 15:22:01 : INFO] - Completed processing task with ID : 36, and type 'smush' 
[2025-11-05 15:22:01 : INFO] - Processing task with ID : 37, and type 'smush' 
[2025-11-05 15:22:01 : INFO] - Re_Smush_It_Task - Attachment ID : 126, Started on : November 05, 2025 03:20:56 
[2025-11-05 15:22:01 : INFO] - File: logo.png, Compression quality: 92 
[2025-11-05 15:22:02 : INFO] - Backing up the original image - 2024/09/logo-updraft-pre-smush-original.png 
[2025-11-05 15:22:03 : INFO] - Successfully optimized the image - /home3/partumde/partumdesign.com.mx/wp-content/uploads/2024/09/logo.png.El archivo se ha comprimido de 1.25 KB a 1.25 KB, ahorrando un 0 por ciento, usando WP-Optimize 
[2025-11-05 15:22:03 : INFO] - Completed processing task with ID : 37, and type 'smush' 
[2025-11-05 15:22:03 : INFO] - Processing task with ID : 38, and type 'smush' 
[2025-11-05 15:22:03 : INFO] - Re_Smush_It_Task - Attachment ID : 127, Started on : November 05, 2025 03:20:56 
[2025-11-05 15:22:03 : INFO] - File: logo.png, Compression quality: 92 
[2025-11-05 15:22:04 : INFO] - Backing up the original image - 2024/09/logo-updraft-pre-smush-original.png 
[2025-11-05 15:22:05 : INFO] - Successfully optimized the image - /home3/partumde/partumdesign.com.mx/wp-content/uploads/2024/09/logo.png.El archivo se ha comprimido de 1.25 KB a 1.25 KB, ahorrando un 0 por ciento, usando WP-Optimize 
[2025-11-05 15:22:05 : INFO] - Completed processing task with ID : 38, and type 'smush' 
[2025-11-05 15:22:05 : INFO] - Processing task with ID : 39, and type 'smush' 
[2025-11-05 15:22:05 : INFO] - Re_Smush_It_Task - Attachment ID : 128, Started on : November 05, 2025 03:20:56 
[2025-11-05 15:22:05 : INFO] - File: logo.png, Compression quality: 92 
[2025-11-05 15:22:05 : INFO] - Backing up the original image - 2024/09/logo-updraft-pre-smush-original.png 
[2025-11-05 15:22:06 : INFO] - Successfully optimized the image - /home3/partumde/partumdesign.com.mx/wp-content/uploads/2024/09/logo.png.El archivo se ha comprimido de 1.25 KB a 1.25 KB, ahorrando un 0 por ciento, usando WP-Optimize 
[2025-11-05 15:22:06 : INFO] - Completed processing task with ID : 39, and type 'smush' 
[2025-11-05 15:22:06 : INFO] - Processing task with ID : 40, and type 'smush' 
[2025-11-05 15:22:06 : INFO] - Re_Smush_It_Task - Attachment ID : 129, Started on : November 05, 2025 03:20:56 
[2025-11-05 15:22:06 : INFO] - File: logo.png, Compression quality: 92 
[2025-11-05 15:22:07 : INFO] - Backing up the original image - 2024/09/logo-updraft-pre-smush-original.png 
[2025-11-05 15:22:08 : INFO] - Successfully optimized the image - /home3/partumde/partumdesign.com.mx/wp-content/uploads/2024/09/logo.png.El archivo se ha comprimido de 1.25 KB a 1.25 KB, ahorrando un 0 por ciento, usando WP-Optimize 
[2025-11-05 15:22:08 : INFO] - Completed processing task with ID : 40, and type 'smush' 
[2025-11-05 15:22:08 : INFO] - Processing task with ID : 41, and type 'smush' 
[2025-11-05 15:22:08 : INFO] - Re_Smush_It_Task - Attachment ID : 130, Started on : November 05, 2025 03:20:56 
[2025-11-05 15:22:08 : INFO] - File: logo.png, Compression quality: 92 
[2025-11-05 15:22:09 : INFO] - Backing up the original image - 2024/09/logo-updraft-pre-smush-original.png 
[2025-11-05 15:22:10 : INFO] - Successfully optimized the image - /home3/partumde/partumdesign.com.mx/wp-content/uploads/2024/09/logo.png.El archivo se ha comprimido de 1.25 KB a 1.25 KB, ahorrando un 0 por ciento, usando WP-Optimize 
[2025-11-05 15:22:10 : INFO] - Completed processing task with ID : 41, and type 'smush' 
[2025-11-05 15:22:10 : INFO] - Processing task with ID : 42, and type 'smush' 
[2025-11-05 15:22:10 : INFO] - Re_Smush_It_Task - Attachment ID : 131, Started on : November 05, 2025 03:20:56 
[2025-11-05 15:22:10 : INFO] - File: logo.png, Compression quality: 92 
[2025-11-05 15:22:10 : INFO] - Backing up the original image - 2024/09/logo-updraft-pre-smush-original.png 
[2025-11-05 15:22:11 : INFO] - Successfully optimized the image - /home3/partumde/partumdesign.com.mx/wp-content/uploads/2024/09/logo.png.El archivo se ha comprimido de 1.25 KB a 1.25 KB, ahorrando un 0 por ciento, usando WP-Optimize 
[2025-11-05 15:22:11 : INFO] - Completed processing task with ID : 42, and type 'smush' 
[2025-11-05 15:22:11 : INFO] - Processing task with ID : 43, and type 'smush' 
[2025-11-05 15:22:11 : INFO] - Re_Smush_It_Task - Attachment ID : 133, Started on : November 05, 2025 03:20:57 
[2025-11-05 15:22:11 : INFO] - File: logo.png, Compression quality: 92 
[2025-11-05 15:22:12 : INFO] - Backing up the original image - 2024/09/logo-updraft-pre-smush-original.png 
[2025-11-05 15:22:13 : INFO] - Successfully optimized the image - /home3/partumde/partumdesign.com.mx/wp-content/uploads/2024/09/logo.png.El archivo se ha comprimido de 1.25 KB a 1.25 KB, ahorrando un 0 por ciento, usando WP-Optimize 
[2025-11-05 15:22:13 : INFO] - Completed processing task with ID : 43, and type 'smush' 
[2025-11-05 15:22:13 : INFO] - Processing task with ID : 44, and type 'smush' 
[2025-11-05 15:22:13 : INFO] - Re_Smush_It_Task - Attachment ID : 134, Started on : November 05, 2025 03:20:57 
[2025-11-05 15:22:13 : INFO] - File: logo.png, Compression quality: 92 
[2025-11-05 15:22:14 : INFO] - Backing up the original image - 2024/09/logo-updraft-pre-smush-original.png 
[2025-11-05 15:22:15 : INFO] - Successfully optimized the image - /home3/partumde/partumdesign.com.mx/wp-content/uploads/2024/09/logo.png.El archivo se ha comprimido de 1.25 KB a 1.25 KB, ahorrando un 0 por ciento, usando WP-Optimize 
[2025-11-05 15:22:15 : INFO] - Completed processing task with ID : 44, and type 'smush' 
[2025-11-05 15:22:15 : INFO] - Processing task with ID : 45, and type 'smush' 
[2025-11-05 15:22:15 : INFO] - Re_Smush_It_Task - Attachment ID : 135, Started on : November 05, 2025 03:20:57 
[2025-11-05 15:22:15 : INFO] - File: logo.png, Compression quality: 92 
[2025-11-05 15:22:15 : INFO] - Backing up the original image - 2024/09/logo-updraft-pre-smush-original.png 
[2025-11-05 15:22:16 : INFO] - Successfully optimized the image - /home3/partumde/partumdesign.com.mx/wp-content/uploads/2024/09/logo.png.El archivo se ha comprimido de 1.25 KB a 1.25 KB, ahorrando un 0 por ciento, usando WP-Optimize 
[2025-11-05 15:22:16 : INFO] - Completed processing task with ID : 45, and type 'smush' 
[2025-11-05 15:22:16 : INFO] - Processing task with ID : 46, and type 'smush' 
[2025-11-05 15:22:16 : INFO] - Re_Smush_It_Task - Attachment ID : 136, Started on : November 05, 2025 03:20:57 
[2025-11-05 15:22:16 : INFO] - File: logo.png, Compression quality: 92 
[2025-11-05 15:22:17 : INFO] - Backing up the original image - 2024/09/logo-updraft-pre-smush-original.png 
[2025-11-05 15:22:18 : INFO] - Successfully optimized the image - /home3/partumde/partumdesign.com.mx/wp-content/uploads/2024/09/logo.png.El archivo se ha comprimido de 1.25 KB a 1.25 KB, ahorrando un 0 por ciento, usando WP-Optimize 
[2025-11-05 15:22:18 : INFO] - Completed processing task with ID : 46, and type 'smush' 
[2025-11-05 15:22:18 : INFO] - Processing task with ID : 47, and type 'smush' 
[2025-11-05 15:22:18 : INFO] - Re_Smush_It_Task - Attachment ID : 137, Started on : November 05, 2025 03:20:57 
[2025-11-05 15:22:18 : INFO] - File: logo.png, Compression quality: 92 
[2025-11-05 15:22:19 : INFO] - Backing up the original image - 2024/09/logo-updraft-pre-smush-original.png 
[2025-11-05 15:22:20 : INFO] - Successfully optimized the image - /home3/partumde/partumdesign.com.mx/wp-content/uploads/2024/09/logo.png.El archivo se ha comprimido de 1.25 KB a 1.25 KB, ahorrando un 0 por ciento, usando WP-Optimize 
[2025-11-05 15:22:20 : INFO] - Completed processing task with ID : 47, and type 'smush' 
[2025-11-05 15:22:20 : INFO] - Processing task with ID : 48, and type 'smush' 
[2025-11-05 15:22:20 : INFO] - Re_Smush_It_Task - Attachment ID : 138, Started on : November 05, 2025 03:20:57 
[2025-11-05 15:22:20 : INFO] - File: logo.png, Compression quality: 92 
[2025-11-05 15:22:20 : INFO] - Backing up the original image - 2024/09/logo-updraft-pre-smush-original.png 
[2025-11-05 15:22:21 : INFO] - Successfully optimized the image - /home3/partumde/partumdesign.com.mx/wp-content/uploads/2024/09/logo.png.El archivo se ha comprimido de 1.25 KB a 1.25 KB, ahorrando un 0 por ciento, usando WP-Optimize 
[2025-11-05 15:22:21 : INFO] - Completed processing task with ID : 48, and type 'smush' 
[2025-11-05 15:22:21 : INFO] - Processing task with ID : 49, and type 'smush' 
[2025-11-05 15:22:21 : INFO] - Re_Smush_It_Task - Attachment ID : 139, Started on : November 05, 2025 03:20:57 
[2025-11-05 15:22:21 : INFO] - File: logo.png, Compression quality: 92 
[2025-11-05 15:22:22 : INFO] - Backing up the original image - 2024/09/logo-updraft-pre-smush-original.png 
[2025-11-05 15:22:23 : INFO] - Successfully optimized the image - /home3/partumde/partumdesign.com.mx/wp-content/uploads/2024/09/logo.png.El archivo se ha comprimido de 1.25 KB a 1.25 KB, ahorrando un 0 por ciento, usando WP-Optimize 
[2025-11-05 15:22:23 : INFO] - Completed processing task with ID : 49, and type 'smush' 
[2025-11-05 15:22:23 : INFO] - Processing task with ID : 50, and type 'smush' 
[2025-11-05 15:22:23 : INFO] - Re_Smush_It_Task - Attachment ID : 140, Started on : November 05, 2025 03:20:57 
[2025-11-05 15:22:23 : INFO] - File: logo.png, Compression quality: 92 
[2025-11-05 15:22:24 : INFO] - Backing up the original image - 2024/09/logo-updraft-pre-smush-original.png 
[2025-11-05 15:22:25 : INFO] - Successfully optimized the image - /home3/partumde/partumdesign.com.mx/wp-content/uploads/2024/09/logo.png.El archivo se ha comprimido de 1.25 KB a 1.25 KB, ahorrando un 0 por ciento, usando WP-Optimize 
[2025-11-05 15:22:25 : INFO] - Completed processing task with ID : 50, and type 'smush' 
[2025-11-05 15:22:25 : INFO] - Processing task with ID : 51, and type 'smush' 
[2025-11-05 15:22:25 : INFO] - Re_Smush_It_Task - Attachment ID : 141, Started on : November 05, 2025 03:20:57 
[2025-11-05 15:22:25 : INFO] - File: logo.png, Compression quality: 92 
[2025-11-05 15:22:25 : INFO] - Backing up the original image - 2024/09/logo-updraft-pre-smush-original.png 
[2025-11-05 15:22:26 : INFO] - Successfully optimized the image - /home3/partumde/partumdesign.com.mx/wp-content/uploads/2024/09/logo.png.El archivo se ha comprimido de 1.25 KB a 1.25 KB, ahorrando un 0 por ciento, usando WP-Optimize 
[2025-11-05 15:22:26 : INFO] - Completed processing task with ID : 51, and type 'smush' 
[2025-11-05 15:22:26 : INFO] - Processing task with ID : 52, and type 'smush' 
[2025-11-05 15:22:26 : INFO] - Re_Smush_It_Task - Attachment ID : 142, Started on : November 05, 2025 03:20:57 
[2025-11-05 15:22:26 : INFO] - File: logo.png, Compression quality: 92 
[2025-11-05 15:22:27 : INFO] - Backing up the original image - 2024/09/logo-updraft-pre-smush-original.png 
[2025-11-05 15:22:28 : INFO] - Successfully optimized the image - /home3/partumde/partumdesign.com.mx/wp-content/uploads/2024/09/logo.png.El archivo se ha comprimido de 1.25 KB a 1.25 KB, ahorrando un 0 por ciento, usando WP-Optimize 
[2025-11-05 15:22:28 : INFO] - Completed processing task with ID : 52, and type 'smush' 
[2025-11-05 15:22:28 : INFO] - Processing task with ID : 53, and type 'smush' 
[2025-11-05 15:22:28 : INFO] - Re_Smush_It_Task - Attachment ID : 143, Started on : November 05, 2025 03:20:57 
[2025-11-05 15:22:28 : INFO] - File: logo.png, Compression quality: 92 
[2025-11-05 15:22:29 : INFO] - Backing up the original image - 2024/09/logo-updraft-pre-smush-original.png 
[2025-11-05 15:22:30 : INFO] - Successfully optimized the image - /home3/partumde/partumdesign.com.mx/wp-content/uploads/2024/09/logo.png.El archivo se ha comprimido de 1.25 KB a 1.25 KB, ahorrando un 0 por ciento, usando WP-Optimize 
[2025-11-05 15:22:30 : INFO] - Completed processing task with ID : 53, and type 'smush' 
[2025-11-05 15:22:30 : INFO] - Processing task with ID : 54, and type 'smush' 
[2025-11-05 15:22:30 : INFO] - Re_Smush_It_Task - Attachment ID : 144, Started on : November 05, 2025 03:20:57 
[2025-11-05 15:22:30 : INFO] - File: logo.png, Compression quality: 92 
[2025-11-05 15:22:30 : INFO] - Backing up the original image - 2024/09/logo-updraft-pre-smush-original.png 
[2025-11-05 15:22:31 : INFO] - Successfully optimized the image - /home3/partumde/partumdesign.com.mx/wp-content/uploads/2024/09/logo.png.El archivo se ha comprimido de 1.25 KB a 1.25 KB, ahorrando un 0 por ciento, usando WP-Optimize 
[2025-11-05 15:22:31 : INFO] - Completed processing task with ID : 54, and type 'smush' 
[2025-11-05 15:22:31 : INFO] - Processing task with ID : 55, and type 'smush' 
[2025-11-05 15:22:31 : INFO] - Re_Smush_It_Task - Attachment ID : 145, Started on : November 05, 2025 03:20:57 
[2025-11-05 15:22:31 : INFO] - File: logo.png, Compression quality: 92 
[2025-11-05 15:22:32 : INFO] - Backing up the original image - 2024/09/logo-updraft-pre-smush-original.png 
[2025-11-05 15:22:33 : INFO] - Successfully optimized the image - /home3/partumde/partumdesign.com.mx/wp-content/uploads/2024/09/logo.png.El archivo se ha comprimido de 1.25 KB a 1.25 KB, ahorrando un 0 por ciento, usando WP-Optimize 
[2025-11-05 15:22:33 : INFO] - Completed processing task with ID : 55, and type 'smush' 
[2025-11-05 15:22:33 : INFO] - Processing task with ID : 56, and type 'smush' 
[2025-11-05 15:22:33 : INFO] - Re_Smush_It_Task - Attachment ID : 146, Started on : November 05, 2025 03:20:57 
[2025-11-05 15:22:33 : INFO] - File: logo.png, Compression quality: 92 
[2025-11-05 15:22:34 : INFO] - Backing up the original image - 2024/09/logo-updraft-pre-smush-original.png 
[2025-11-05 15:22:35 : INFO] - Successfully optimized the image - /home3/partumde/partumdesign.com.mx/wp-content/uploads/2024/09/logo.png.El archivo se ha comprimido de 1.25 KB a 1.25 KB, ahorrando un 0 por ciento, usando WP-Optimize 
[2025-11-05 15:22:35 : INFO] - Completed processing task with ID : 56, and type 'smush' 
[2025-11-05 15:22:35 : INFO] - Processing task with ID : 57, and type 'smush' 
[2025-11-05 15:22:35 : INFO] - Re_Smush_It_Task - Attachment ID : 147, Started on : November 05, 2025 03:20:57 
[2025-11-05 15:22:35 : INFO] - File: logo.png, Compression quality: 92 
[2025-11-05 15:22:35 : INFO] - Backing up the original image - 2024/09/logo-updraft-pre-smush-original.png 
[2025-11-05 15:22:36 : INFO] - Successfully optimized the image - /home3/partumde/partumdesign.com.mx/wp-content/uploads/2024/09/logo.png.El archivo se ha comprimido de 1.25 KB a 1.25 KB, ahorrando un 0 por ciento, usando WP-Optimize 
[2025-11-05 15:22:36 : INFO] - Completed processing task with ID : 57, and type 'smush' 
[2025-11-05 15:22:36 : INFO] - Processing task with ID : 58, and type 'smush' 
[2025-11-05 15:22:36 : INFO] - Re_Smush_It_Task - Attachment ID : 148, Started on : November 05, 2025 03:20:57 
[2025-11-05 15:22:36 : INFO] - File: logo.png, Compression quality: 92 
[2025-11-05 15:22:37 : INFO] - Backing up the original image - 2024/09/logo-updraft-pre-smush-original.png 
[2025-11-05 15:22:38 : INFO] - Successfully optimized the image - /home3/partumde/partumdesign.com.mx/wp-content/uploads/2024/09/logo.png.El archivo se ha comprimido de 1.25 KB a 1.25 KB, ahorrando un 0 por ciento, usando WP-Optimize 
[2025-11-05 15:22:38 : INFO] - Completed processing task with ID : 58, and type 'smush' 
[2025-11-05 15:22:38 : INFO] - Processing task with ID : 59, and type 'smush' 
[2025-11-05 15:22:38 : INFO] - Re_Smush_It_Task - Attachment ID : 156, Started on : November 05, 2025 03:20:57 
[2025-11-05 15:22:38 : INFO] - File: logo.png, Compression quality: 92 
[2025-11-05 15:22:39 : INFO] - Backing up the original image - 2024/09/logo-updraft-pre-smush-original.png 
[2025-11-05 15:22:40 : INFO] - Successfully optimized the image - /home3/partumde/partumdesign.com.mx/wp-content/uploads/2024/09/logo.png.El archivo se ha comprimido de 1.25 KB a 1.25 KB, ahorrando un 0 por ciento, usando WP-Optimize 
[2025-11-05 15:22:40 : INFO] - Completed processing task with ID : 59, and type 'smush' 
[2025-11-05 15:22:40 : INFO] - Processing task with ID : 60, and type 'smush' 
[2025-11-05 15:22:40 : INFO] - Re_Smush_It_Task - Attachment ID : 159, Started on : November 05, 2025 03:20:57 
[2025-11-05 15:22:40 : INFO] - File: logo.png, Compression quality: 92 
[2025-11-05 15:22:40 : INFO] - Backing up the original image - 2024/09/logo-updraft-pre-smush-original.png 
[2025-11-05 15:22:41 : INFO] - Successfully optimized the image - /home3/partumde/partumdesign.com.mx/wp-content/uploads/2024/09/logo.png.El archivo se ha comprimido de 1.25 KB a 1.25 KB, ahorrando un 0 por ciento, usando WP-Optimize 
[2025-11-05 15:22:41 : INFO] - Completed processing task with ID : 60, and type 'smush' 
[2025-11-05 15:22:41 : INFO] - Processing task with ID : 61, and type 'smush' 
[2025-11-05 15:22:41 : INFO] - Re_Smush_It_Task - Attachment ID : 205, Started on : November 05, 2025 03:20:57 
[2025-11-05 15:22:41 : INFO] - File: logo.png, Compression quality: 92 
[2025-11-05 15:22:42 : INFO] - Backing up the original image - 2024/09/logo-updraft-pre-smush-original.png 
[2025-11-05 15:22:43 : INFO] - Successfully optimized the image - /home3/partumde/partumdesign.com.mx/wp-content/uploads/2024/09/logo.png.El archivo se ha comprimido de 1.25 KB a 1.25 KB, ahorrando un 0 por ciento, usando WP-Optimize 
[2025-11-05 15:22:43 : INFO] - Completed processing task with ID : 61, and type 'smush' 
[2025-11-05 15:22:43 : INFO] - Processing task with ID : 62, and type 'smush' 
[2025-11-05 15:22:43 : INFO] - Re_Smush_It_Task - Attachment ID : 206, Started on : November 05, 2025 03:20:57 
[2025-11-05 15:22:43 : INFO] - File: logo.png, Compression quality: 92 
[2025-11-05 15:22:43 : INFO] - Backing up the original image - 2024/09/logo-updraft-pre-smush-original.png 
[2025-11-05 15:22:44 : INFO] - Successfully optimized the image - /home3/partumde/partumdesign.com.mx/wp-content/uploads/2024/09/logo.png.El archivo se ha comprimido de 1.25 KB a 1.25 KB, ahorrando un 0 por ciento, usando WP-Optimize 
[2025-11-05 15:22:44 : INFO] - Completed processing task with ID : 62, and type 'smush' 
[2025-11-05 15:22:44 : INFO] - Processing task with ID : 63, and type 'smush' 
[2025-11-05 15:22:44 : INFO] - Re_Smush_It_Task - Attachment ID : 221, Started on : November 05, 2025 03:20:57 
[2025-11-05 15:22:44 : INFO] - File: logo.png, Compression quality: 92 
[2025-11-05 15:22:45 : INFO] - Backing up the original image - 2024/09/logo-updraft-pre-smush-original.png 
[2025-11-05 15:22:46 : INFO] - Successfully optimized the image - /home3/partumde/partumdesign.com.mx/wp-content/uploads/2024/09/logo.png.El archivo se ha comprimido de 1.25 KB a 1.25 KB, ahorrando un 0 por ciento, usando WP-Optimize 
[2025-11-05 15:22:46 : INFO] - Completed processing task with ID : 63, and type 'smush' 
[2025-11-05 15:22:46 : INFO] - Processing task with ID : 64, and type 'smush' 
[2025-11-05 15:22:46 : INFO] - Re_Smush_It_Task - Attachment ID : 229, Started on : November 05, 2025 03:20:57 
[2025-11-05 15:22:46 : INFO] - File: logo.png, Compression quality: 92 
[2025-11-05 15:22:47 : INFO] - Backing up the original image - 2024/09/logo-updraft-pre-smush-original.png 
[2025-11-05 15:22:48 : INFO] - Successfully optimized the image - /home3/partumde/partumdesign.com.mx/wp-content/uploads/2024/09/logo.png.El archivo se ha comprimido de 1.25 KB a 1.25 KB, ahorrando un 0 por ciento, usando WP-Optimize 
[2025-11-05 15:22:48 : INFO] - Completed processing task with ID : 64, and type 'smush' 
[2025-11-05 15:22:48 : INFO] - Processing task with ID : 65, and type 'smush' 
[2025-11-05 15:22:48 : INFO] - Re_Smush_It_Task - Attachment ID : 238, Started on : November 05, 2025 03:20:57 
[2025-11-05 15:22:48 : INFO] - File: logo.png, Compression quality: 92 
[2025-11-05 15:22:49 : INFO] - Backing up the original image - 2024/09/logo-updraft-pre-smush-original.png 
[2025-11-05 15:22:49 : INFO] - Successfully optimized the image - /home3/partumde/partumdesign.com.mx/wp-content/uploads/2024/09/logo.png.El archivo se ha comprimido de 1.25 KB a 1.25 KB, ahorrando un 0 por ciento, usando WP-Optimize 
[2025-11-05 15:22:49 : INFO] - Completed processing task with ID : 65, and type 'smush' 
[2025-11-05 15:22:49 : INFO] - Processing task with ID : 66, and type 'smush' 
[2025-11-05 15:22:49 : INFO] - Re_Smush_It_Task - Attachment ID : 239, Started on : November 05, 2025 03:20:58 
[2025-11-05 15:22:49 : INFO] - File: logo.png, Compression quality: 92 
[2025-11-05 15:22:50 : INFO] - Backing up the original image - 2024/09/logo-updraft-pre-smush-original.png 
[2025-11-05 15:22:51 : INFO] - Successfully optimized the image - /home3/partumde/partumdesign.com.mx/wp-content/uploads/2024/09/logo.png.El archivo se ha comprimido de 1.25 KB a 1.25 KB, ahorrando un 0 por ciento, usando WP-Optimize 
[2025-11-05 15:22:51 : INFO] - Completed processing task with ID : 66, and type 'smush' 
[2025-11-05 15:22:51 : INFO] - Processing task with ID : 67, and type 'smush' 
[2025-11-05 15:22:51 : INFO] - Re_Smush_It_Task - Attachment ID : 240, Started on : November 05, 2025 03:20:58 
[2025-11-05 15:22:51 : INFO] - File: logo.png, Compression quality: 92 
[2025-11-05 15:22:52 : INFO] - Backing up the original image - 2024/09/logo-updraft-pre-smush-original.png 
[2025-11-05 15:22:53 : INFO] - Successfully optimized the image - /home3/partumde/partumdesign.com.mx/wp-content/uploads/2024/09/logo.png.El archivo se ha comprimido de 1.25 KB a 1.25 KB, ahorrando un 0 por ciento, usando WP-Optimize 
[2025-11-05 15:22:53 : INFO] - Completed processing task with ID : 67, and type 'smush' 
[2025-11-05 15:22:53 : INFO] - Processing task with ID : 68, and type 'smush' 
[2025-11-05 15:22:53 : INFO] - Re_Smush_It_Task - Attachment ID : 241, Started on : November 05, 2025 03:20:58 
[2025-11-05 15:22:53 : INFO] - File: logo.png, Compression quality: 92 
[2025-11-05 15:22:54 : INFO] - A total of 56 tasks of type smush found and will be processed in this iteration 
[2025-11-05 15:22:54 : DEBUG] - Lock option (updraft_lock_smush, wp_options) already existed in the database 
[2025-11-05 15:22:54 : INFO] - Lock (updraft_lock_smush, wp_options) could not be acquired (it is locked) 
[2025-11-05 15:22:54 : INFO] - Failed to gain semaphore lock (smush) - another process is already processing the queue - aborting (if this is wrong - i.e. if the other process crashed without removing the lock, then another can be started after 1 minute 
[2025-11-05 15:22:54 : INFO] - Cleaning up tasks of type (smush). A total of 36 tasks will be deleted. 
[2025-11-05 15:22:54 : INFO] - Backing up the original image - 2024/09/logo-updraft-pre-smush-original.png 
[2025-11-05 15:22:55 : INFO] - Successfully optimized the image - /home3/partumde/partumdesign.com.mx/wp-content/uploads/2024/09/logo.png.El archivo se ha comprimido de 1.25 KB a 1.25 KB, ahorrando un 0 por ciento, usando WP-Optimize 
[2025-11-05 15:22:55 : INFO] - Completed processing task with ID : 68, and type 'smush' 
[2025-11-05 15:22:55 : INFO] - Processing task with ID : 69, and type 'smush' 
[2025-11-05 15:22:55 : INFO] - Re_Smush_It_Task - Attachment ID : 242, Started on : November 05, 2025 03:20:58 
[2025-11-05 15:22:55 : INFO] - File: logo.png, Compression quality: 92 
[2025-11-05 15:22:55 : INFO] - Backing up the original image - 2024/09/logo-updraft-pre-smush-original.png 
[2025-11-05 15:22:56 : INFO] - Successfully optimized the image - /home3/partumde/partumdesign.com.mx/wp-content/uploads/2024/09/logo.png.El archivo se ha comprimido de 1.25 KB a 1.25 KB, ahorrando un 0 por ciento, usando WP-Optimize 
[2025-11-05 15:22:56 : INFO] - Completed processing task with ID : 69, and type 'smush' 
[2025-11-05 15:22:56 : INFO] - Processing task with ID : 70, and type 'smush' 
[2025-11-05 15:22:56 : INFO] - Re_Smush_It_Task - Attachment ID : 250, Started on : November 05, 2025 03:20:58 
[2025-11-05 15:22:56 : INFO] - File: logo.png, Compression quality: 92 
[2025-11-05 15:22:57 : INFO] - Backing up the original image - 2024/09/logo-updraft-pre-smush-original.png 
[2025-11-05 15:22:58 : INFO] - Successfully optimized the image - /home3/partumde/partumdesign.com.mx/wp-content/uploads/2024/09/logo.png.El archivo se ha comprimido de 1.25 KB a 1.25 KB, ahorrando un 0 por ciento, usando WP-Optimize 
[2025-11-05 15:22:58 : INFO] - Completed processing task with ID : 70, and type 'smush' 
[2025-11-05 15:22:58 : INFO] - Processing task with ID : 71, and type 'smush' 
[2025-11-05 15:22:58 : INFO] - Re_Smush_It_Task - Attachment ID : 251, Started on : November 05, 2025 03:20:58 
[2025-11-05 15:22:58 : INFO] - File: logo.png, Compression quality: 92 
[2025-11-05 15:22:59 : INFO] - Backing up the original image - 2024/09/logo-updraft-pre-smush-original.png 
[2025-11-05 15:22:59 : INFO] - Successfully optimized the image - /home3/partumde/partumdesign.com.mx/wp-content/uploads/2024/09/logo.png.El archivo se ha comprimido de 1.25 KB a 1.25 KB, ahorrando un 0 por ciento, usando WP-Optimize 
[2025-11-05 15:22:59 : INFO] - Completed processing task with ID : 71, and type 'smush' 
[2025-11-05 15:22:59 : INFO] - Processing task with ID : 72, and type 'smush' 
[2025-11-05 15:23:00 : INFO] - Re_Smush_It_Task - Attachment ID : 263, Started on : November 05, 2025 03:20:58 
[2025-11-05 15:23:00 : INFO] - File: logo.png, Compression quality: 92 
[2025-11-05 15:23:00 : INFO] - Backing up the original image - 2024/09/logo-updraft-pre-smush-original.png 
[2025-11-05 15:23:01 : INFO] - Successfully optimized the image - /home3/partumde/partumdesign.com.mx/wp-content/uploads/2024/09/logo.png.El archivo se ha comprimido de 1.25 KB a 1.25 KB, ahorrando un 0 por ciento, usando WP-Optimize 
[2025-11-05 15:23:01 : INFO] - Completed processing task with ID : 72, and type 'smush' 
[2025-11-05 15:23:01 : INFO] - Processing task with ID : 73, and type 'smush' 
[2025-11-05 15:23:01 : INFO] - Re_Smush_It_Task - Attachment ID : 268, Started on : November 05, 2025 03:20:58 
[2025-11-05 15:23:01 : INFO] - File: logo.png, Compression quality: 92 
[2025-11-05 15:23:02 : INFO] - Backing up the original image - 2024/09/logo-updraft-pre-smush-original.png 
[2025-11-05 15:23:03 : INFO] - Successfully optimized the image - /home3/partumde/partumdesign.com.mx/wp-content/uploads/2024/09/logo.png.El archivo se ha comprimido de 1.25 KB a 1.25 KB, ahorrando un 0 por ciento, usando WP-Optimize 
[2025-11-05 15:23:03 : INFO] - Completed processing task with ID : 73, and type 'smush' 
[2025-11-05 15:23:03 : INFO] - Processing task with ID : 74, and type 'smush' 
[2025-11-05 15:23:03 : INFO] - Re_Smush_It_Task - Attachment ID : 395, Started on : November 05, 2025 03:20:58 
[2025-11-05 15:23:03 : INFO] - File: logo.png, Compression quality: 92 
[2025-11-05 15:23:04 : INFO] - Backing up the original image - 2024/09/logo-updraft-pre-smush-original.png 
[2025-11-05 15:23:05 : INFO] - Successfully optimized the image - /home3/partumde/partumdesign.com.mx/wp-content/uploads/2024/09/logo.png.El archivo se ha comprimido de 1.25 KB a 1.25 KB, ahorrando un 0 por ciento, usando WP-Optimize 
[2025-11-05 15:23:05 : INFO] - Completed processing task with ID : 74, and type 'smush' 
[2025-11-05 15:23:05 : INFO] - Processing task with ID : 75, and type 'smush' 
[2025-11-05 15:23:05 : INFO] - Re_Smush_It_Task - Attachment ID : 397, Started on : November 05, 2025 03:20:58 
[2025-11-05 15:23:05 : INFO] - File: logo.png, Compression quality: 92 
[2025-11-05 15:23:05 : INFO] - Backing up the original image - 2024/09/logo-updraft-pre-smush-original.png 
[2025-11-05 15:23:06 : INFO] - Successfully optimized the image - /home3/partumde/partumdesign.com.mx/wp-content/uploads/2024/09/logo.png.El archivo se ha comprimido de 1.25 KB a 1.25 KB, ahorrando un 0 por ciento, usando WP-Optimize 
[2025-11-05 15:23:06 : INFO] - Completed processing task with ID : 75, and type 'smush' 
[2025-11-05 15:23:06 : INFO] - Processing task with ID : 76, and type 'smush' 
[2025-11-05 15:23:06 : INFO] - Re_Smush_It_Task - Attachment ID : 416, Started on : November 05, 2025 03:20:58 
[2025-11-05 15:23:06 : INFO] - File: logo.png, Compression quality: 92 
[2025-11-05 15:23:07 : INFO] - Backing up the original image - 2024/09/logo-updraft-pre-smush-original.png 
[2025-11-05 15:23:08 : INFO] - Successfully optimized the image - /home3/partumde/partumdesign.com.mx/wp-content/uploads/2024/09/logo.png.El archivo se ha comprimido de 1.25 KB a 1.25 KB, ahorrando un 0 por ciento, usando WP-Optimize 
[2025-11-05 15:23:08 : INFO] - Completed processing task with ID : 76, and type 'smush' 
[2025-11-05 15:23:08 : INFO] - Processing task with ID : 77, and type 'smush' 
[2025-11-05 15:23:08 : INFO] - Re_Smush_It_Task - Attachment ID : 448, Started on : November 05, 2025 03:20:58 
[2025-11-05 15:23:08 : INFO] - File: logo.png, Compression quality: 92 
[2025-11-05 15:23:08 : INFO] - Backing up the original image - 2024/09/logo-updraft-pre-smush-original.png 
[2025-11-05 15:23:09 : INFO] - Successfully optimized the image - /home3/partumde/partumdesign.com.mx/wp-content/uploads/2024/09/logo.png.El archivo se ha comprimido de 1.25 KB a 1.25 KB, ahorrando un 0 por ciento, usando WP-Optimize 
[2025-11-05 15:23:09 : INFO] - Completed processing task with ID : 77, and type 'smush' 
[2025-11-05 15:23:09 : INFO] - Processing task with ID : 78, and type 'smush' 
[2025-11-05 15:23:09 : INFO] - Re_Smush_It_Task - Attachment ID : 457, Started on : November 05, 2025 03:20:59 
[2025-11-05 15:23:09 : INFO] - File: logo.png, Compression quality: 92 
[2025-11-05 15:23:10 : INFO] - Backing up the original image - 2024/09/logo-updraft-pre-smush-original.png 
[2025-11-05 15:23:11 : INFO] - Successfully optimized the image - /home3/partumde/partumdesign.com.mx/wp-content/uploads/2024/09/logo.png.El archivo se ha comprimido de 1.25 KB a 1.25 KB, ahorrando un 0 por ciento, usando WP-Optimize 
[2025-11-05 15:23:11 : INFO] - Completed processing task with ID : 78, and type 'smush' 
[2025-11-05 15:23:11 : INFO] - Processing task with ID : 79, and type 'smush' 
[2025-11-05 15:23:11 : INFO] - Re_Smush_It_Task - Attachment ID : 461, Started on : November 05, 2025 03:20:59 
[2025-11-05 15:23:11 : INFO] - File: logo.png, Compression quality: 92 
[2025-11-05 15:23:12 : INFO] - Backing up the original image - 2024/09/logo-updraft-pre-smush-original.png 
[2025-11-05 15:23:12 : INFO] - Successfully optimized the image - /home3/partumde/partumdesign.com.mx/wp-content/uploads/2024/09/logo.png.El archivo se ha comprimido de 1.25 KB a 1.25 KB, ahorrando un 0 por ciento, usando WP-Optimize 
[2025-11-05 15:23:12 : INFO] - Completed processing task with ID : 79, and type 'smush' 
[2025-11-05 15:23:12 : INFO] - Processing task with ID : 80, and type 'smush' 
[2025-11-05 15:23:12 : INFO] - Re_Smush_It_Task - Attachment ID : 464, Started on : November 05, 2025 03:20:59 
[2025-11-05 15:23:12 : INFO] - File: logo.png, Compression quality: 92 
[2025-11-05 15:23:13 : INFO] - Backing up the original image - 2024/09/logo-updraft-pre-smush-original.png 
[2025-11-05 15:23:14 : INFO] - Successfully optimized the image - /home3/partumde/partumdesign.com.mx/wp-content/uploads/2024/09/logo.png.El archivo se ha comprimido de 1.25 KB a 1.25 KB, ahorrando un 0 por ciento, usando WP-Optimize 
[2025-11-05 15:23:14 : INFO] - Completed processing task with ID : 80, and type 'smush' 
[2025-11-05 15:23:14 : INFO] - Processing task with ID : 81, and type 'smush' 
[2025-11-05 15:23:14 : INFO] - Re_Smush_It_Task - Attachment ID : 468, Started on : November 05, 2025 03:20:59 
[2025-11-05 15:23:14 : INFO] - File: logo.png, Compression quality: 92 
[2025-11-05 15:23:15 : INFO] - Backing up the original image - 2024/09/logo-updraft-pre-smush-original.png 
[2025-11-05 15:23:16 : INFO] - Successfully optimized the image - /home3/partumde/partumdesign.com.mx/wp-content/uploads/2024/09/logo.png.El archivo se ha comprimido de 1.25 KB a 1.25 KB, ahorrando un 0 por ciento, usando WP-Optimize 
[2025-11-05 15:23:16 : INFO] - Completed processing task with ID : 81, and type 'smush' 
[2025-11-05 15:23:16 : INFO] - Processing task with ID : 82, and type 'smush' 
[2025-11-05 15:23:16 : INFO] - Re_Smush_It_Task - Attachment ID : 471, Started on : November 05, 2025 03:20:59 
[2025-11-05 15:23:16 : INFO] - File: logo.png, Compression quality: 92 
[2025-11-05 15:23:16 : INFO] - Backing up the original image - 2024/09/logo-updraft-pre-smush-original.png 
[2025-11-05 15:23:17 : INFO] - Successfully optimized the image - /home3/partumde/partumdesign.com.mx/wp-content/uploads/2024/09/logo.png.El archivo se ha comprimido de 1.25 KB a 1.25 KB, ahorrando un 0 por ciento, usando WP-Optimize 
[2025-11-05 15:23:17 : INFO] - Completed processing task with ID : 82, and type 'smush' 
[2025-11-05 15:23:17 : INFO] - Processing task with ID : 83, and type 'smush' 
[2025-11-05 15:23:17 : INFO] - Re_Smush_It_Task - Attachment ID : 483, Started on : November 05, 2025 03:20:59 
[2025-11-05 15:23:17 : INFO] - File: logo.png, Compression quality: 92 
[2025-11-05 15:23:18 : INFO] - Backing up the original image - 2024/09/logo-updraft-pre-smush-original.png 
[2025-11-05 15:23:19 : INFO] - Successfully optimized the image - /home3/partumde/partumdesign.com.mx/wp-content/uploads/2024/09/logo.png.El archivo se ha comprimido de 1.25 KB a 1.25 KB, ahorrando un 0 por ciento, usando WP-Optimize 
[2025-11-05 15:23:19 : INFO] - Completed processing task with ID : 83, and type 'smush' 
[2025-11-05 15:23:19 : INFO] - Processing task with ID : 84, and type 'smush' 
[2025-11-05 15:23:19 : INFO] - Re_Smush_It_Task - Attachment ID : 484, Started on : November 05, 2025 03:20:59 
[2025-11-05 15:23:19 : INFO] - File: logo.png, Compression quality: 92 
[2025-11-05 15:23:20 : INFO] - Backing up the original image - 2024/09/logo-updraft-pre-smush-original.png 
[2025-11-05 15:23:20 : INFO] - Successfully optimized the image - /home3/partumde/partumdesign.com.mx/wp-content/uploads/2024/09/logo.png.El archivo se ha comprimido de 1.25 KB a 1.25 KB, ahorrando un 0 por ciento, usando WP-Optimize 
[2025-11-05 15:23:20 : INFO] - Completed processing task with ID : 84, and type 'smush' 
[2025-11-05 15:23:20 : INFO] - Processing task with ID : 85, and type 'smush' 
[2025-11-05 15:23:20 : INFO] - Re_Smush_It_Task - Attachment ID : 485, Started on : November 05, 2025 03:20:59 
[2025-11-05 15:23:20 : INFO] - File: logo.png, Compression quality: 92 
[2025-11-05 15:23:21 : INFO] - Backing up the original image - 2024/09/logo-updraft-pre-smush-original.png 
[2025-11-05 15:23:22 : INFO] - Successfully optimized the image - /home3/partumde/partumdesign.com.mx/wp-content/uploads/2024/09/logo.png.El archivo se ha comprimido de 1.25 KB a 1.25 KB, ahorrando un 0 por ciento, usando WP-Optimize 
[2025-11-05 15:23:22 : INFO] - Completed processing task with ID : 85, and type 'smush' 
[2025-11-05 15:23:22 : INFO] - Processing task with ID : 86, and type 'smush' 
[2025-11-05 15:23:22 : INFO] - Re_Smush_It_Task - Attachment ID : 493, Started on : November 05, 2025 03:20:59 
[2025-11-05 15:23:22 : INFO] - File: logo.png, Compression quality: 92 
[2025-11-05 15:23:23 : INFO] - Backing up the original image - 2024/09/logo-updraft-pre-smush-original.png 
[2025-11-05 15:23:24 : INFO] - Successfully optimized the image - /home3/partumde/partumdesign.com.mx/wp-content/uploads/2024/09/logo.png.El archivo se ha comprimido de 1.25 KB a 1.25 KB, ahorrando un 0 por ciento, usando WP-Optimize 
[2025-11-05 15:23:24 : INFO] - Completed processing task with ID : 86, and type 'smush' 
[2025-11-05 15:23:24 : INFO] - Processing task with ID : 87, and type 'smush' 
[2025-11-05 15:23:24 : INFO] - Re_Smush_It_Task - Attachment ID : 494, Started on : November 05, 2025 03:20:59 
[2025-11-05 15:23:24 : INFO] - File: logo.png, Compression quality: 92 
[2025-11-05 15:23:24 : INFO] - Backing up the original image - 2024/09/logo-updraft-pre-smush-original.png 
[2025-11-05 15:23:25 : INFO] - Successfully optimized the image - /home3/partumde/partumdesign.com.mx/wp-content/uploads/2024/09/logo.png.El archivo se ha comprimido de 1.25 KB a 1.25 KB, ahorrando un 0 por ciento, usando WP-Optimize 
[2025-11-05 15:23:25 : INFO] - Completed processing task with ID : 87, and type 'smush' 
[2025-11-05 15:23:25 : INFO] - Processing task with ID : 88, and type 'smush' 
[2025-11-05 15:23:25 : INFO] - Re_Smush_It_Task - Attachment ID : 507, Started on : November 05, 2025 03:20:59 
[2025-11-05 15:23:25 : INFO] - File: logo.png, Compression quality: 92 
[2025-11-05 15:23:26 : INFO] - Backing up the original image - 2024/09/logo-updraft-pre-smush-original.png 
[2025-11-05 15:23:27 : INFO] - Successfully optimized the image - /home3/partumde/partumdesign.com.mx/wp-content/uploads/2024/09/logo.png.El archivo se ha comprimido de 1.25 KB a 1.25 KB, ahorrando un 0 por ciento, usando WP-Optimize 
[2025-11-05 15:23:27 : INFO] - Completed processing task with ID : 88, and type 'smush' 
[2025-11-05 15:23:27 : INFO] - Processing task with ID : 89, and type 'smush' 
[2025-11-05 15:23:27 : INFO] - Re_Smush_It_Task - Attachment ID : 508, Started on : November 05, 2025 03:20:59 
[2025-11-05 15:23:27 : INFO] - File: logo.png, Compression quality: 92 
[2025-11-05 15:23:28 : INFO] - Backing up the original image - 2024/09/logo-updraft-pre-smush-original.png 
[2025-11-05 15:23:29 : INFO] - Successfully optimized the image - /home3/partumde/partumdesign.com.mx/wp-content/uploads/2024/09/logo.png.El archivo se ha comprimido de 1.25 KB a 1.25 KB, ahorrando un 0 por ciento, usando WP-Optimize 
[2025-11-05 15:23:29 : INFO] - Completed processing task with ID : 89, and type 'smush' 
[2025-11-05 15:23:29 : INFO] - Processing task with ID : 90, and type 'smush' 
[2025-11-05 15:23:29 : INFO] - Re_Smush_It_Task - Attachment ID : 510, Started on : November 05, 2025 03:20:59 
[2025-11-05 15:23:29 : INFO] - File: logo.png, Compression quality: 92 
[2025-11-05 15:23:30 : INFO] - Backing up the original image - 2024/09/logo-updraft-pre-smush-original.png 
[2025-11-05 15:23:30 : INFO] - Successfully optimized the image - /home3/partumde/partumdesign.com.mx/wp-content/uploads/2024/09/logo.png.El archivo se ha comprimido de 1.25 KB a 1.25 KB, ahorrando un 0 por ciento, usando WP-Optimize 
[2025-11-05 15:23:30 : INFO] - Completed processing task with ID : 90, and type 'smush' 
[2025-11-05 15:23:30 : INFO] - Processing task with ID : 91, and type 'smush' 
[2025-11-05 15:23:30 : INFO] - Re_Smush_It_Task - Attachment ID : 512, Started on : November 05, 2025 03:21:00 
[2025-11-05 15:23:30 : INFO] - File: logo.png, Compression quality: 92 
[2025-11-05 15:23:31 : INFO] - Backing up the original image - 2024/09/logo-updraft-pre-smush-original.png 
[2025-11-05 15:23:32 : INFO] - Successfully optimized the image - /home3/partumde/partumdesign.com.mx/wp-content/uploads/2024/09/logo.png.El archivo se ha comprimido de 1.25 KB a 1.25 KB, ahorrando un 0 por ciento, usando WP-Optimize 
[2025-11-05 15:23:32 : INFO] - Completed processing task with ID : 91, and type 'smush' 
[2025-11-05 15:23:32 : INFO] - Processing task with ID : 92, and type 'smush' 
[2025-11-05 15:23:32 : INFO] - Re_Smush_It_Task - Attachment ID : 513, Started on : November 05, 2025 03:21:00 
[2025-11-05 15:23:32 : INFO] - File: logo.png, Compression quality: 92 
[2025-11-05 15:23:33 : INFO] - Backing up the original image - 2024/09/logo-updraft-pre-smush-original.png 
[2025-11-05 15:23:34 : INFO] - Successfully optimized the image - /home3/partumde/partumdesign.com.mx/wp-content/uploads/2024/09/logo.png.El archivo se ha comprimido de 1.25 KB a 1.25 KB, ahorrando un 0 por ciento, usando WP-Optimize 
[2025-11-05 15:23:34 : INFO] - Completed processing task with ID : 92, and type 'smush' 
[2025-11-05 15:23:34 : INFO] - Processing task with ID : 93, and type 'smush' 
[2025-11-05 15:23:34 : INFO] - Re_Smush_It_Task - Attachment ID : 514, Started on : November 05, 2025 03:21:00 
[2025-11-05 15:23:34 : INFO] - File: logo.png, Compression quality: 92 
[2025-11-05 15:23:35 : INFO] - Backing up the original image - 2024/09/logo-updraft-pre-smush-original.png 
[2025-11-05 15:23:36 : INFO] - Successfully optimized the image - /home3/partumde/partumdesign.com.mx/wp-content/uploads/2024/09/logo.png.El archivo se ha comprimido de 1.25 KB a 1.25 KB, ahorrando un 0 por ciento, usando WP-Optimize 
[2025-11-05 15:23:36 : INFO] - Completed processing task with ID : 93, and type 'smush' 
[2025-11-05 15:23:36 : INFO] - Processing task with ID : 94, and type 'smush' 
[2025-11-05 15:23:36 : INFO] - Re_Smush_It_Task - Attachment ID : 515, Started on : November 05, 2025 03:21:00 
[2025-11-05 15:23:36 : INFO] - File: logo.png, Compression quality: 92 
[2025-11-05 15:23:37 : INFO] - Backing up the original image - 2024/09/logo-updraft-pre-smush-original.png 
[2025-11-05 15:23:38 : INFO] - Successfully optimized the image - /home3/partumde/partumdesign.com.mx/wp-content/uploads/2024/09/logo.png.El archivo se ha comprimido de 1.25 KB a 1.25 KB, ahorrando un 0 por ciento, usando WP-Optimize 
[2025-11-05 15:23:38 : INFO] - Completed processing task with ID : 94, and type 'smush' 
[2025-11-05 15:23:38 : INFO] - Processing task with ID : 95, and type 'smush' 
[2025-11-05 15:23:38 : INFO] - Re_Smush_It_Task - Attachment ID : 547, Started on : November 05, 2025 03:21:00 
[2025-11-05 15:23:38 : INFO] - File: logo.png, Compression quality: 92 
[2025-11-05 15:23:39 : INFO] - Backing up the original image - 2024/09/logo-updraft-pre-smush-original.png 
[2025-11-05 15:23:39 : INFO] - Successfully optimized the image - /home3/partumde/partumdesign.com.mx/wp-content/uploads/2024/09/logo.png.El archivo se ha comprimido de 1.25 KB a 1.25 KB, ahorrando un 0 por ciento, usando WP-Optimize 
[2025-11-05 15:23:39 : INFO] - Completed processing task with ID : 95, and type 'smush' 
[2025-11-05 15:23:39 : INFO] - Processing task with ID : 96, and type 'smush' 
[2025-11-05 15:23:39 : INFO] - Re_Smush_It_Task - Attachment ID : 551, Started on : November 05, 2025 03:21:00 
[2025-11-05 15:23:39 : INFO] - File: logo.png, Compression quality: 92 
[2025-11-05 15:23:40 : INFO] - Backing up the original image - 2024/09/logo-updraft-pre-smush-original.png 
[2025-11-05 15:23:41 : INFO] - Successfully optimized the image - /home3/partumde/partumdesign.com.mx/wp-content/uploads/2024/09/logo.png.El archivo se ha comprimido de 1.25 KB a 1.25 KB, ahorrando un 0 por ciento, usando WP-Optimize 
[2025-11-05 15:23:41 : INFO] - Completed processing task with ID : 96, and type 'smush' 
[2025-11-05 15:23:41 : INFO] - Processing task with ID : 97, and type 'smush' 
[2025-11-05 15:23:41 : INFO] - Re_Smush_It_Task - Attachment ID : 559, Started on : November 05, 2025 03:21:00 
[2025-11-05 15:23:41 : INFO] - File: logo.png, Compression quality: 92 
[2025-11-05 15:23:42 : INFO] - Backing up the original image - 2024/09/logo-updraft-pre-smush-original.png 
[2025-11-05 15:23:43 : INFO] - Successfully optimized the image - /home3/partumde/partumdesign.com.mx/wp-content/uploads/2024/09/logo.png.El archivo se ha comprimido de 1.25 KB a 1.25 KB, ahorrando un 0 por ciento, usando WP-Optimize 
[2025-11-05 15:23:43 : INFO] - Completed processing task with ID : 97, and type 'smush' 
[2025-11-05 15:23:43 : INFO] - Processing task with ID : 98, and type 'smush' 
[2025-11-05 15:23:43 : INFO] - Re_Smush_It_Task - Attachment ID : 625, Started on : November 05, 2025 03:21:00 
[2025-11-05 15:23:43 : INFO] - File: logo.png, Compression quality: 92 
[2025-11-05 15:23:44 : INFO] - Backing up the original image - 2024/09/logo-updraft-pre-smush-original.png 
[2025-11-05 15:23:45 : INFO] - Successfully optimized the image - /home3/partumde/partumdesign.com.mx/wp-content/uploads/2024/09/logo.png.El archivo se ha comprimido de 1.25 KB a 1.25 KB, ahorrando un 0 por ciento, usando WP-Optimize 
[2025-11-05 15:23:45 : INFO] - Completed processing task with ID : 98, and type 'smush' 
[2025-11-05 15:23:45 : INFO] - Processing task with ID : 99, and type 'smush' 
[2025-11-05 15:23:45 : INFO] - Re_Smush_It_Task - Attachment ID : 626, Started on : November 05, 2025 03:21:00 
[2025-11-05 15:23:45 : INFO] - File: logo.png, Compression quality: 92 
[2025-11-05 15:23:45 : INFO] - Backing up the original image - 2024/09/logo-updraft-pre-smush-original.png 
[2025-11-05 15:23:46 : INFO] - Successfully optimized the image - /home3/partumde/partumdesign.com.mx/wp-content/uploads/2024/09/logo.png.El archivo se ha comprimido de 1.25 KB a 1.25 KB, ahorrando un 0 por ciento, usando WP-Optimize 
[2025-11-05 15:23:46 : INFO] - Completed processing task with ID : 99, and type 'smush' 
[2025-11-05 15:23:46 : INFO] - Processing task with ID : 100, and type 'smush' 
[2025-11-05 15:23:46 : INFO] - Re_Smush_It_Task - Attachment ID : 627, Started on : November 05, 2025 03:21:00 
[2025-11-05 15:23:46 : INFO] - File: logo.png, Compression quality: 92 
[2025-11-05 15:23:47 : INFO] - Backing up the original image - 2024/09/logo-updraft-pre-smush-original.png 
[2025-11-05 15:23:48 : INFO] - Successfully optimized the image - /home3/partumde/partumdesign.com.mx/wp-content/uploads/2024/09/logo.png.El archivo se ha comprimido de 1.25 KB a 1.25 KB, ahorrando un 0 por ciento, usando WP-Optimize 
[2025-11-05 15:23:48 : INFO] - Completed processing task with ID : 100, and type 'smush' 
[2025-11-05 15:23:48 : INFO] - Processing task with ID : 101, and type 'smush' 
[2025-11-05 15:23:48 : INFO] - Re_Smush_It_Task - Attachment ID : 628, Started on : November 05, 2025 03:21:00 
[2025-11-05 15:23:48 : INFO] - File: logo.png, Compression quality: 92 
[2025-11-05 15:23:49 : INFO] - Backing up the original image - 2024/09/logo-updraft-pre-smush-original.png 
[2025-11-05 15:23:50 : INFO] - Successfully optimized the image - /home3/partumde/partumdesign.com.mx/wp-content/uploads/2024/09/logo.png.El archivo se ha comprimido de 1.25 KB a 1.25 KB, ahorrando un 0 por ciento, usando WP-Optimize 
[2025-11-05 15:23:50 : INFO] - Completed processing task with ID : 101, and type 'smush' 
[2025-11-05 15:23:50 : INFO] - Processing task with ID : 102, and type 'smush' 
[2025-11-05 15:23:50 : INFO] - Re_Smush_It_Task - Attachment ID : 629, Started on : November 05, 2025 03:21:00 
[2025-11-05 15:23:50 : INFO] - File: logo.png, Compression quality: 92 
[2025-11-05 15:23:51 : INFO] - Backing up the original image - 2024/09/logo-updraft-pre-smush-original.png 
[2025-11-05 15:23:52 : INFO] - Successfully optimized the image - /home3/partumde/partumdesign.com.mx/wp-content/uploads/2024/09/logo.png.El archivo se ha comprimido de 1.25 KB a 1.25 KB, ahorrando un 0 por ciento, usando WP-Optimize 
[2025-11-05 15:23:52 : INFO] - Completed processing task with ID : 102, and type 'smush' 
[2025-11-05 15:23:52 : INFO] - Processing task with ID : 103, and type 'smush' 
[2025-11-05 15:23:52 : INFO] - Re_Smush_It_Task - Attachment ID : 630, Started on : November 05, 2025 03:21:00 
[2025-11-05 15:23:52 : INFO] - File: logo.png, Compression quality: 92 
[2025-11-05 15:23:53 : INFO] - Backing up the original image - 2024/09/logo-updraft-pre-smush-original.png 
[2025-11-05 15:23:54 : INFO] - Successfully optimized the image - /home3/partumde/partumdesign.com.mx/wp-content/uploads/2024/09/logo.png.El archivo se ha comprimido de 1.25 KB a 1.25 KB, ahorrando un 0 por ciento, usando WP-Optimize 
[2025-11-05 15:23:54 : INFO] - Completed processing task with ID : 103, and type 'smush' 
[2025-11-05 15:23:54 : INFO] - Processing task with ID : 104, and type 'smush' 
[2025-11-05 15:23:54 : INFO] - Re_Smush_It_Task - Attachment ID : 631, Started on : November 05, 2025 03:21:00 
[2025-11-05 15:23:54 : INFO] - File: logo.png, Compression quality: 92 
[2025-11-05 15:23:54 : INFO] - A total of 20 tasks of type smush found and will be processed in this iteration 
[2025-11-05 15:23:54 : DEBUG] - Lock option (updraft_lock_smush, wp_options) already existed in the database 
[2025-11-05 15:23:54 : INFO] - Lock (updraft_lock_smush, wp_options) could not be acquired (it is locked) 
[2025-11-05 15:23:54 : INFO] - Failed to gain semaphore lock (smush) - another process is already processing the queue - aborting (if this is wrong - i.e. if the other process crashed without removing the lock, then another can be started after 1 minute 
[2025-11-05 15:23:54 : INFO] - Cleaning up tasks of type (smush). A total of 36 tasks will be deleted. 
[2025-11-05 15:23:54 : INFO] - Backing up the original image - 2024/09/logo-updraft-pre-smush-original.png 
[2025-11-05 15:23:55 : INFO] - Successfully optimized the image - /home3/partumde/partumdesign.com.mx/wp-content/uploads/2024/09/logo.png.El archivo se ha comprimido de 1.25 KB a 1.25 KB, ahorrando un 0 por ciento, usando WP-Optimize 
[2025-11-05 15:23:55 : INFO] - Completed processing task with ID : 104, and type 'smush' 
[2025-11-05 15:23:55 : INFO] - Processing task with ID : 105, and type 'smush' 
[2025-11-05 15:23:55 : INFO] - Re_Smush_It_Task - Attachment ID : 632, Started on : November 05, 2025 03:21:00 
[2025-11-05 15:23:55 : INFO] - File: logo.png, Compression quality: 92 
[2025-11-05 15:23:56 : INFO] - Backing up the original image - 2024/09/logo-updraft-pre-smush-original.png 
[2025-11-05 15:23:57 : INFO] - Successfully optimized the image - /home3/partumde/partumdesign.com.mx/wp-content/uploads/2024/09/logo.png.El archivo se ha comprimido de 1.25 KB a 1.25 KB, ahorrando un 0 por ciento, usando WP-Optimize 
[2025-11-05 15:23:57 : INFO] - Completed processing task with ID : 105, and type 'smush' 
[2025-11-05 15:23:57 : INFO] - Processing task with ID : 106, and type 'smush' 
[2025-11-05 15:23:57 : INFO] - Re_Smush_It_Task - Attachment ID : 633, Started on : November 05, 2025 03:21:00 
[2025-11-05 15:23:57 : INFO] - File: logo.png, Compression quality: 92 
[2025-11-05 15:23:58 : INFO] - Backing up the original image - 2024/09/logo-updraft-pre-smush-original.png 
[2025-11-05 15:23:59 : INFO] - Successfully optimized the image - /home3/partumde/partumdesign.com.mx/wp-content/uploads/2024/09/logo.png.El archivo se ha comprimido de 1.25 KB a 1.25 KB, ahorrando un 0 por ciento, usando WP-Optimize 
[2025-11-05 15:23:59 : INFO] - Completed processing task with ID : 106, and type 'smush' 
[2025-11-05 15:23:59 : INFO] - Processing task with ID : 107, and type 'smush' 
[2025-11-05 15:23:59 : INFO] - Re_Smush_It_Task - Attachment ID : 634, Started on : November 05, 2025 03:21:00 
[2025-11-05 15:23:59 : INFO] - File: logo.png, Compression quality: 92 
[2025-11-05 15:24:00 : INFO] - Backing up the original image - 2024/09/logo-updraft-pre-smush-original.png 
[2025-11-05 15:24:00 : INFO] - Successfully optimized the image - /home3/partumde/partumdesign.com.mx/wp-content/uploads/2024/09/logo.png.El archivo se ha comprimido de 1.25 KB a 1.25 KB, ahorrando un 0 por ciento, usando WP-Optimize 
[2025-11-05 15:24:00 : INFO] - Completed processing task with ID : 107, and type 'smush' 
[2025-11-05 15:24:00 : INFO] - Processing task with ID : 108, and type 'smush' 
[2025-11-05 15:24:00 : INFO] - Re_Smush_It_Task - Attachment ID : 635, Started on : November 05, 2025 03:21:00 
[2025-11-05 15:24:00 : INFO] - File: logo.png, Compression quality: 92 
[2025-11-05 15:24:01 : INFO] - Backing up the original image - 2024/09/logo-updraft-pre-smush-original.png 
[2025-11-05 15:24:02 : INFO] - Successfully optimized the image - /home3/partumde/partumdesign.com.mx/wp-content/uploads/2024/09/logo.png.El archivo se ha comprimido de 1.25 KB a 1.25 KB, ahorrando un 0 por ciento, usando WP-Optimize 
[2025-11-05 15:24:02 : INFO] - Completed processing task with ID : 108, and type 'smush' 
[2025-11-05 15:24:02 : INFO] - Processing task with ID : 109, and type 'smush' 
[2025-11-05 15:24:02 : INFO] - Re_Smush_It_Task - Attachment ID : 636, Started on : November 05, 2025 03:21:00 
[2025-11-05 15:24:02 : INFO] - File: logo.png, Compression quality: 92 
[2025-11-05 15:24:03 : INFO] - Backing up the original image - 2024/09/logo-updraft-pre-smush-original.png 
[2025-11-05 15:24:04 : INFO] - Successfully optimized the image - /home3/partumde/partumdesign.com.mx/wp-content/uploads/2024/09/logo.png.El archivo se ha comprimido de 1.25 KB a 1.25 KB, ahorrando un 0 por ciento, usando WP-Optimize 
[2025-11-05 15:24:04 : INFO] - Completed processing task with ID : 109, and type 'smush' 
[2025-11-05 15:24:04 : INFO] - Processing task with ID : 110, and type 'smush' 
[2025-11-05 15:24:04 : INFO] - Re_Smush_It_Task - Attachment ID : 637, Started on : November 05, 2025 03:21:00 
[2025-11-05 15:24:04 : INFO] - File: logo.png, Compression quality: 92 
[2025-11-05 15:24:05 : INFO] - Backing up the original image - 2024/09/logo-updraft-pre-smush-original.png 
[2025-11-05 15:24:06 : INFO] - Successfully optimized the image - /home3/partumde/partumdesign.com.mx/wp-content/uploads/2024/09/logo.png.El archivo se ha comprimido de 1.25 KB a 1.25 KB, ahorrando un 0 por ciento, usando WP-Optimize 
[2025-11-05 15:24:06 : INFO] - Completed processing task with ID : 110, and type 'smush' 
[2025-11-05 15:24:06 : INFO] - Processing task with ID : 111, and type 'smush' 
[2025-11-05 15:24:06 : INFO] - Re_Smush_It_Task - Attachment ID : 638, Started on : November 05, 2025 03:21:01 
[2025-11-05 15:24:06 : INFO] - File: logo.png, Compression quality: 92 
[2025-11-05 15:24:06 : INFO] - Backing up the original image - 2024/09/logo-updraft-pre-smush-original.png 
[2025-11-05 15:24:07 : INFO] - Successfully optimized the image - /home3/partumde/partumdesign.com.mx/wp-content/uploads/2024/09/logo.png.El archivo se ha comprimido de 1.25 KB a 1.25 KB, ahorrando un 0 por ciento, usando WP-Optimize 
[2025-11-05 15:24:07 : INFO] - Completed processing task with ID : 111, and type 'smush' 
[2025-11-05 15:24:07 : INFO] - Processing task with ID : 112, and type 'smush' 
[2025-11-05 15:24:07 : INFO] - Re_Smush_It_Task - Attachment ID : 639, Started on : November 05, 2025 03:21:01 
[2025-11-05 15:24:07 : INFO] - File: logo.png, Compression quality: 92 
[2025-11-05 15:24:08 : INFO] - Backing up the original image - 2024/09/logo-updraft-pre-smush-original.png 
[2025-11-05 15:24:09 : INFO] - Successfully optimized the image - /home3/partumde/partumdesign.com.mx/wp-content/uploads/2024/09/logo.png.El archivo se ha comprimido de 1.25 KB a 1.25 KB, ahorrando un 0 por ciento, usando WP-Optimize 
[2025-11-05 15:24:09 : INFO] - Completed processing task with ID : 112, and type 'smush' 
[2025-11-05 15:24:09 : INFO] - Processing task with ID : 113, and type 'smush' 
[2025-11-05 15:24:09 : INFO] - Re_Smush_It_Task - Attachment ID : 640, Started on : November 05, 2025 03:21:01 
[2025-11-05 15:24:09 : INFO] - File: logo.png, Compression quality: 92 
[2025-11-05 15:24:10 : INFO] - Backing up the original image - 2024/09/logo-updraft-pre-smush-original.png 
[2025-11-05 15:24:11 : INFO] - Successfully optimized the image - /home3/partumde/partumdesign.com.mx/wp-content/uploads/2024/09/logo.png.El archivo se ha comprimido de 1.25 KB a 1.25 KB, ahorrando un 0 por ciento, usando WP-Optimize 
[2025-11-05 15:24:11 : INFO] - Completed processing task with ID : 113, and type 'smush' 
[2025-11-05 15:24:11 : INFO] - Processing task with ID : 114, and type 'smush' 
[2025-11-05 15:24:11 : INFO] - Re_Smush_It_Task - Attachment ID : 641, Started on : November 05, 2025 03:21:01 
[2025-11-05 15:24:11 : INFO] - File: logo.png, Compression quality: 92 
[2025-11-05 15:24:11 : INFO] - Backing up the original image - 2024/09/logo-updraft-pre-smush-original.png 
[2025-11-05 15:24:12 : INFO] - Successfully optimized the image - /home3/partumde/partumdesign.com.mx/wp-content/uploads/2024/09/logo.png.El archivo se ha comprimido de 1.25 KB a 1.25 KB, ahorrando un 0 por ciento, usando WP-Optimize 
[2025-11-05 15:24:12 : INFO] - Completed processing task with ID : 114, and type 'smush' 
[2025-11-05 15:24:12 : INFO] - Processing task with ID : 115, and type 'smush' 
[2025-11-05 15:24:12 : INFO] - Re_Smush_It_Task - Attachment ID : 642, Started on : November 05, 2025 03:21:01 
[2025-11-05 15:24:12 : INFO] - File: logo.png, Compression quality: 92 
[2025-11-05 15:24:13 : INFO] - Backing up the original image - 2024/09/logo-updraft-pre-smush-original.png 
[2025-11-05 15:24:14 : INFO] - Successfully optimized the image - /home3/partumde/partumdesign.com.mx/wp-content/uploads/2024/09/logo.png.El archivo se ha comprimido de 1.25 KB a 1.25 KB, ahorrando un 0 por ciento, usando WP-Optimize 
[2025-11-05 15:24:14 : INFO] - Completed processing task with ID : 115, and type 'smush' 
[2025-11-05 15:24:14 : INFO] - Processing task with ID : 116, and type 'smush' 
[2025-11-05 15:24:14 : INFO] - Re_Smush_It_Task - Attachment ID : 666, Started on : November 05, 2025 03:21:01 
[2025-11-05 15:24:14 : INFO] - File: logo.png, Compression quality: 92 
[2025-11-05 15:24:15 : INFO] - Backing up the original image - 2024/09/logo-updraft-pre-smush-original.png 
[2025-11-05 15:24:16 : INFO] - Successfully optimized the image - /home3/partumde/partumdesign.com.mx/wp-content/uploads/2024/09/logo.png.El archivo se ha comprimido de 1.25 KB a 1.25 KB, ahorrando un 0 por ciento, usando WP-Optimize 
[2025-11-05 15:24:16 : INFO] - Completed processing task with ID : 116, and type 'smush' 
[2025-11-05 15:24:16 : INFO] - Processing task with ID : 117, and type 'smush' 
[2025-11-05 15:24:16 : INFO] - Re_Smush_It_Task - Attachment ID : 676, Started on : November 05, 2025 03:21:01 
[2025-11-05 15:24:16 : INFO] - File: logo.png, Compression quality: 92 
[2025-11-05 15:24:16 : INFO] - Backing up the original image - 2024/09/logo-updraft-pre-smush-original.png 
[2025-11-05 15:24:17 : INFO] - Successfully optimized the image - /home3/partumde/partumdesign.com.mx/wp-content/uploads/2024/09/logo.png.El archivo se ha comprimido de 1.25 KB a 1.25 KB, ahorrando un 0 por ciento, usando WP-Optimize 
[2025-11-05 15:24:17 : INFO] - Completed processing task with ID : 117, and type 'smush' 
[2025-11-05 15:24:17 : INFO] - Processing task with ID : 118, and type 'smush' 
[2025-11-05 15:24:17 : INFO] - Re_Smush_It_Task - Attachment ID : 794, Started on : November 05, 2025 03:21:01 
[2025-11-05 15:24:17 : INFO] - File: logo.png, Compression quality: 92 
[2025-11-05 15:24:18 : INFO] - Backing up the original image - 2024/09/logo-updraft-pre-smush-original.png 
[2025-11-05 15:24:19 : INFO] - Successfully optimized the image - /home3/partumde/partumdesign.com.mx/wp-content/uploads/2024/09/logo.png.El archivo se ha comprimido de 1.25 KB a 1.25 KB, ahorrando un 0 por ciento, usando WP-Optimize 
[2025-11-05 15:24:19 : INFO] - Completed processing task with ID : 118, and type 'smush' 
[2025-11-05 15:24:19 : INFO] - Processing task with ID : 119, and type 'smush' 
[2025-11-05 15:24:19 : INFO] - Re_Smush_It_Task - Attachment ID : 797, Started on : November 05, 2025 03:21:01 
[2025-11-05 15:24:19 : INFO] - File: logo.png, Compression quality: 92 
[2025-11-05 15:24:19 : INFO] - Backing up the original image - 2024/09/logo-updraft-pre-smush-original.png 
[2025-11-05 15:24:20 : INFO] - Successfully optimized the image - /home3/partumde/partumdesign.com.mx/wp-content/uploads/2024/09/logo.png.El archivo se ha comprimido de 1.25 KB a 1.25 KB, ahorrando un 0 por ciento, usando WP-Optimize 
[2025-11-05 15:24:20 : INFO] - Completed processing task with ID : 119, and type 'smush' 
[2025-11-05 15:24:20 : INFO] - Processing task with ID : 120, and type 'smush' 
[2025-11-05 15:24:20 : INFO] - Re_Smush_It_Task - Attachment ID : 827, Started on : November 05, 2025 03:21:01 
[2025-11-05 15:24:20 : INFO] - File: logo.png, Compression quality: 92 
[2025-11-05 15:24:21 : INFO] - Backing up the original image - 2024/09/logo-updraft-pre-smush-original.png 
[2025-11-05 15:24:22 : INFO] - Successfully optimized the image - /home3/partumde/partumdesign.com.mx/wp-content/uploads/2024/09/logo.png.El archivo se ha comprimido de 1.25 KB a 1.25 KB, ahorrando un 0 por ciento, usando WP-Optimize 
[2025-11-05 15:24:22 : INFO] - Completed processing task with ID : 120, and type 'smush' 
[2025-11-05 15:24:22 : INFO] - Processing task with ID : 121, and type 'smush' 
[2025-11-05 15:24:22 : INFO] - Re_Smush_It_Task - Attachment ID : 902, Started on : November 05, 2025 03:21:01 
[2025-11-05 15:24:22 : INFO] - File: logo.png, Compression quality: 92 
[2025-11-05 15:24:23 : INFO] - Backing up the original image - 2024/09/logo-updraft-pre-smush-original.png 
[2025-11-05 15:24:24 : INFO] - Successfully optimized the image - /home3/partumde/partumdesign.com.mx/wp-content/uploads/2024/09/logo.png.El archivo se ha comprimido de 1.25 KB a 1.25 KB, ahorrando un 0 por ciento, usando WP-Optimize 
[2025-11-05 15:24:24 : INFO] - Completed processing task with ID : 121, and type 'smush' 
[2025-11-05 15:24:24 : INFO] - Processing task with ID : 122, and type 'smush' 
[2025-11-05 15:24:24 : INFO] - Re_Smush_It_Task - Attachment ID : 945, Started on : November 05, 2025 03:21:01 
[2025-11-05 15:24:24 : INFO] - File: logo.png, Compression quality: 92 
[2025-11-05 15:24:25 : INFO] - Backing up the original image - 2024/09/logo-updraft-pre-smush-original.png 
[2025-11-05 15:24:25 : INFO] - Successfully optimized the image - /home3/partumde/partumdesign.com.mx/wp-content/uploads/2024/09/logo.png.El archivo se ha comprimido de 1.25 KB a 1.25 KB, ahorrando un 0 por ciento, usando WP-Optimize 
[2025-11-05 15:24:25 : INFO] - Completed processing task with ID : 122, and type 'smush' 
[2025-11-05 15:24:25 : INFO] - Processing task with ID : 123, and type 'smush' 
[2025-11-05 15:24:25 : INFO] - Re_Smush_It_Task - Attachment ID : 956, Started on : November 05, 2025 03:21:01 
[2025-11-05 15:24:25 : INFO] - File: logo.png, Compression quality: 92 
[2025-11-05 15:24:26 : INFO] - Backing up the original image - 2024/09/logo-updraft-pre-smush-original.png 
[2025-11-05 15:24:27 : INFO] - Successfully optimized the image - /home3/partumde/partumdesign.com.mx/wp-content/uploads/2024/09/logo.png.El archivo se ha comprimido de 1.25 KB a 1.25 KB, ahorrando un 0 por ciento, usando WP-Optimize 
[2025-11-05 15:24:27 : INFO] - Completed processing task with ID : 123, and type 'smush' 
[2025-11-05 15:24:27 : INFO] - Lock option (updraft_lock_smush, wp_options) released 
[2025-11-05 15:24:27 : INFO] - Successfully processed the queue (smush). 123 tasks were processed out of 123. 
[2025-11-05 15:24:27 : INFO] - Lock option (updraft_lock_smush, wp_options) was deleted from the database 
[2025-11-05 15:24:27 : INFO] - Cleaning up tasks of type (smush). A total of 20 tasks will be deleted. 
[2025-11-05 17:35:10 : INFO] - Pruning the smush log file 
[2025-11-11 03:25:01 : INFO] - Re_Smush_It_Task with attachment ID : 999, auto created on : November 11, 2025 03:25:01 
[2025-11-11 03:26:08 : INFO] - Re_Smush_It_Task with attachment ID : 1000, auto created on : November 11, 2025 03:26:08 
[2025-11-11 03:27:13 : INFO] - Re_Smush_It_Task with attachment ID : 1001, auto created on : November 11, 2025 03:27:13 
[2025-11-11 03:29:02 : INFO] - Re_Smush_It_Task with attachment ID : 1002, auto created on : November 11, 2025 03:29:01 
[2025-11-11 03:29:18 : INFO] - Re_Smush_It_Task with attachment ID : 1003, auto created on : November 11, 2025 03:29:18 
[2025-11-11 03:30:46 : INFO] - Re_Smush_It_Task with attachment ID : 1004, auto created on : November 11, 2025 03:30:46 
[2025-11-11 03:32:28 : INFO] - A total of 6 tasks of type smush found and will be processed in this iteration 
[2025-11-11 03:32:28 : DEBUG] - Lock option (updraft_lock_smush, wp_options) was created in the database 
[2025-11-11 03:32:28 : INFO] - Lock (updraft_lock_smush, wp_options) acquired after initialising the database 
[2025-11-11 03:32:28 : INFO] - Processing task with ID : 124, and type 'smush' 
[2025-11-11 03:32:28 : INFO] - Re_Smush_It_Task with attachment ID : 999, auto created on : November 11, 2025 03:25:01 
[2025-11-11 03:32:28 : INFO] - File: Mesa-de-trabajo-3.jpg, Compression quality: 92 
[2025-11-11 03:32:31 : INFO] - Backing up the original image - 2025/11/Mesa-de-trabajo-3-updraft-pre-smush-original.jpg 
[2025-11-11 03:32:37 : INFO] - Successfully optimized the image - /home3/partumde/partumdesign.com.mx/wp-content/uploads/2025/11/Mesa-de-trabajo-3.jpg.El archivo se ha comprimido de 852.86 KB a 737.66 KB, ahorrando un 13.51 por ciento, usando WP-Optimize 
[2025-11-11 03:32:37 : INFO] - Completed processing task with ID : 124, and type 'smush' 
[2025-11-11 03:32:37 : INFO] - Processing task with ID : 125, and type 'smush' 
[2025-11-11 03:32:37 : INFO] - Re_Smush_It_Task with attachment ID : 1000, auto created on : November 11, 2025 03:26:08 
[2025-11-11 03:32:37 : INFO] - File: QR-BUEN-FIN.jpg, Compression quality: 92 
[2025-11-11 03:32:40 : INFO] - Backing up the original image - 2025/11/QR-BUEN-FIN-updraft-pre-smush-original.jpg 
[2025-11-11 03:32:46 : INFO] - Successfully optimized the image - /home3/partumde/partumdesign.com.mx/wp-content/uploads/2025/11/QR-BUEN-FIN.jpg.El archivo se ha comprimido de 607.46 KB a 536.84 KB, ahorrando un 11.63 por ciento, usando WP-Optimize 
[2025-11-11 03:32:46 : INFO] - Completed processing task with ID : 125, and type 'smush' 
[2025-11-11 03:32:46 : INFO] - Processing task with ID : 126, and type 'smush' 
[2025-11-11 03:32:46 : INFO] - Re_Smush_It_Task with attachment ID : 1001, auto created on : November 11, 2025 03:27:13 
[2025-11-11 03:32:46 : INFO] - File: Mesa-de-trabajo-6.jpg, Compression quality: 92 
[2025-11-11 03:32:49 : INFO] - Backing up the original image - 2025/11/Mesa-de-trabajo-6-updraft-pre-smush-original.jpg 
[2025-11-11 03:32:54 : INFO] - Successfully optimized the image - /home3/partumde/partumdesign.com.mx/wp-content/uploads/2025/11/Mesa-de-trabajo-6.jpg.El archivo se ha comprimido de 486.26 KB a 411.61 KB, ahorrando un 15.35 por ciento, usando WP-Optimize 
[2025-11-11 03:32:54 : INFO] - Completed processing task with ID : 126, and type 'smush' 
[2025-11-11 03:32:54 : INFO] - Processing task with ID : 127, and type 'smush' 
[2025-11-11 03:32:54 : INFO] - Re_Smush_It_Task with attachment ID : 1002, auto created on : November 11, 2025 03:29:01 
[2025-11-11 03:32:54 : INFO] - File: Mesa-de-trabajo-5.jpg, Compression quality: 92 
[2025-11-11 03:32:57 : INFO] - Backing up the original image - 2025/11/Mesa-de-trabajo-5-updraft-pre-smush-original.jpg 
[2025-11-11 03:33:01 : INFO] - Successfully optimized the image - /home3/partumde/partumdesign.com.mx/wp-content/uploads/2025/11/Mesa-de-trabajo-5.jpg.El archivo se ha comprimido de 458.97 KB a 387.41 KB, ahorrando un 15.59 por ciento, usando WP-Optimize 
[2025-11-11 03:33:01 : INFO] - Completed processing task with ID : 127, and type 'smush' 
[2025-11-11 03:33:01 : INFO] - Processing task with ID : 128, and type 'smush' 
[2025-11-11 03:33:01 : INFO] - Re_Smush_It_Task with attachment ID : 1003, auto created on : November 11, 2025 03:29:18 
[2025-11-11 03:33:01 : INFO] - File: Mesa-de-trabajo-2.jpg, Compression quality: 92 
[2025-11-11 03:33:07 : INFO] - Backing up the original image - 2025/11/Mesa-de-trabajo-2-updraft-pre-smush-original.jpg 
[2025-11-11 03:33:07 : INFO] - Successfully optimized the image - /home3/partumde/partumdesign.com.mx/wp-content/uploads/2025/11/Mesa-de-trabajo-2.jpg.El archivo se ha comprimido de 2.82 MB a 1.19 MB, ahorrando un 57.84 por ciento, usando WP-Optimize 
[2025-11-11 03:33:07 : INFO] - Completed processing task with ID : 128, and type 'smush' 
[2025-11-11 03:33:07 : INFO] - Processing task with ID : 129, and type 'smush' 
[2025-11-11 03:33:07 : INFO] - Re_Smush_It_Task with attachment ID : 1004, auto created on : November 11, 2025 03:30:46 
[2025-11-11 03:33:07 : INFO] - File: Mesa-de-trabajo-4.jpg, Compression quality: 92 
[2025-11-11 03:33:13 : INFO] - Backing up the original image - 2025/11/Mesa-de-trabajo-4-updraft-pre-smush-original.jpg 
[2025-11-11 03:33:13 : INFO] - Successfully optimized the image - /home3/partumde/partumdesign.com.mx/wp-content/uploads/2025/11/Mesa-de-trabajo-4.jpg.El archivo se ha comprimido de 2.71 MB a 1.17 MB, ahorrando un 56.84 por ciento, usando WP-Optimize 
[2025-11-11 03:33:13 : INFO] - Completed processing task with ID : 129, and type 'smush' 
[2025-11-11 03:33:13 : INFO] - Lock option (updraft_lock_smush, wp_options) released 
[2025-11-11 03:33:13 : INFO] - Successfully processed the queue (smush). 6 tasks were processed out of 6. 
[2025-11-11 03:33:13 : INFO] - Lock option (updraft_lock_smush, wp_options) was deleted from the database 
[2025-11-11 03:33:13 : INFO] - Cleaning up tasks of type (smush). A total of 6 tasks will be deleted. 
[2025-11-11 03:49:10 : INFO] - Re_Smush_It_Task with attachment ID : 1013, auto created on : November 11, 2025 03:49:10 
[2025-11-11 03:50:15 : INFO] - Re_Smush_It_Task with attachment ID : 1014, auto created on : November 11, 2025 03:50:15 
[2025-11-11 03:50:16 : INFO] - Re_Smush_It_Task with attachment ID : 1015, auto created on : November 11, 2025 03:50:15 
[2025-11-11 03:50:52 : INFO] - Re_Smush_It_Task with attachment ID : 1016, auto created on : November 11, 2025 03:50:52 
[2025-11-11 03:54:02 : INFO] - Re_Smush_It_Task with attachment ID : 1017, auto created on : November 11, 2025 03:54:02 
[2025-11-11 03:54:20 : INFO] - Re_Smush_It_Task with attachment ID : 1018, auto created on : November 11, 2025 03:54:20 
[2025-11-11 03:54:35 : INFO] - Re_Smush_It_Task with attachment ID : 1019, auto created on : November 11, 2025 03:54:35 
[2025-11-11 03:55:00 : INFO] - Re_Smush_It_Task with attachment ID : 1020, auto created on : November 11, 2025 03:55:00 
[2025-11-11 03:55:18 : INFO] - Re_Smush_It_Task with attachment ID : 1021, auto created on : November 11, 2025 03:55:17 
[2025-11-11 03:55:18 : INFO] - A total of 9 tasks of type smush found and will be processed in this iteration 
[2025-11-11 03:55:18 : DEBUG] - Lock option (updraft_lock_smush, wp_options) was created in the database 
[2025-11-11 03:55:18 : INFO] - Lock (updraft_lock_smush, wp_options) acquired after initialising the database 
[2025-11-11 03:55:18 : INFO] - Processing task with ID : 130, and type 'smush' 
[2025-11-11 03:55:18 : INFO] - Re_Smush_It_Task with attachment ID : 1013, auto created on : November 11, 2025 03:49:10 
[2025-11-11 03:55:18 : INFO] - File: Mesa-de-trabajo-11-copia-2.jpg, Compression quality: 92 
[2025-11-11 03:55:26 : INFO] - Backing up the original image - 2025/11/Mesa-de-trabajo-11-copia-2-updraft-pre-smush-original.jpg 
[2025-11-11 03:55:43 : INFO] - Successfully optimized the image - /home3/partumde/partumdesign.com.mx/wp-content/uploads/2025/11/Mesa-de-trabajo-11-copia-2.jpg.El archivo se ha comprimido de 607.25 KB a 532.44 KB, ahorrando un 12.32 por ciento, usando WP-Optimize 
[2025-11-11 03:55:43 : INFO] - Completed processing task with ID : 130, and type 'smush' 
[2025-11-11 03:55:43 : INFO] - Processing task with ID : 131, and type 'smush' 
[2025-11-11 03:55:43 : INFO] - Re_Smush_It_Task with attachment ID : 1014, auto created on : November 11, 2025 03:50:15 
[2025-11-11 03:55:43 : INFO] - File: Mesa-de-trabajo-9.jpg, Compression quality: 92 
[2025-11-11 03:55:54 : INFO] - Backing up the original image - 2025/11/Mesa-de-trabajo-9-updraft-pre-smush-original.jpg 
[2025-11-11 03:55:54 : INFO] - Successfully optimized the image - /home3/partumde/partumdesign.com.mx/wp-content/uploads/2025/11/Mesa-de-trabajo-9.jpg.El archivo se ha comprimido de 2.65 MB a 1.04 MB, ahorrando un 60.95 por ciento, usando WP-Optimize 
[2025-11-11 03:55:54 : INFO] - Completed processing task with ID : 131, and type 'smush' 
[2025-11-11 03:55:54 : INFO] - Processing task with ID : 132, and type 'smush' 
[2025-11-11 03:55:54 : INFO] - Re_Smush_It_Task with attachment ID : 1015, auto created on : November 11, 2025 03:50:15 
[2025-11-11 03:55:54 : INFO] - File: Mesa-de-trabajo-12-copia-2.jpg, Compression quality: 92 
[2025-11-11 03:56:06 : INFO] - Backing up the original image - 2025/11/Mesa-de-trabajo-12-copia-2-updraft-pre-smush-original.jpg 
[2025-11-11 03:56:06 : INFO] - Successfully optimized the image - /home3/partumde/partumdesign.com.mx/wp-content/uploads/2025/11/Mesa-de-trabajo-12-copia-2.jpg.El archivo se ha comprimido de 3.16 MB a 1.34 MB, ahorrando un 57.6 por ciento, usando WP-Optimize 
[2025-11-11 03:56:06 : INFO] - Completed processing task with ID : 132, and type 'smush' 
[2025-11-11 03:56:06 : INFO] - Processing task with ID : 133, and type 'smush' 
[2025-11-11 03:56:06 : INFO] - Re_Smush_It_Task with attachment ID : 1016, auto created on : November 11, 2025 03:50:52 
[2025-11-11 03:56:06 : INFO] - File: Mesa-de-trabajo-13-copia-2.jpg, Compression quality: 92 
[2025-11-11 03:56:18 : INFO] - Backing up the original image - 2025/11/Mesa-de-trabajo-13-copia-2-updraft-pre-smush-original.jpg 
[2025-11-11 03:56:18 : INFO] - Successfully optimized the image - /home3/partumde/partumdesign.com.mx/wp-content/uploads/2025/11/Mesa-de-trabajo-13-copia-2.jpg.El archivo se ha comprimido de 2.87 MB a 1.16 MB, ahorrando un 59.79 por ciento, usando WP-Optimize 
[2025-11-11 03:56:18 : INFO] - Completed processing task with ID : 133, and type 'smush' 
[2025-11-11 03:56:18 : INFO] - Processing task with ID : 134, and type 'smush' 
[2025-11-11 03:56:18 : INFO] - Re_Smush_It_Task with attachment ID : 1017, auto created on : November 11, 2025 03:54:02 
[2025-11-11 03:56:18 : INFO] - File: Mesa-de-trabajo-14-copia-2.jpg, Compression quality: 92 
[2025-11-11 03:56:27 : INFO] - Backing up the original image - 2025/11/Mesa-de-trabajo-14-copia-2-updraft-pre-smush-original.jpg 
[2025-11-11 03:56:27 : INFO] - Successfully optimized the image - /home3/partumde/partumdesign.com.mx/wp-content/uploads/2025/11/Mesa-de-trabajo-14-copia-2.jpg.El archivo se ha comprimido de 3.84 MB a 1.43 MB, ahorrando un 62.67 por ciento, usando WP-Optimize 
[2025-11-11 03:56:27 : INFO] - Completed processing task with ID : 134, and type 'smush' 
[2025-11-11 03:56:27 : INFO] - Processing task with ID : 135, and type 'smush' 
[2025-11-11 03:56:27 : INFO] - Re_Smush_It_Task with attachment ID : 1018, auto created on : November 11, 2025 03:54:20 
[2025-11-11 03:56:27 : INFO] - File: logotipoo.jpg, Compression quality: 92 
[2025-11-11 03:56:37 : INFO] - Backing up the original image - 2025/11/logotipoo-updraft-pre-smush-original.jpg 
[2025-11-11 03:56:37 : INFO] - Successfully optimized the image - /home3/partumde/partumdesign.com.mx/wp-content/uploads/2025/11/logotipoo.jpg.El archivo se ha comprimido de 3.87 MB a 1.38 MB, ahorrando un 64.25 por ciento, usando WP-Optimize 
[2025-11-11 03:56:37 : INFO] - Completed processing task with ID : 135, and type 'smush' 
[2025-11-11 03:56:37 : INFO] - Processing task with ID : 136, and type 'smush' 
[2025-11-11 03:56:37 : INFO] - Re_Smush_It_Task with attachment ID : 1019, auto created on : November 11, 2025 03:54:35 
[2025-11-11 03:56:37 : INFO] - File: Mesa-de-trabajo-7.jpg, Compression quality: 92 
[2025-11-11 03:56:47 : INFO] - Backing up the original image - 2025/11/Mesa-de-trabajo-7-updraft-pre-smush-original.jpg 
[2025-11-11 03:56:47 : INFO] - Successfully optimized the image - /home3/partumde/partumdesign.com.mx/wp-content/uploads/2025/11/Mesa-de-trabajo-7.jpg.El archivo se ha comprimido de 2.30 MB a 969.08 KB, ahorrando un 58.82 por ciento, usando WP-Optimize 
[2025-11-11 03:56:47 : INFO] - Completed processing task with ID : 136, and type 'smush' 
[2025-11-11 03:56:47 : INFO] - Processing task with ID : 137, and type 'smush' 
[2025-11-11 03:56:47 : INFO] - Re_Smush_It_Task with attachment ID : 1020, auto created on : November 11, 2025 03:55:00 
[2025-11-11 03:56:47 : INFO] - File: Mesa-de-trabajo-11-copia.jpg, Compression quality: 92 
[2025-11-11 03:56:54 : INFO] - Backing up the original image - 2025/11/Mesa-de-trabajo-11-copia-updraft-pre-smush-original.jpg 
[2025-11-11 03:56:54 : INFO] - Successfully optimized the image - /home3/partumde/partumdesign.com.mx/wp-content/uploads/2025/11/Mesa-de-trabajo-11-copia.jpg.El archivo se ha comprimido de 1.60 MB a 645.31 KB, ahorrando un 60.56 por ciento, usando WP-Optimize 
[2025-11-11 03:56:54 : INFO] - Completed processing task with ID : 137, and type 'smush' 
[2025-11-11 03:56:54 : INFO] - Processing task with ID : 138, and type 'smush' 
[2025-11-11 03:56:54 : INFO] - Re_Smush_It_Task with attachment ID : 1021, auto created on : November 11, 2025 03:55:17 
[2025-11-11 03:56:54 : INFO] - File: Mesa-de-trabajo-10.jpg, Compression quality: 92 
[2025-11-11 03:57:01 : INFO] - Backing up the original image - 2025/11/Mesa-de-trabajo-10-updraft-pre-smush-original.jpg 
[2025-11-11 03:57:01 : INFO] - Successfully optimized the image - /home3/partumde/partumdesign.com.mx/wp-content/uploads/2025/11/Mesa-de-trabajo-10.jpg.El archivo se ha comprimido de 3.39 MB a 1.22 MB, ahorrando un 64.12 por ciento, usando WP-Optimize 
[2025-11-11 03:57:01 : INFO] - Completed processing task with ID : 138, and type 'smush' 
[2025-11-11 03:57:01 : INFO] - Lock option (updraft_lock_smush, wp_options) released 
[2025-11-11 03:57:01 : INFO] - Successfully processed the queue (smush). 9 tasks were processed out of 9. 
[2025-11-11 03:57:01 : INFO] - Lock option (updraft_lock_smush, wp_options) was deleted from the database 
[2025-11-11 03:57:01 : INFO] - Cleaning up tasks of type (smush). A total of 9 tasks will be deleted. 
[2025-11-11 04:06:30 : INFO] - Re_Smush_It_Task with attachment ID : 1022, auto created on : November 11, 2025 04:06:30 
[2025-11-11 04:06:47 : INFO] - Re_Smush_It_Task with attachment ID : 1023, auto created on : November 11, 2025 04:06:47 
[2025-11-11 04:07:23 : INFO] - Re_Smush_It_Task with attachment ID : 1024, auto created on : November 11, 2025 04:07:23 
[2025-11-11 04:11:37 : INFO] - A total of 3 tasks of type smush found and will be processed in this iteration 
[2025-11-11 04:11:37 : DEBUG] - Lock option (updraft_lock_smush, wp_options) was created in the database 
[2025-11-11 04:11:37 : INFO] - Lock (updraft_lock_smush, wp_options) acquired after initialising the database 
[2025-11-11 04:11:37 : INFO] - Processing task with ID : 139, and type 'smush' 
[2025-11-11 04:11:37 : INFO] - Re_Smush_It_Task with attachment ID : 1022, auto created on : November 11, 2025 04:06:30 
[2025-11-11 04:11:37 : INFO] - File: Gaby-Google.png, Compression quality: 92 
[2025-11-11 04:11:45 : INFO] - Backing up the original image - 2025/11/Gaby-Google-updraft-pre-smush-original.png 
[2025-11-11 04:11:45 : INFO] - Successfully optimized the image - /home3/partumde/partumdesign.com.mx/wp-content/uploads/2025/11/Gaby-Google.png.El archivo se ha comprimido de 4.93 MB a 3.16 MB, ahorrando un 35.87 por ciento, usando WP-Optimize 
[2025-11-11 04:11:45 : INFO] - Completed processing task with ID : 139, and type 'smush' 
[2025-11-11 04:11:45 : INFO] - Processing task with ID : 140, and type 'smush' 
[2025-11-11 04:11:45 : INFO] - Re_Smush_It_Task with attachment ID : 1023, auto created on : November 11, 2025 04:06:47 
[2025-11-11 04:11:45 : INFO] - File: Captura-de-pantalla-2025-11-10-220608.png, Compression quality: 92 
[2025-11-11 04:11:47 : INFO] - Backing up the original image - 2025/11/Captura-de-pantalla-2025-11-10-220608-updraft-pre-smush-original.png 
[2025-11-11 04:11:51 : INFO] - Successfully optimized the image - /home3/partumde/partumdesign.com.mx/wp-content/uploads/2025/11/Captura-de-pantalla-2025-11-10-220608.png.El archivo se ha comprimido de 602.48 KB a 195.13 KB, ahorrando un 67.61 por ciento, usando WP-Optimize 
[2025-11-11 04:11:51 : INFO] - Completed processing task with ID : 140, and type 'smush' 
[2025-11-11 04:11:51 : INFO] - Processing task with ID : 141, and type 'smush' 
[2025-11-11 04:11:51 : INFO] - Re_Smush_It_Task with attachment ID : 1024, auto created on : November 11, 2025 04:07:23 
[2025-11-11 04:11:51 : INFO] - File: Captura-de-pantalla-2025-11-10-220706.png, Compression quality: 92 
[2025-11-11 04:11:53 : INFO] - Backing up the original image - 2025/11/Captura-de-pantalla-2025-11-10-220706-updraft-pre-smush-original.png 
[2025-11-11 04:11:55 : INFO] - Successfully optimized the image - /home3/partumde/partumdesign.com.mx/wp-content/uploads/2025/11/Captura-de-pantalla-2025-11-10-220706.png.El archivo se ha comprimido de 423.40 KB a 145.61 KB, ahorrando un 65.61 por ciento, usando WP-Optimize 
[2025-11-11 04:11:55 : INFO] - Completed processing task with ID : 141, and type 'smush' 
[2025-11-11 04:11:55 : INFO] - Lock option (updraft_lock_smush, wp_options) released 
[2025-11-11 04:11:55 : INFO] - Successfully processed the queue (smush). 3 tasks were processed out of 3. 
[2025-11-11 04:11:55 : INFO] - Lock option (updraft_lock_smush, wp_options) was deleted from the database 
[2025-11-11 04:11:55 : INFO] - Cleaning up tasks of type (smush). A total of 3 tasks will be deleted. 
[2025-12-03 23:34:46 : INFO] - Re_Smush_It_Task with attachment ID : 1083, auto created on : December 03, 2025 11:34:45 
[2025-12-03 23:39:53 : INFO] - A total of 1 tasks of type smush found and will be processed in this iteration 
[2025-12-03 23:39:53 : DEBUG] - Lock option (updraft_lock_smush, wp_options) was created in the database 
[2025-12-03 23:39:53 : INFO] - Lock (updraft_lock_smush, wp_options) acquired after initialising the database 
[2025-12-03 23:39:53 : INFO] - Processing task with ID : 142, and type 'smush' 
[2025-12-03 23:39:53 : INFO] - Re_Smush_It_Task with attachment ID : 1083, auto created on : December 03, 2025 11:34:45 
[2025-12-03 23:39:53 : INFO] - File: LOGO-NAVIDAPARTU.png, Compression quality: 92 
[2025-12-03 23:39:57 : INFO] - Backing up the original image - 2025/12/LOGO-NAVIDAPARTU-updraft-pre-smush-original.png 
[2025-12-03 23:40:09 : INFO] - Successfully optimized the image - /home3/partumde/partumdesign.com.mx/wp-content/uploads/2025/12/LOGO-NAVIDAPARTU.png.El archivo se ha comprimido de 897.39 KB a 303.09 KB, ahorrando un 66.23 por ciento, usando WP-Optimize 
[2025-12-03 23:40:09 : INFO] - Completed processing task with ID : 142, and type 'smush' 
[2025-12-03 23:40:09 : INFO] - Lock option (updraft_lock_smush, wp_options) released 
[2025-12-03 23:40:09 : INFO] - Successfully processed the queue (smush). 1 tasks were processed out of 1. 
[2025-12-03 23:40:09 : INFO] - Lock option (updraft_lock_smush, wp_options) was deleted from the database 
[2025-12-03 23:40:09 : INFO] - Cleaning up tasks of type (smush). A total of 1 tasks will be deleted. 
[2025-12-22 15:14:22 : INFO] - Re_Smush_It_Task with attachment ID : 1116, auto created on : December 22, 2025 03:14:22 
[2025-12-22 15:14:29 : INFO] - Re_Smush_It_Task with attachment ID : 1117, auto created on : December 22, 2025 03:14:29 
[2025-12-22 15:14:30 : INFO] - Re_Smush_It_Task with attachment ID : 1118, auto created on : December 22, 2025 03:14:30 
[2025-12-22 15:14:32 : INFO] - Re_Smush_It_Task with attachment ID : 1119, auto created on : December 22, 2025 03:14:32 
[2025-12-22 15:14:44 : INFO] - Re_Smush_It_Task with attachment ID : 1120, auto created on : December 22, 2025 03:14:44 
[2025-12-22 15:14:51 : INFO] - Re_Smush_It_Task with attachment ID : 1121, auto created on : December 22, 2025 03:14:51 
[2025-12-22 15:14:58 : INFO] - Re_Smush_It_Task with attachment ID : 1122, auto created on : December 22, 2025 03:14:58 
[2025-12-22 15:15:06 : INFO] - Re_Smush_It_Task with attachment ID : 1123, auto created on : December 22, 2025 03:15:06 
[2025-12-22 15:15:20 : INFO] - Re_Smush_It_Task with attachment ID : 1124, auto created on : December 22, 2025 03:15:20 
[2025-12-22 15:18:08 : INFO] - Re_Smush_It_Task with attachment ID : 1128, auto created on : December 22, 2025 03:18:08 
[2025-12-22 15:18:16 : INFO] - Re_Smush_It_Task with attachment ID : 1129, auto created on : December 22, 2025 03:18:16 
[2025-12-22 15:18:26 : INFO] - Re_Smush_It_Task with attachment ID : 1130, auto created on : December 22, 2025 03:18:26 
[2025-12-22 15:18:34 : INFO] - Re_Smush_It_Task with attachment ID : 1131, auto created on : December 22, 2025 03:18:34 
[2025-12-22 15:18:42 : INFO] - Re_Smush_It_Task with attachment ID : 1132, auto created on : December 22, 2025 03:18:42 
[2025-12-22 15:19:34 : INFO] - A total of 14 tasks of type smush found and will be processed in this iteration 
[2025-12-22 15:19:34 : DEBUG] - Lock option (updraft_lock_smush, wp_options) was created in the database 
[2025-12-22 15:19:34 : INFO] - Lock (updraft_lock_smush, wp_options) acquired after initialising the database 
[2025-12-22 15:19:34 : INFO] - Processing task with ID : 143, and type 'smush' 
[2025-12-22 15:19:34 : INFO] - Re_Smush_It_Task with attachment ID : 1116, auto created on : December 22, 2025 03:14:22 
[2025-12-22 15:19:34 : INFO] - File: b4b3eca4-3a9d-4d4f-a72c-f1a4e08d4484.jpg, Compression quality: 92 
[2025-12-22 15:19:36 : INFO] - The downloaded resource does not have a matching mime type. 
[2025-12-22 15:19:37 : INFO] - The downloaded resource does not have a matching mime type. 
[2025-12-22 15:19:39 : INFO] - The downloaded resource does not have a matching mime type. 
[2025-12-22 15:19:40 : INFO] - The downloaded resource does not have a matching mime type. 
[2025-12-22 15:19:40 : INFO] - Successfully optimized the image - /home3/partumde/partumdesign.com.mx/wp-content/uploads/2025/12/b4b3eca4-3a9d-4d4f-a72c-f1a4e08d4484.jpg.El archivo se ha comprimido de 172.06 KB a 172.06 KB, ahorrando un 0 por ciento, usando WP-Optimize 
[2025-12-22 15:19:40 : INFO] - Completed processing task with ID : 143, and type 'smush' 
[2025-12-22 15:19:40 : INFO] - Processing task with ID : 144, and type 'smush' 
[2025-12-22 15:19:40 : INFO] - Re_Smush_It_Task with attachment ID : 1117, auto created on : December 22, 2025 03:14:29 
[2025-12-22 15:19:40 : INFO] - File: 43eff0ca-fff0-4711-aa0e-664414937c2c.jpg, Compression quality: 92 
[2025-12-22 15:19:42 : INFO] - The downloaded resource does not have a matching mime type. 
[2025-12-22 15:19:42 : INFO] - The downloaded resource does not have a matching mime type. 
[2025-12-22 15:19:43 : INFO] - The downloaded resource does not have a matching mime type. 
[2025-12-22 15:19:45 : INFO] - Successfully optimized the image - /home3/partumde/partumdesign.com.mx/wp-content/uploads/2025/12/43eff0ca-fff0-4711-aa0e-664414937c2c.jpg.El archivo se ha comprimido de 86.85 KB a 86.85 KB, ahorrando un 0 por ciento, usando WP-Optimize 
[2025-12-22 15:19:45 : INFO] - Completed processing task with ID : 144, and type 'smush' 
[2025-12-22 15:19:45 : INFO] - Processing task with ID : 145, and type 'smush' 
[2025-12-22 15:19:45 : INFO] - Re_Smush_It_Task with attachment ID : 1118, auto created on : December 22, 2025 03:14:30 
[2025-12-22 15:19:45 : INFO] - File: 225a717a-8b51-4ddf-a139-b4730940789e.jpg, Compression quality: 92 
[2025-12-22 15:19:47 : INFO] - The downloaded resource does not have a matching mime type. 
[2025-12-22 15:19:47 : INFO] - The downloaded resource does not have a matching mime type. 
[2025-12-22 15:19:49 : INFO] - The downloaded resource does not have a matching mime type. 
[2025-12-22 15:19:50 : INFO] - The downloaded resource does not have a matching mime type. 
[2025-12-22 15:19:50 : INFO] - Successfully optimized the image - /home3/partumde/partumdesign.com.mx/wp-content/uploads/2025/12/225a717a-8b51-4ddf-a139-b4730940789e.jpg.El archivo se ha comprimido de 128.24 KB a 128.24 KB, ahorrando un 0 por ciento, usando WP-Optimize 
[2025-12-22 15:19:50 : INFO] - Completed processing task with ID : 145, and type 'smush' 
[2025-12-22 15:19:50 : INFO] - Processing task with ID : 146, and type 'smush' 
[2025-12-22 15:19:50 : INFO] - Re_Smush_It_Task with attachment ID : 1119, auto created on : December 22, 2025 03:14:32 
[2025-12-22 15:19:50 : INFO] - File: f9b6cf63-afef-4047-9756-68d13aa9cd1d.jpg, Compression quality: 92 
[2025-12-22 15:19:52 : INFO] - Backing up the original image - 2025/12/f9b6cf63-afef-4047-9756-68d13aa9cd1d-updraft-pre-smush-original.jpg 
[2025-12-22 15:19:55 : INFO] - The downloaded resource does not have a matching mime type. 
[2025-12-22 15:19:57 : INFO] - Successfully optimized the image - /home3/partumde/partumdesign.com.mx/wp-content/uploads/2025/12/f9b6cf63-afef-4047-9756-68d13aa9cd1d.jpg.El archivo se ha comprimido de 164.04 KB a 164.04 KB, ahorrando un 0 por ciento, usando WP-Optimize 
[2025-12-22 15:19:57 : INFO] - Completed processing task with ID : 146, and type 'smush' 
[2025-12-22 15:19:57 : INFO] - Processing task with ID : 147, and type 'smush' 
[2025-12-22 15:19:57 : INFO] - Re_Smush_It_Task with attachment ID : 1120, auto created on : December 22, 2025 03:14:44 
[2025-12-22 15:19:57 : INFO] - File: 8cf6a42e-04e9-421c-88d1-f7050a272d22.jpg, Compression quality: 92 
[2025-12-22 15:19:59 : INFO] - Backing up the original image - 2025/12/8cf6a42e-04e9-421c-88d1-f7050a272d22-updraft-pre-smush-original.jpg 
[2025-12-22 15:20:01 : INFO] - The downloaded resource does not have a matching mime type. 
[2025-12-22 15:20:03 : INFO] - The downloaded resource does not have a matching mime type. 
[2025-12-22 15:20:03 : INFO] - Successfully optimized the image - /home3/partumde/partumdesign.com.mx/wp-content/uploads/2025/12/8cf6a42e-04e9-421c-88d1-f7050a272d22.jpg.El archivo se ha comprimido de 62.10 KB a 60.41 KB, ahorrando un 2.73 por ciento, usando WP-Optimize 
[2025-12-22 15:20:03 : INFO] - Completed processing task with ID : 147, and type 'smush' 
[2025-12-22 15:20:03 : INFO] - Processing task with ID : 148, and type 'smush' 
[2025-12-22 15:20:03 : INFO] - Re_Smush_It_Task with attachment ID : 1121, auto created on : December 22, 2025 03:14:51 
[2025-12-22 15:20:03 : INFO] - File: 3563187e-5273-473e-931c-e8de165ed7d6.jpg, Compression quality: 92 
[2025-12-22 15:20:04 : INFO] - The downloaded resource does not have a matching mime type. 
[2025-12-22 15:20:05 : INFO] - The downloaded resource does not have a matching mime type. 
[2025-12-22 15:20:06 : INFO] - The downloaded resource does not have a matching mime type. 
[2025-12-22 15:20:07 : INFO] - The downloaded resource does not have a matching mime type. 
[2025-12-22 15:20:08 : INFO] - Successfully optimized the image - /home3/partumde/partumdesign.com.mx/wp-content/uploads/2025/12/3563187e-5273-473e-931c-e8de165ed7d6.jpg.El archivo se ha comprimido de 89.98 KB a 89.98 KB, ahorrando un 0 por ciento, usando WP-Optimize 
[2025-12-22 15:20:08 : INFO] - Completed processing task with ID : 148, and type 'smush' 
[2025-12-22 15:20:08 : INFO] - Processing task with ID : 149, and type 'smush' 
[2025-12-22 15:20:08 : INFO] - Re_Smush_It_Task with attachment ID : 1122, auto created on : December 22, 2025 03:14:58 
[2025-12-22 15:20:08 : INFO] - File: 8ea262c8-5b5d-4fac-8675-5716b419c127.jpg, Compression quality: 92 
[2025-12-22 15:20:10 : INFO] - The downloaded resource does not have a matching mime type. 
[2025-12-22 15:20:11 : INFO] - The downloaded resource does not have a matching mime type. 
[2025-12-22 15:20:13 : INFO] - The downloaded resource does not have a matching mime type. 
[2025-12-22 15:20:13 : INFO] - Successfully optimized the image - /home3/partumde/partumdesign.com.mx/wp-content/uploads/2025/12/8ea262c8-5b5d-4fac-8675-5716b419c127.jpg.El archivo se ha comprimido de 43.22 KB a 43.22 KB, ahorrando un 0 por ciento, usando WP-Optimize 
[2025-12-22 15:20:13 : INFO] - Completed processing task with ID : 149, and type 'smush' 
[2025-12-22 15:20:13 : INFO] - Processing task with ID : 150, and type 'smush' 
[2025-12-22 15:20:13 : INFO] - Re_Smush_It_Task with attachment ID : 1123, auto created on : December 22, 2025 03:15:06 
[2025-12-22 15:20:13 : INFO] - File: af6cd760-98d5-4c18-8e07-767978d490c5.jpg, Compression quality: 92 
[2025-12-22 15:20:14 : INFO] - Backing up the original image - 2025/12/af6cd760-98d5-4c18-8e07-767978d490c5-updraft-pre-smush-original.jpg 
[2025-12-22 15:20:16 : INFO] - The downloaded resource does not have a matching mime type. 
[2025-12-22 15:20:18 : INFO] - Successfully optimized the image - /home3/partumde/partumdesign.com.mx/wp-content/uploads/2025/12/af6cd760-98d5-4c18-8e07-767978d490c5.jpg.El archivo se ha comprimido de 35.94 KB a 32.94 KB, ahorrando un 8.35 por ciento, usando WP-Optimize 
[2025-12-22 15:20:18 : INFO] - Completed processing task with ID : 150, and type 'smush' 
[2025-12-22 15:20:18 : INFO] - Processing task with ID : 151, and type 'smush' 
[2025-12-22 15:20:18 : INFO] - Re_Smush_It_Task with attachment ID : 1124, auto created on : December 22, 2025 03:15:20 
[2025-12-22 15:20:18 : INFO] - File: 4b476665-6ddb-4030-8b15-38d3a65c0b5e.jpg, Compression quality: 92 
[2025-12-22 15:20:20 : INFO] - Backing up the original image - 2025/12/4b476665-6ddb-4030-8b15-38d3a65c0b5e-updraft-pre-smush-original.jpg 
[2025-12-22 15:20:22 : INFO] - The downloaded resource does not have a matching mime type. 
[2025-12-22 15:20:22 : INFO] - The downloaded resource does not have a matching mime type. 
[2025-12-22 15:20:24 : INFO] - Successfully optimized the image - /home3/partumde/partumdesign.com.mx/wp-content/uploads/2025/12/4b476665-6ddb-4030-8b15-38d3a65c0b5e.jpg.El archivo se ha comprimido de 133.55 KB a 133.40 KB, ahorrando un 0.11 por ciento, usando WP-Optimize 
[2025-12-22 15:20:24 : INFO] - Completed processing task with ID : 151, and type 'smush' 
[2025-12-22 15:20:24 : INFO] - Processing task with ID : 152, and type 'smush' 
[2025-12-22 15:20:24 : INFO] - Re_Smush_It_Task with attachment ID : 1128, auto created on : December 22, 2025 03:18:08 
[2025-12-22 15:20:24 : INFO] - File: 55aa38a8-494d-489d-8423-ed5500370ad7.jpg, Compression quality: 92 
[2025-12-22 15:20:26 : INFO] - Backing up the original image - 2025/12/55aa38a8-494d-489d-8423-ed5500370ad7-updraft-pre-smush-original.jpg 
[2025-12-22 15:20:28 : INFO] - The downloaded resource does not have a matching mime type. 
[2025-12-22 15:20:28 : INFO] - The downloaded resource does not have a matching mime type. 
[2025-12-22 15:20:30 : INFO] - Successfully optimized the image - /home3/partumde/partumdesign.com.mx/wp-content/uploads/2025/12/55aa38a8-494d-489d-8423-ed5500370ad7.jpg.El archivo se ha comprimido de 135.22 KB a 135.10 KB, ahorrando un 0.08 por ciento, usando WP-Optimize 
[2025-12-22 15:20:30 : INFO] - Completed processing task with ID : 152, and type 'smush' 
[2025-12-22 15:20:30 : INFO] - Processing task with ID : 153, and type 'smush' 
[2025-12-22 15:20:30 : INFO] - Re_Smush_It_Task with attachment ID : 1129, auto created on : December 22, 2025 03:18:16 
[2025-12-22 15:20:30 : INFO] - File: ba4e589c-943f-4362-a453-4e762af8f49d.jpg, Compression quality: 92 
[2025-12-22 15:20:32 : INFO] - The downloaded resource does not have a matching mime type. 
[2025-12-22 15:20:33 : INFO] - The downloaded resource does not have a matching mime type. 
[2025-12-22 15:20:36 : INFO] - The downloaded resource does not have a matching mime type. 
[2025-12-22 15:20:36 : INFO] - Successfully optimized the image - /home3/partumde/partumdesign.com.mx/wp-content/uploads/2025/12/ba4e589c-943f-4362-a453-4e762af8f49d.jpg.El archivo se ha comprimido de 222.78 KB a 222.78 KB, ahorrando un 0 por ciento, usando WP-Optimize 
[2025-12-22 15:20:36 : INFO] - Completed processing task with ID : 153, and type 'smush' 
[2025-12-22 15:20:36 : INFO] - Processing task with ID : 154, and type 'smush' 
[2025-12-22 15:20:36 : INFO] - Re_Smush_It_Task with attachment ID : 1130, auto created on : December 22, 2025 03:18:26 
[2025-12-22 15:20:36 : INFO] - File: cb5a7daa-13c0-4fc3-a01d-2ecd3ec3027f.jpg, Compression quality: 92 
[2025-12-22 15:20:38 : INFO] - The downloaded resource does not have a matching mime type. 
[2025-12-22 15:20:40 : INFO] - The downloaded resource does not have a matching mime type. 
[2025-12-22 15:20:41 : INFO] - The downloaded resource does not have a matching mime type. 
[2025-12-22 15:20:42 : INFO] - The downloaded resource does not have a matching mime type. 
[2025-12-22 15:20:42 : INFO] - Successfully optimized the image - /home3/partumde/partumdesign.com.mx/wp-content/uploads/2025/12/cb5a7daa-13c0-4fc3-a01d-2ecd3ec3027f.jpg.El archivo se ha comprimido de 259.55 KB a 259.55 KB, ahorrando un 0 por ciento, usando WP-Optimize 
[2025-12-22 15:20:42 : INFO] - Completed processing task with ID : 154, and type 'smush' 
[2025-12-22 15:20:42 : INFO] - Processing task with ID : 155, and type 'smush' 
[2025-12-22 15:20:42 : INFO] - Re_Smush_It_Task with attachment ID : 1131, auto created on : December 22, 2025 03:18:34 
[2025-12-22 15:20:42 : INFO] - File: 28b478b4-606c-4867-b073-2786dc67b1eb.jpg, Compression quality: 92 
[2025-12-22 15:20:44 : INFO] - The downloaded resource does not have a matching mime type. 
[2025-12-22 15:20:45 : INFO] - The downloaded resource does not have a matching mime type. 
[2025-12-22 15:20:47 : INFO] - The downloaded resource does not have a matching mime type. 
[2025-12-22 15:20:48 : INFO] - Successfully optimized the image - /home3/partumde/partumdesign.com.mx/wp-content/uploads/2025/12/28b478b4-606c-4867-b073-2786dc67b1eb.jpg.El archivo se ha comprimido de 142.12 KB a 142.12 KB, ahorrando un 0 por ciento, usando WP-Optimize 
[2025-12-22 15:20:48 : INFO] - Completed processing task with ID : 155, and type 'smush' 
[2025-12-22 15:20:48 : INFO] - Processing task with ID : 156, and type 'smush' 
[2025-12-22 15:20:48 : INFO] - Re_Smush_It_Task with attachment ID : 1132, auto created on : December 22, 2025 03:18:42 
[2025-12-22 15:20:48 : INFO] - File: c1bf4aad-dcd9-4e45-a003-7148eb9a549f.jpg, Compression quality: 92 
[2025-12-22 15:20:50 : INFO] - Backing up the original image - 2025/12/c1bf4aad-dcd9-4e45-a003-7148eb9a549f-updraft-pre-smush-original.jpg 
[2025-12-22 15:20:56 : INFO] - Successfully optimized the image - /home3/partumde/partumdesign.com.mx/wp-content/uploads/2025/12/c1bf4aad-dcd9-4e45-a003-7148eb9a549f.jpg.El archivo se ha comprimido de 179.66 KB a 179.66 KB, ahorrando un 0 por ciento, usando WP-Optimize 
[2025-12-22 15:20:56 : INFO] - Completed processing task with ID : 156, and type 'smush' 
[2025-12-22 15:20:56 : INFO] - Lock option (updraft_lock_smush, wp_options) released 
[2025-12-22 15:20:56 : INFO] - Successfully processed the queue (smush). 14 tasks were processed out of 14. 
[2025-12-22 15:20:56 : INFO] - Lock option (updraft_lock_smush, wp_options) was deleted from the database 
[2025-12-22 15:20:56 : INFO] - Cleaning up tasks of type (smush). A total of 14 tasks will be deleted. 
[2026-01-19 22:43:51 : INFO] - Re_Smush_It_Task with attachment ID : 1145, auto created on : January 19, 2026 10:43:51 
[2026-01-19 22:50:25 : INFO] - A total of 1 tasks of type smush found and will be processed in this iteration 
[2026-01-19 22:50:25 : DEBUG] - Lock option (updraft_lock_smush, wp_options) was created in the database 
[2026-01-19 22:50:25 : INFO] - Lock (updraft_lock_smush, wp_options) acquired after initialising the database 
[2026-01-19 22:50:25 : INFO] - Processing task with ID : 157, and type 'smush' 
[2026-01-19 22:50:25 : INFO] - Re_Smush_It_Task with attachment ID : 1145, auto created on : January 19, 2026 10:43:51 
[2026-01-19 22:50:25 : INFO] - File: Elementor-post-screenshot_924_2026-01-19-22-43-51_41cd32bc.png, Compression quality: 92 
[2026-01-19 22:50:26 : INFO] - Backing up the original image - elementor/screenshots/Elementor-post-screenshot_924_2026-01-19-22-43-51_41cd32bc-updraft-pre-smush-original.png 
[2026-01-19 22:50:26 : INFO] - Successfully optimized the image - /home3/partumde/partumdesign.com.mx/wp-content/uploads/elementor/screenshots/Elementor-post-screenshot_924_2026-01-19-22-43-51_41cd32bc.png.El archivo se ha comprimido de 34.88 KB a 4.86 KB, ahorrando un 86.07 por ciento, usando WP-Optimize 
[2026-01-19 22:50:26 : INFO] - Completed processing task with ID : 157, and type 'smush' 
[2026-01-19 22:50:26 : INFO] - Lock option (updraft_lock_smush, wp_options) released 
[2026-01-19 22:50:26 : INFO] - Successfully processed the queue (smush). 1 tasks were processed out of 1. 
[2026-01-19 22:50:26 : INFO] - Lock option (updraft_lock_smush, wp_options) was deleted from the database 
[2026-01-19 22:50:26 : INFO] - Cleaning up tasks of type (smush). A total of 1 tasks will be deleted. 
[2026-01-28 19:03:00 : INFO] - Re_Smush_It_Task with attachment ID : 1331, auto created on : January 28, 2026 07:03:00 
[2026-01-28 19:08:11 : INFO] - A total of 1 tasks of type smush found and will be processed in this iteration 
[2026-01-28 19:08:11 : DEBUG] - Lock option (updraft_lock_smush, wp_options) was created in the database 
[2026-01-28 19:08:11 : INFO] - Lock (updraft_lock_smush, wp_options) acquired after initialising the database 
[2026-01-28 19:08:11 : INFO] - Processing task with ID : 158, and type 'smush' 
[2026-01-28 19:08:11 : INFO] - Re_Smush_It_Task with attachment ID : 1331, auto created on : January 28, 2026 07:03:00 
[2026-01-28 19:08:11 : INFO] - File: pexels-olia-danilevich-5313161.jpg, Compression quality: 92 
[2026-01-28 19:08:13 : INFO] - Backing up the original image - 2026/01/pexels-olia-danilevich-5313161-updraft-pre-smush-original.jpg 
[2026-01-28 19:08:20 : INFO] - Successfully optimized the image - /home3/partumde/partumdesign.com.mx/wp-content/uploads/2026/01/pexels-olia-danilevich-5313161.jpg.El archivo se ha comprimido de 360.36 KB a 357.09 KB, ahorrando un 0.91 por ciento, usando WP-Optimize 
[2026-01-28 19:08:20 : INFO] - Completed processing task with ID : 158, and type 'smush' 
[2026-01-28 19:08:20 : INFO] - Lock option (updraft_lock_smush, wp_options) released 
[2026-01-28 19:08:20 : INFO] - Successfully processed the queue (smush). 1 tasks were processed out of 1. 
[2026-01-28 19:08:20 : INFO] - Lock option (updraft_lock_smush, wp_options) was deleted from the database 
[2026-01-28 19:08:20 : INFO] - Cleaning up tasks of type (smush). A total of 1 tasks will be deleted. 
[2026-01-28 19:23:15 : INFO] - Re_Smush_It_Task with attachment ID : 1332, auto created on : January 28, 2026 07:23:15 
[2026-01-28 19:28:15 : INFO] - A total of 1 tasks of type smush found and will be processed in this iteration 
[2026-01-28 19:28:15 : DEBUG] - Lock option (updraft_lock_smush, wp_options) was created in the database 
[2026-01-28 19:28:15 : INFO] - Lock (updraft_lock_smush, wp_options) acquired after initialising the database 
[2026-01-28 19:28:15 : INFO] - Processing task with ID : 159, and type 'smush' 
[2026-01-28 19:28:15 : INFO] - Re_Smush_It_Task with attachment ID : 1332, auto created on : January 28, 2026 07:23:15 
[2026-01-28 19:28:15 : INFO] - File: mujer-reunion-linea.png, Compression quality: 92 
[2026-01-28 19:28:19 : INFO] - Backing up the original image - 2026/01/mujer-reunion-linea-updraft-pre-smush-original.png 
[2026-01-28 19:28:30 : INFO] - Successfully optimized the image - /home3/partumde/partumdesign.com.mx/wp-content/uploads/2026/01/mujer-reunion-linea.png.El archivo se ha comprimido de 2.41 MB a 1.12 MB, ahorrando un 53.44 por ciento, usando WP-Optimize 
[2026-01-28 19:28:30 : INFO] - Completed processing task with ID : 159, and type 'smush' 
[2026-01-28 19:28:30 : INFO] - Lock option (updraft_lock_smush, wp_options) released 
[2026-01-28 19:28:30 : INFO] - Successfully processed the queue (smush). 1 tasks were processed out of 1. 
[2026-01-28 19:28:30 : INFO] - Lock option (updraft_lock_smush, wp_options) was deleted from the database 
[2026-01-28 19:28:30 : INFO] - Cleaning up tasks of type (smush). A total of 1 tasks will be deleted. 
[2026-01-28 19:34:03 : INFO] - Re_Smush_It_Task with attachment ID : 1350, auto created on : January 28, 2026 07:34:03 
[2026-01-28 19:38:33 : INFO] - A total of 1 tasks of type smush found and will be processed in this iteration 
[2026-01-28 19:38:33 : DEBUG] - Lock option (updraft_lock_smush, wp_options) was created in the database 
[2026-01-28 19:38:33 : INFO] - Lock (updraft_lock_smush, wp_options) acquired after initialising the database 
[2026-01-28 19:38:33 : INFO] - Processing task with ID : 160, and type 'smush' 
[2026-01-28 19:38:33 : INFO] - Re_Smush_It_Task with attachment ID : 1350, auto created on : January 28, 2026 07:34:03 
[2026-01-28 19:38:33 : INFO] - File: IMG_0237.jpg, Compression quality: 92 
[2026-01-28 19:38:34 : INFO] - Backing up the original image - 2026/01/IMG_0237-updraft-pre-smush-original.jpg 
[2026-01-28 19:38:37 : INFO] - Successfully optimized the image - /home3/partumde/partumdesign.com.mx/wp-content/uploads/2026/01/IMG_0237.jpg.El archivo se ha comprimido de 101.28 KB a 70.79 KB, ahorrando un 30.11 por ciento, usando WP-Optimize 
[2026-01-28 19:38:37 : INFO] - Completed processing task with ID : 160, and type 'smush' 
[2026-01-28 19:38:37 : INFO] - Lock option (updraft_lock_smush, wp_options) released 
[2026-01-28 19:38:37 : INFO] - Successfully processed the queue (smush). 1 tasks were processed out of 1. 
[2026-01-28 19:38:37 : INFO] - Lock option (updraft_lock_smush, wp_options) was deleted from the database 
[2026-01-28 19:38:37 : INFO] - Cleaning up tasks of type (smush). A total of 1 tasks will be deleted. 
[2026-01-30 23:36:57 : INFO] - Re_Smush_It_Task with attachment ID : 1658, auto created on : January 30, 2026 11:36:56 
[2026-01-30 23:42:14 : INFO] - A total of 1 tasks of type smush found and will be processed in this iteration 
[2026-01-30 23:42:14 : DEBUG] - Lock option (updraft_lock_smush, wp_options) was created in the database 
[2026-01-30 23:42:14 : INFO] - Lock (updraft_lock_smush, wp_options) acquired after initialising the database 
[2026-01-30 23:42:14 : INFO] - Processing task with ID : 161, and type 'smush' 
[2026-01-30 23:42:14 : INFO] - Re_Smush_It_Task with attachment ID : 1658, auto created on : January 30, 2026 11:36:56 
[2026-01-30 23:42:14 : INFO] - File: Elementor-post-screenshot_1647_2026-01-30-23-36-56_8653e49.png, Compression quality: 92 
[2026-01-30 23:42:15 : INFO] - Backing up the original image - elementor/screenshots/Elementor-post-screenshot_1647_2026-01-30-23-36-56_8653e49-updraft-pre-smush-original.png 
[2026-01-30 23:42:15 : INFO] - Successfully optimized the image - /home3/partumde/partumdesign.com.mx/wp-content/uploads/elementor/screenshots/Elementor-post-screenshot_1647_2026-01-30-23-36-56_8653e49.png.El archivo se ha comprimido de 34.82 KB a 11.17 KB, ahorrando un 67.91 por ciento, usando WP-Optimize 
[2026-01-30 23:42:15 : INFO] - Completed processing task with ID : 161, and type 'smush' 
[2026-01-30 23:42:15 : INFO] - Lock option (updraft_lock_smush, wp_options) released 
[2026-01-30 23:42:15 : INFO] - Successfully processed the queue (smush). 1 tasks were processed out of 1. 
[2026-01-30 23:42:15 : INFO] - Lock option (updraft_lock_smush, wp_options) was deleted from the database 
[2026-01-30 23:42:15 : INFO] - Cleaning up tasks of type (smush). A total of 1 tasks will be deleted. 
[2026-02-03 18:55:09 : INFO] - Re_Smush_It_Task with attachment ID : 1685, auto created on : February 03, 2026 06:55:09 
[2026-02-03 19:00:18 : INFO] - A total of 1 tasks of type smush found and will be processed in this iteration 
[2026-02-03 19:00:18 : DEBUG] - Lock option (updraft_lock_smush, wp_options) was created in the database 
[2026-02-03 19:00:18 : INFO] - Lock (updraft_lock_smush, wp_options) acquired after initialising the database 
[2026-02-03 19:00:18 : INFO] - Processing task with ID : 1, and type 'smush' 
[2026-02-03 19:00:18 : INFO] - Re_Smush_It_Task with attachment ID : 1685, auto created on : February 03, 2026 06:55:09 
[2026-02-03 19:00:18 : INFO] - File: Elementor-post-screenshot_1664_2026-02-03-18-55-09_3359f3cb.png, Compression quality: 92 
[2026-02-03 19:00:20 : INFO] - Backing up the original image - elementor/screenshots/Elementor-post-screenshot_1664_2026-02-03-18-55-09_3359f3cb-updraft-pre-smush-original.png 
[2026-02-03 19:00:20 : INFO] - Successfully optimized the image - /home3/partumde/partumdesign.com.mx/wp-content/uploads/elementor/screenshots/Elementor-post-screenshot_1664_2026-02-03-18-55-09_3359f3cb.png.El archivo se ha comprimido de 123.03 KB a 33.94 KB, ahorrando un 72.41 por ciento, usando WP-Optimize 
[2026-02-03 19:00:20 : INFO] - Completed processing task with ID : 1, and type 'smush' 
[2026-02-03 19:00:20 : INFO] - Lock option (updraft_lock_smush, wp_options) released 
[2026-02-03 19:00:20 : INFO] - Successfully processed the queue (smush). 1 tasks were processed out of 1. 
[2026-02-03 19:00:20 : INFO] - Lock option (updraft_lock_smush, wp_options) was deleted from the database 
[2026-02-03 19:00:20 : INFO] - Cleaning up tasks of type (smush). A total of 1 tasks will be deleted. 
[2026-02-03 22:16:14 : INFO] - Re_Smush_It_Task with attachment ID : 1717, auto created on : February 03, 2026 10:16:14 
[2026-02-03 22:22:20 : INFO] - A total of 1 tasks of type smush found and will be processed in this iteration 
[2026-02-03 22:22:20 : DEBUG] - Lock option (updraft_lock_smush, wp_options) was created in the database 
[2026-02-03 22:22:20 : INFO] - Lock (updraft_lock_smush, wp_options) acquired after initialising the database 
[2026-02-03 22:22:20 : INFO] - Processing task with ID : 2, and type 'smush' 
[2026-02-03 22:22:20 : INFO] - Re_Smush_It_Task with attachment ID : 1717, auto created on : February 03, 2026 10:16:14 
[2026-02-03 22:22:20 : INFO] - File: Elementor-post-screenshot_1664_2026-02-03-22-16-14_10612aa5.png, Compression quality: 92 
[2026-02-03 22:22:21 : INFO] - Backing up the original image - elementor/screenshots/Elementor-post-screenshot_1664_2026-02-03-22-16-14_10612aa5-updraft-pre-smush-original.png 
[2026-02-03 22:22:21 : INFO] - Successfully optimized the image - /home3/partumde/partumdesign.com.mx/wp-content/uploads/elementor/screenshots/Elementor-post-screenshot_1664_2026-02-03-22-16-14_10612aa5.png.El archivo se ha comprimido de 123.03 KB a 33.94 KB, ahorrando un 72.41 por ciento, usando WP-Optimize 
[2026-02-03 22:22:21 : INFO] - Completed processing task with ID : 2, and type 'smush' 
[2026-02-03 22:22:21 : INFO] - Lock option (updraft_lock_smush, wp_options) released 
[2026-02-03 22:22:21 : INFO] - Successfully processed the queue (smush). 1 tasks were processed out of 1. 
[2026-02-03 22:22:21 : INFO] - Lock option (updraft_lock_smush, wp_options) was deleted from the database 
[2026-02-03 22:22:21 : INFO] - Cleaning up tasks of type (smush). A total of 1 tasks will be deleted. 
[2026-02-07 16:42:22 : INFO] - Re_Smush_It_Task with attachment ID : 1967, auto created on : February 07, 2026 04:42:22 
[2026-02-07 16:42:24 : INFO] - Re_Smush_It_Task with attachment ID : 1968, auto created on : February 07, 2026 04:42:24 
[2026-02-07 16:42:26 : INFO] - Re_Smush_It_Task with attachment ID : 1969, auto created on : February 07, 2026 04:42:26 
[2026-02-07 16:42:28 : INFO] - Re_Smush_It_Task with attachment ID : 1970, auto created on : February 07, 2026 04:42:28 
[2026-02-07 16:47:44 : INFO] - A total of 4 tasks of type smush found and will be processed in this iteration 
[2026-02-07 16:47:44 : DEBUG] - Lock option (updraft_lock_smush, wp_options) was created in the database 
[2026-02-07 16:47:44 : INFO] - Lock (updraft_lock_smush, wp_options) acquired after initialising the database 
[2026-02-07 16:47:44 : INFO] - Processing task with ID : 3, and type 'smush' 
[2026-02-07 16:47:44 : INFO] - Re_Smush_It_Task with attachment ID : 1967, auto created on : February 07, 2026 04:42:22 
[2026-02-07 16:47:44 : INFO] - File: S1.jpg, Compression quality: 92 
[2026-02-07 16:47:47 : INFO] - Backing up the original image - 2026/02/S1-updraft-pre-smush-original.jpg 
[2026-02-07 16:47:56 : INFO] - Successfully optimized the image - /home3/partumde/partumdesign.com.mx/wp-content/uploads/2026/02/S1.jpg.El archivo se ha comprimido de 267.70 KB a 267.70 KB, ahorrando un 0 por ciento, usando WP-Optimize 
[2026-02-07 16:47:56 : INFO] - Completed processing task with ID : 3, and type 'smush' 
[2026-02-07 16:47:56 : INFO] - Processing task with ID : 4, and type 'smush' 
[2026-02-07 16:47:56 : INFO] - Re_Smush_It_Task with attachment ID : 1968, auto created on : February 07, 2026 04:42:24 
[2026-02-07 16:47:56 : INFO] - File: S2.jpg, Compression quality: 92 
[2026-02-07 16:47:58 : INFO] - Backing up the original image - 2026/02/S2-updraft-pre-smush-original.jpg 
[2026-02-07 16:48:08 : INFO] - Successfully optimized the image - /home3/partumde/partumdesign.com.mx/wp-content/uploads/2026/02/S2.jpg.El archivo se ha comprimido de 188.28 KB a 188.28 KB, ahorrando un 0 por ciento, usando WP-Optimize 
[2026-02-07 16:48:08 : INFO] - Completed processing task with ID : 4, and type 'smush' 
[2026-02-07 16:48:08 : INFO] - Processing task with ID : 5, and type 'smush' 
[2026-02-07 16:48:08 : INFO] - Re_Smush_It_Task with attachment ID : 1969, auto created on : February 07, 2026 04:42:26 
[2026-02-07 16:48:08 : INFO] - File: S3.jpg, Compression quality: 92 
[2026-02-07 16:48:10 : INFO] - Backing up the original image - 2026/02/S3-updraft-pre-smush-original.jpg 
[2026-02-07 16:48:18 : INFO] - Successfully optimized the image - /home3/partumde/partumdesign.com.mx/wp-content/uploads/2026/02/S3.jpg.El archivo se ha comprimido de 204.59 KB a 204.59 KB, ahorrando un 0 por ciento, usando WP-Optimize 
[2026-02-07 16:48:18 : INFO] - Completed processing task with ID : 5, and type 'smush' 
[2026-02-07 16:48:18 : INFO] - Processing task with ID : 6, and type 'smush' 
[2026-02-07 16:48:18 : INFO] - Re_Smush_It_Task with attachment ID : 1970, auto created on : February 07, 2026 04:42:28 
[2026-02-07 16:48:18 : INFO] - File: S4.jpg, Compression quality: 92 
[2026-02-07 16:48:21 : INFO] - Backing up the original image - 2026/02/S4-updraft-pre-smush-original.jpg 
[2026-02-07 16:48:29 : INFO] - Successfully optimized the image - /home3/partumde/partumdesign.com.mx/wp-content/uploads/2026/02/S4.jpg.El archivo se ha comprimido de 294.28 KB a 294.28 KB, ahorrando un 0 por ciento, usando WP-Optimize 
[2026-02-07 16:48:29 : INFO] - Completed processing task with ID : 6, and type 'smush' 
[2026-02-07 16:48:29 : INFO] - Lock option (updraft_lock_smush, wp_options) released 
[2026-02-07 16:48:29 : INFO] - Successfully processed the queue (smush). 4 tasks were processed out of 4. 
[2026-02-07 16:48:29 : INFO] - Lock option (updraft_lock_smush, wp_options) was deleted from the database 
[2026-02-07 16:48:29 : INFO] - Cleaning up tasks of type (smush). A total of 4 tasks will be deleted. 
[2026-02-07 17:23:01 : INFO] - Re_Smush_It_Task with attachment ID : 1975, auto created on : February 07, 2026 05:23:01 
[2026-02-07 17:28:15 : INFO] - A total of 1 tasks of type smush found and will be processed in this iteration 
[2026-02-07 17:28:15 : DEBUG] - Lock option (updraft_lock_smush, wp_options) was created in the database 
[2026-02-07 17:28:15 : INFO] - Lock (updraft_lock_smush, wp_options) acquired after initialising the database 
[2026-02-07 17:28:15 : INFO] - Processing task with ID : 7, and type 'smush' 
[2026-02-07 17:28:15 : INFO] - Task with ID 7 and type (smush) failed with error code exceeded_max_filesize - /home3/partumde/partumdesign.com.mx/wp-content/uploads/2026/02/freepik__dame-esta-imagen-con-un-fondo-totalmente-en-blanco__86752.png - cannot be optimized, file size is above service provider limit 
[2026-02-07 17:28:15 : INFO] - Lock option (updraft_lock_smush, wp_options) released 
[2026-02-07 17:28:15 : INFO] - Successfully processed the queue (smush). 1 tasks were processed out of 1. 
[2026-02-07 17:28:15 : INFO] - Lock option (updraft_lock_smush, wp_options) was deleted from the database 
[2026-02-08 01:11:44 : INFO] - Re_Smush_It_Task with attachment ID : 2030, auto created on : February 08, 2026 01:11:44 
[2026-02-08 01:12:35 : INFO] - Re_Smush_It_Task with attachment ID : 2031, auto created on : February 08, 2026 01:12:35 
[2026-02-08 01:12:52 : INFO] - Re_Smush_It_Task with attachment ID : 2032, auto created on : February 08, 2026 01:12:52 
[2026-02-08 01:13:33 : INFO] - Re_Smush_It_Task with attachment ID : 2033, auto created on : February 08, 2026 01:13:33 
[2026-02-08 01:14:14 : INFO] - Re_Smush_It_Task with attachment ID : 2034, auto created on : February 08, 2026 01:14:14 
[2026-02-08 01:14:56 : INFO] - Re_Smush_It_Task with attachment ID : 2035, auto created on : February 08, 2026 01:14:56 
[2026-02-08 01:15:46 : INFO] - Re_Smush_It_Task with attachment ID : 2036, auto created on : February 08, 2026 01:15:46 
[2026-02-08 01:17:30 : INFO] - A total of 7 tasks of type smush found and will be processed in this iteration 
[2026-02-08 01:17:30 : DEBUG] - Lock option (updraft_lock_smush, wp_options) was created in the database 
[2026-02-08 01:17:30 : INFO] - Lock (updraft_lock_smush, wp_options) acquired after initialising the database 
[2026-02-08 01:17:30 : INFO] - Processing task with ID : 8, and type 'smush' 
[2026-02-08 01:17:30 : INFO] - Re_Smush_It_Task with attachment ID : 2030, auto created on : February 08, 2026 01:11:44 
[2026-02-08 01:17:30 : INFO] - File: Copia-de-IMG_9377.jpg, Compression quality: 92 
[2026-02-08 01:17:33 : INFO] - Backing up the original image - 2026/02/Copia-de-IMG_9377-updraft-pre-smush-original.jpg 
[2026-02-08 01:17:42 : INFO] - Successfully optimized the image - /home3/partumde/partumdesign.com.mx/wp-content/uploads/2026/02/Copia-de-IMG_9377.jpg.El archivo se ha comprimido de 456.31 KB a 423.51 KB, ahorrando un 7.19 por ciento, usando WP-Optimize 
[2026-02-08 01:17:42 : INFO] - Completed processing task with ID : 8, and type 'smush' 
[2026-02-08 01:17:42 : INFO] - Processing task with ID : 9, and type 'smush' 
[2026-02-08 01:17:42 : INFO] - Re_Smush_It_Task with attachment ID : 2031, auto created on : February 08, 2026 01:12:35 
[2026-02-08 01:17:42 : INFO] - File: ss.png, Compression quality: 92 
[2026-02-08 01:17:45 : INFO] - Backing up the original image - 2026/02/ss-updraft-pre-smush-original.png 
[2026-02-08 01:17:52 : INFO] - Successfully optimized the image - /home3/partumde/partumdesign.com.mx/wp-content/uploads/2026/02/ss.png.El archivo se ha comprimido de 1.16 MB a 452.12 KB, ahorrando un 62.02 por ciento, usando WP-Optimize 
[2026-02-08 01:17:52 : INFO] - Completed processing task with ID : 9, and type 'smush' 
[2026-02-08 01:17:52 : INFO] - Processing task with ID : 10, and type 'smush' 
[2026-02-08 01:17:52 : INFO] - Re_Smush_It_Task with attachment ID : 2032, auto created on : February 08, 2026 01:12:52 
[2026-02-08 01:17:52 : INFO] - File: IMG_7592.jpg, Compression quality: 92 
[2026-02-08 01:17:55 : INFO] - Backing up the original image - 2026/02/IMG_7592-updraft-pre-smush-original.jpg 
[2026-02-08 01:18:05 : INFO] - Successfully optimized the image - /home3/partumde/partumdesign.com.mx/wp-content/uploads/2026/02/IMG_7592.jpg.El archivo se ha comprimido de 376.98 KB a 352.28 KB, ahorrando un 6.55 por ciento, usando WP-Optimize 
[2026-02-08 01:18:05 : INFO] - Completed processing task with ID : 10, and type 'smush' 
[2026-02-08 01:18:05 : INFO] - Processing task with ID : 11, and type 'smush' 
[2026-02-08 01:18:05 : INFO] - Re_Smush_It_Task with attachment ID : 2033, auto created on : February 08, 2026 01:13:33 
[2026-02-08 01:18:05 : INFO] - File: IMG_7589.jpg, Compression quality: 92 
[2026-02-08 01:18:07 : INFO] - Backing up the original image - 2026/02/IMG_7589-updraft-pre-smush-original.jpg 
[2026-02-08 01:18:17 : INFO] - Successfully optimized the image - /home3/partumde/partumdesign.com.mx/wp-content/uploads/2026/02/IMG_7589.jpg.El archivo se ha comprimido de 437.48 KB a 409.33 KB, ahorrando un 6.43 por ciento, usando WP-Optimize 
[2026-02-08 01:18:17 : INFO] - Completed processing task with ID : 11, and type 'smush' 
[2026-02-08 01:18:17 : INFO] - Processing task with ID : 12, and type 'smush' 
[2026-02-08 01:18:17 : INFO] - Re_Smush_It_Task with attachment ID : 2034, auto created on : February 08, 2026 01:14:14 
[2026-02-08 01:18:17 : INFO] - File: IMG_7561.jpg, Compression quality: 92 
[2026-02-08 01:18:21 : INFO] - Backing up the original image - 2026/02/IMG_7561-updraft-pre-smush-original.jpg 
[2026-02-08 01:18:28 : INFO] - Successfully optimized the image - /home3/partumde/partumdesign.com.mx/wp-content/uploads/2026/02/IMG_7561.jpg.El archivo se ha comprimido de 457.56 KB a 434.67 KB, ahorrando un 5 por ciento, usando WP-Optimize 
[2026-02-08 01:18:28 : INFO] - Completed processing task with ID : 12, and type 'smush' 
[2026-02-08 01:18:28 : INFO] - Processing task with ID : 13, and type 'smush' 
[2026-02-08 01:18:28 : INFO] - Re_Smush_It_Task with attachment ID : 2035, auto created on : February 08, 2026 01:14:56 
[2026-02-08 01:18:28 : INFO] - File: IMG_7559.jpg, Compression quality: 92 
[2026-02-08 01:18:31 : INFO] - Backing up the original image - 2026/02/IMG_7559-updraft-pre-smush-original.jpg 
[2026-02-08 01:18:41 : INFO] - Successfully optimized the image - /home3/partumde/partumdesign.com.mx/wp-content/uploads/2026/02/IMG_7559.jpg.El archivo se ha comprimido de 419.58 KB a 397.75 KB, ahorrando un 5.2 por ciento, usando WP-Optimize 
[2026-02-08 01:18:41 : INFO] - Completed processing task with ID : 13, and type 'smush' 
[2026-02-08 01:18:41 : INFO] - Processing task with ID : 14, and type 'smush' 
[2026-02-08 01:18:41 : INFO] - Re_Smush_It_Task with attachment ID : 2036, auto created on : February 08, 2026 01:15:46 
[2026-02-08 01:18:41 : INFO] - File: IMG_7549.jpg, Compression quality: 92 
[2026-02-08 01:18:43 : INFO] - Backing up the original image - 2026/02/IMG_7549-updraft-pre-smush-original.jpg 
[2026-02-08 01:18:53 : INFO] - Successfully optimized the image - /home3/partumde/partumdesign.com.mx/wp-content/uploads/2026/02/IMG_7549.jpg.El archivo se ha comprimido de 418.08 KB a 396.11 KB, ahorrando un 5.25 por ciento, usando WP-Optimize 
[2026-02-08 01:18:53 : INFO] - Completed processing task with ID : 14, and type 'smush' 
[2026-02-08 01:18:53 : INFO] - Lock option (updraft_lock_smush, wp_options) released 
[2026-02-08 01:18:53 : INFO] - Successfully processed the queue (smush). 7 tasks were processed out of 7. 
[2026-02-08 01:18:53 : INFO] - Lock option (updraft_lock_smush, wp_options) was deleted from the database 
[2026-02-08 01:18:53 : INFO] - Cleaning up tasks of type (smush). A total of 7 tasks will be deleted. 
[2026-02-08 01:19:56 : INFO] - Re_Smush_It_Task with attachment ID : 2037, auto created on : February 08, 2026 01:19:56 
[2026-02-08 01:22:23 : INFO] - Re_Smush_It_Task with attachment ID : 2038, auto created on : February 08, 2026 01:22:23 
[2026-02-08 01:27:34 : INFO] - A total of 2 tasks of type smush found and will be processed in this iteration 
[2026-02-08 01:27:34 : DEBUG] - Lock option (updraft_lock_smush, wp_options) was created in the database 
[2026-02-08 01:27:34 : INFO] - Lock (updraft_lock_smush, wp_options) acquired after initialising the database 
[2026-02-08 01:27:34 : INFO] - Processing task with ID : 15, and type 'smush' 
[2026-02-08 01:27:34 : INFO] - Re_Smush_It_Task with attachment ID : 2037, auto created on : February 08, 2026 01:19:56 
[2026-02-08 01:27:34 : INFO] - File: Copia-de-IMG_9398.jpg, Compression quality: 92 
[2026-02-08 01:27:36 : INFO] - Backing up the original image - 2026/02/Copia-de-IMG_9398-updraft-pre-smush-original.jpg 
[2026-02-08 01:27:45 : INFO] - Successfully optimized the image - /home3/partumde/partumdesign.com.mx/wp-content/uploads/2026/02/Copia-de-IMG_9398.jpg.El archivo se ha comprimido de 217.44 KB a 202.68 KB, ahorrando un 6.79 por ciento, usando WP-Optimize 
[2026-02-08 01:27:45 : INFO] - Completed processing task with ID : 15, and type 'smush' 
[2026-02-08 01:27:45 : INFO] - Processing task with ID : 16, and type 'smush' 
[2026-02-08 01:27:45 : INFO] - Re_Smush_It_Task with attachment ID : 2038, auto created on : February 08, 2026 01:22:23 
[2026-02-08 01:27:45 : INFO] - File: Copia-de-IMG_9398-1.jpg, Compression quality: 92 
[2026-02-08 01:27:47 : INFO] - Backing up the original image - 2026/02/Copia-de-IMG_9398-1-updraft-pre-smush-original.jpg 
[2026-02-08 01:27:56 : INFO] - Successfully optimized the image - /home3/partumde/partumdesign.com.mx/wp-content/uploads/2026/02/Copia-de-IMG_9398-1.jpg.El archivo se ha comprimido de 217.44 KB a 202.68 KB, ahorrando un 6.79 por ciento, usando WP-Optimize 
[2026-02-08 01:27:56 : INFO] - Completed processing task with ID : 16, and type 'smush' 
[2026-02-08 01:27:56 : INFO] - Lock option (updraft_lock_smush, wp_options) released 
[2026-02-08 01:27:56 : INFO] - Successfully processed the queue (smush). 2 tasks were processed out of 2. 
[2026-02-08 01:27:56 : INFO] - Lock option (updraft_lock_smush, wp_options) was deleted from the database 
[2026-02-08 01:27:56 : INFO] - Cleaning up tasks of type (smush). A total of 2 tasks will be deleted. 
[2026-02-08 04:48:14 : INFO] - Re_Smush_It_Task with attachment ID : 2044, auto created on : February 08, 2026 04:48:14 
[2026-02-08 04:53:14 : INFO] - A total of 1 tasks of type smush found and will be processed in this iteration 
[2026-02-08 04:53:14 : DEBUG] - Lock option (updraft_lock_smush, wp_options) was created in the database 
[2026-02-08 04:53:14 : INFO] - Lock (updraft_lock_smush, wp_options) acquired after initialising the database 
[2026-02-08 04:53:14 : INFO] - Processing task with ID : 17, and type 'smush' 
[2026-02-08 04:53:14 : INFO] - Re_Smush_It_Task with attachment ID : 2044, auto created on : February 08, 2026 04:48:14 
[2026-02-08 04:53:14 : INFO] - File: WhatsApp-Image-2026-02-07-at-10.46.32-PM.jpeg, Compression quality: 92 
[2026-02-08 04:53:16 : INFO] - Backing up the original image - 2026/02/WhatsApp-Image-2026-02-07-at-10.46.32-PM-updraft-pre-smush-original.jpeg 
[2026-02-08 04:53:22 : INFO] - Successfully optimized the image - /home3/partumde/partumdesign.com.mx/wp-content/uploads/2026/02/WhatsApp-Image-2026-02-07-at-10.46.32-PM.jpeg.El archivo se ha comprimido de 294.18 KB a 282.59 KB, ahorrando un 3.94 por ciento, usando WP-Optimize 
[2026-02-08 04:53:22 : INFO] - Completed processing task with ID : 17, and type 'smush' 
[2026-02-08 04:53:22 : INFO] - Lock option (updraft_lock_smush, wp_options) released 
[2026-02-08 04:53:22 : INFO] - Successfully processed the queue (smush). 1 tasks were processed out of 1. 
[2026-02-08 04:53:22 : INFO] - Lock option (updraft_lock_smush, wp_options) was deleted from the database 
[2026-02-08 04:53:22 : INFO] - Cleaning up tasks of type (smush). A total of 1 tasks will be deleted. 
[2026-02-10 20:16:40 : INFO] - Re_Smush_It_Task with attachment ID : 2110, auto created on : February 10, 2026 08:16:40 
[2026-02-10 20:17:51 : INFO] - Re_Smush_It_Task with attachment ID : 2111, auto created on : February 10, 2026 08:17:51 
[2026-02-10 20:21:40 : INFO] - A total of 2 tasks of type smush found and will be processed in this iteration 
[2026-02-10 20:21:40 : DEBUG] - Lock option (updraft_lock_smush, wp_options) was created in the database 
[2026-02-10 20:21:40 : INFO] - Lock (updraft_lock_smush, wp_options) acquired after initialising the database 
[2026-02-10 20:21:40 : INFO] - Processing task with ID : 18, and type 'smush' 
[2026-02-10 20:21:40 : INFO] - Re_Smush_It_Task with attachment ID : 2110, auto created on : February 10, 2026 08:16:40 
[2026-02-10 20:21:40 : INFO] - File: scene-construction-site-with-equipment.jpg, Compression quality: 92 
[2026-02-10 20:21:44 : INFO] - Backing up the original image - 2026/02/scene-construction-site-with-equipment-updraft-pre-smush-original.jpg 
[2026-02-10 20:23:44 : INFO] - Cannot establish connection with reSmush.it webservice. Please try later 
[2026-02-10 20:25:51 : INFO] - Cannot establish connection with reSmush.it webservice. Please try later 
[2026-02-10 20:25:57 : INFO] - Successfully optimized the image - /home3/partumde/partumdesign.com.mx/wp-content/uploads/2026/02/scene-construction-site-with-equipment.jpg.El archivo se ha comprimido de 1.11 MB a 1.05 MB, ahorrando un 5.74 por ciento, usando WP-Optimize 
[2026-02-10 20:25:57 : INFO] - Completed processing task with ID : 18, and type 'smush' 
[2026-02-10 20:25:57 : INFO] - Processing task with ID : 19, and type 'smush' 
[2026-02-10 20:25:57 : INFO] - Re_Smush_It_Task with attachment ID : 2111, auto created on : February 10, 2026 08:17:51 
[2026-02-10 20:25:57 : INFO] - File: engineers-checking-wall.jpg, Compression quality: 92 
[2026-02-10 20:31:43 : INFO] - A total of 1 tasks of type smush found and will be processed in this iteration 
[2026-02-10 20:31:43 : INFO] - Lock (updraft_lock_smush, wp_options) acquired 
[2026-02-10 20:31:43 : INFO] - Processing task with ID : 19, and type 'smush' 
[2026-02-10 20:31:43 : INFO] - Re_Smush_It_Task with attachment ID : 2111, auto created on : February 10, 2026 08:17:51 
[2026-02-10 20:31:43 : INFO] - File: engineers-checking-wall.jpg, Compression quality: 92 
[2026-02-10 20:31:48 : INFO] - Backing up the original image - 2026/02/engineers-checking-wall-updraft-pre-smush-original.jpg 
[2026-02-10 20:31:59 : INFO] - Successfully optimized the image - /home3/partumde/partumdesign.com.mx/wp-content/uploads/2026/02/engineers-checking-wall.jpg.El archivo se ha comprimido de 355.15 KB a 343.85 KB, ahorrando un 3.18 por ciento, usando WP-Optimize 
[2026-02-10 20:32:00 : INFO] - Completed processing task with ID : 19, and type 'smush' 
[2026-02-10 20:32:00 : INFO] - Lock option (updraft_lock_smush, wp_options) released 
[2026-02-10 20:32:00 : INFO] - Successfully processed the queue (smush). 1 tasks were processed out of 1. 
[2026-02-10 20:32:00 : INFO] - Lock option (updraft_lock_smush, wp_options) was deleted from the database 
[2026-02-10 20:32:00 : INFO] - Cleaning up tasks of type (smush). A total of 2 tasks will be deleted. 
[2026-02-16 15:53:00 : INFO] - Re_Smush_It_Task with attachment ID : 2155, auto created on : February 16, 2026 03:53:00 
[2026-02-16 15:53:32 : INFO] - Re_Smush_It_Task with attachment ID : 2157, auto created on : February 16, 2026 03:53:32 
[2026-02-16 15:54:03 : INFO] - Re_Smush_It_Task with attachment ID : 2158, auto created on : February 16, 2026 03:54:03 
[2026-02-16 15:54:35 : INFO] - Re_Smush_It_Task with attachment ID : 2159, auto created on : February 16, 2026 03:54:35 
[2026-02-16 15:54:36 : INFO] - Re_Smush_It_Task with attachment ID : 2160, auto created on : February 16, 2026 03:54:36 
[2026-02-16 15:55:07 : INFO] - Re_Smush_It_Task with attachment ID : 2161, auto created on : February 16, 2026 03:55:07 
[2026-02-16 15:55:37 : INFO] - Re_Smush_It_Task with attachment ID : 2162, auto created on : February 16, 2026 03:55:37 
[2026-02-16 15:56:09 : INFO] - Re_Smush_It_Task with attachment ID : 2163, auto created on : February 16, 2026 03:56:09 
[2026-02-16 15:56:39 : INFO] - Re_Smush_It_Task with attachment ID : 2165, auto created on : February 16, 2026 03:56:39 
[2026-02-16 15:56:47 : INFO] - Re_Smush_It_Task with attachment ID : 2167, auto created on : February 16, 2026 03:56:47 
[2026-02-16 15:57:19 : INFO] - Re_Smush_It_Task with attachment ID : 2168, auto created on : February 16, 2026 03:57:19 
[2026-02-16 15:57:50 : INFO] - Re_Smush_It_Task with attachment ID : 2169, auto created on : February 16, 2026 03:57:50 
[2026-02-16 15:57:51 : INFO] - Re_Smush_It_Task with attachment ID : 2170, auto created on : February 16, 2026 03:57:51 
[2026-02-16 15:57:51 : INFO] - Re_Smush_It_Task with attachment ID : 2171, auto created on : February 16, 2026 03:57:51 
[2026-02-16 16:00:08 : INFO] - A total of 14 tasks of type smush found and will be processed in this iteration 
[2026-02-16 16:00:08 : DEBUG] - Lock option (updraft_lock_smush, wp_options) was created in the database 
[2026-02-16 16:00:08 : INFO] - Lock (updraft_lock_smush, wp_options) acquired after initialising the database 
[2026-02-16 16:00:08 : INFO] - Processing task with ID : 20, and type 'smush' 
[2026-02-16 16:00:08 : INFO] - Re_Smush_It_Task with attachment ID : 2155, auto created on : February 16, 2026 03:53:00 
[2026-02-16 16:00:08 : INFO] - File: LOGO-V1-_1@300x.png, Compression quality: 92 
[2026-02-16 16:00:12 : INFO] - Backing up the original image - 2026/02/LOGO-V1-_1@300x-updraft-pre-smush-original.png 
[2026-02-16 16:00:22 : INFO] - Successfully optimized the image - /home3/partumde/partumdesign.com.mx/wp-content/uploads/2026/02/LOGO-V1-_1@300x.png.El archivo se ha comprimido de 122.51 KB a 53.06 KB, ahorrando un 56.69 por ciento, usando WP-Optimize 
[2026-02-16 16:00:22 : INFO] - Completed processing task with ID : 20, and type 'smush' 
[2026-02-16 16:00:22 : INFO] - Processing task with ID : 21, and type 'smush' 
[2026-02-16 16:00:22 : INFO] - Re_Smush_It_Task with attachment ID : 2157, auto created on : February 16, 2026 03:53:32 
[2026-02-16 16:00:22 : INFO] - File: Mesa-de-trabajo-1.png, Compression quality: 92 
[2026-02-16 16:00:25 : INFO] - Backing up the original image - 2026/02/Mesa-de-trabajo-1-updraft-pre-smush-original.png 
[2026-02-16 16:00:33 : INFO] - Successfully optimized the image - /home3/partumde/partumdesign.com.mx/wp-content/uploads/2026/02/Mesa-de-trabajo-1.png.El archivo se ha comprimido de 71.01 KB a 38.21 KB, ahorrando un 46.2 por ciento, usando WP-Optimize 
[2026-02-16 16:00:33 : INFO] - Completed processing task with ID : 21, and type 'smush' 
[2026-02-16 16:00:33 : INFO] - Processing task with ID : 22, and type 'smush' 
[2026-02-16 16:00:33 : INFO] - Re_Smush_It_Task with attachment ID : 2158, auto created on : February 16, 2026 03:54:03 
[2026-02-16 16:00:33 : INFO] - File: Mesa-de-trabajo-1@300x-4.png, Compression quality: 92 
[2026-02-16 16:00:37 : INFO] - Backing up the original image - 2026/02/Mesa-de-trabajo-1@300x-4-updraft-pre-smush-original.png 
[2026-02-16 16:00:47 : INFO] - Successfully optimized the image - /home3/partumde/partumdesign.com.mx/wp-content/uploads/2026/02/Mesa-de-trabajo-1@300x-4.png.El archivo se ha comprimido de 136.13 KB a 68.11 KB, ahorrando un 49.97 por ciento, usando WP-Optimize 
[2026-02-16 16:00:47 : INFO] - Completed processing task with ID : 22, and type 'smush' 
[2026-02-16 16:00:47 : INFO] - Processing task with ID : 23, and type 'smush' 
[2026-02-16 16:00:47 : INFO] - Re_Smush_It_Task with attachment ID : 2159, auto created on : February 16, 2026 03:54:35 
[2026-02-16 16:00:47 : INFO] - File: 1.-Logo-Efficient.jpg, Compression quality: 92 
[2026-02-16 16:00:49 : INFO] - Backing up the original image - 2026/02/1.-Logo-Efficient-updraft-pre-smush-original.jpg 
[2026-02-16 16:00:53 : INFO] - Successfully optimized the image - /home3/partumde/partumdesign.com.mx/wp-content/uploads/2026/02/1.-Logo-Efficient.jpg.El archivo se ha comprimido de 155.67 KB a 65.92 KB, ahorrando un 57.66 por ciento, usando WP-Optimize 
[2026-02-16 16:00:53 : INFO] - Completed processing task with ID : 23, and type 'smush' 
[2026-02-16 16:00:53 : INFO] - Processing task with ID : 24, and type 'smush' 
[2026-02-16 16:00:53 : INFO] - Re_Smush_It_Task with attachment ID : 2160, auto created on : February 16, 2026 03:54:36 
[2026-02-16 16:00:53 : INFO] - File: Mesa-de-trabajo-1@300x-3.png, Compression quality: 92 
[2026-02-16 16:00:56 : INFO] - Backing up the original image - 2026/02/Mesa-de-trabajo-1@300x-3-updraft-pre-smush-original.png 
[2026-02-16 16:01:05 : INFO] - Successfully optimized the image - /home3/partumde/partumdesign.com.mx/wp-content/uploads/2026/02/Mesa-de-trabajo-1@300x-3.png.El archivo se ha comprimido de 91.98 KB a 43.29 KB, ahorrando un 52.93 por ciento, usando WP-Optimize 
[2026-02-16 16:01:05 : INFO] - Completed processing task with ID : 24, and type 'smush' 
[2026-02-16 16:01:05 : INFO] - Processing task with ID : 25, and type 'smush' 
[2026-02-16 16:01:05 : INFO] - Re_Smush_It_Task with attachment ID : 2161, auto created on : February 16, 2026 03:55:07 
[2026-02-16 16:01:05 : INFO] - File: Mesa-de-trabajo-1@300x-2.png, Compression quality: 92 
[2026-02-16 16:01:08 : INFO] - Backing up the original image - 2026/02/Mesa-de-trabajo-1@300x-2-updraft-pre-smush-original.png 
[2026-02-16 16:01:18 : INFO] - Successfully optimized the image - /home3/partumde/partumdesign.com.mx/wp-content/uploads/2026/02/Mesa-de-trabajo-1@300x-2.png.El archivo se ha comprimido de 98.38 KB a 48.95 KB, ahorrando un 50.24 por ciento, usando WP-Optimize 
[2026-02-16 16:01:18 : INFO] - Completed processing task with ID : 25, and type 'smush' 
[2026-02-16 16:01:18 : INFO] - Processing task with ID : 26, and type 'smush' 
[2026-02-16 16:01:18 : INFO] - Re_Smush_It_Task with attachment ID : 2162, auto created on : February 16, 2026 03:55:37 
[2026-02-16 16:01:18 : INFO] - File: Logo.png, Compression quality: 92 
[2026-02-16 16:01:21 : INFO] - Backing up the original image - 2026/02/Logo-updraft-pre-smush-original.png 
[2026-02-16 16:01:30 : INFO] - Successfully optimized the image - /home3/partumde/partumdesign.com.mx/wp-content/uploads/2026/02/Logo.png.El archivo se ha comprimido de 79.85 KB a 36.12 KB, ahorrando un 54.76 por ciento, usando WP-Optimize 
[2026-02-16 16:01:30 : INFO] - Completed processing task with ID : 26, and type 'smush' 
[2026-02-16 16:01:30 : INFO] - Processing task with ID : 27, and type 'smush' 
[2026-02-16 16:01:30 : INFO] - Re_Smush_It_Task with attachment ID : 2163, auto created on : February 16, 2026 03:56:09 
[2026-02-16 16:01:30 : INFO] - File: Mesa-de-trabajo-1@300x-1.png, Compression quality: 92 
[2026-02-16 16:01:33 : INFO] - Backing up the original image - 2026/02/Mesa-de-trabajo-1@300x-1-updraft-pre-smush-original.png 
[2026-02-16 16:01:42 : INFO] - Successfully optimized the image - /home3/partumde/partumdesign.com.mx/wp-content/uploads/2026/02/Mesa-de-trabajo-1@300x-1.png.El archivo se ha comprimido de 103.86 KB a 51.19 KB, ahorrando un 50.71 por ciento, usando WP-Optimize 
[2026-02-16 16:01:42 : INFO] - Completed processing task with ID : 27, and type 'smush' 
[2026-02-16 16:01:42 : INFO] - Processing task with ID : 28, and type 'smush' 
[2026-02-16 16:01:42 : INFO] - Re_Smush_It_Task with attachment ID : 2165, auto created on : February 16, 2026 03:56:39 
[2026-02-16 16:01:42 : INFO] - File: Dahua-Logo-PNG.png, Compression quality: 92 
[2026-02-16 16:01:44 : INFO] - Backing up the original image - 2026/02/Dahua-Logo-PNG-updraft-pre-smush-original.png 
[2026-02-16 16:01:49 : INFO] - Successfully optimized the image - /home3/partumde/partumdesign.com.mx/wp-content/uploads/2026/02/Dahua-Logo-PNG.png.El archivo se ha comprimido de 18.73 KB a 18.73 KB, ahorrando un 0 por ciento, usando WP-Optimize 
[2026-02-16 16:01:49 : INFO] - Completed processing task with ID : 28, and type 'smush' 
[2026-02-16 16:01:49 : INFO] - Processing task with ID : 29, and type 'smush' 
[2026-02-16 16:01:49 : INFO] - Re_Smush_It_Task with attachment ID : 2167, auto created on : February 16, 2026 03:56:47 
[2026-02-16 16:01:49 : INFO] - File: Mesa-de-trabajo-1-1.png, Compression quality: 92 
[2026-02-16 16:01:52 : INFO] - Backing up the original image - 2026/02/Mesa-de-trabajo-1-1-updraft-pre-smush-original.png 
[2026-02-16 16:02:01 : INFO] - Successfully optimized the image - /home3/partumde/partumdesign.com.mx/wp-content/uploads/2026/02/Mesa-de-trabajo-1-1.png.El archivo se ha comprimido de 79.43 KB a 35.54 KB, ahorrando un 55.26 por ciento, usando WP-Optimize 
[2026-02-16 16:02:01 : INFO] - Completed processing task with ID : 29, and type 'smush' 
[2026-02-16 16:02:01 : INFO] - Processing task with ID : 30, and type 'smush' 
[2026-02-16 16:02:01 : INFO] - Re_Smush_It_Task with attachment ID : 2168, auto created on : February 16, 2026 03:57:19 
[2026-02-16 16:02:01 : INFO] - File: Mesa-de-trabajo-1@300x-5.png, Compression quality: 92 
[2026-02-16 16:02:04 : INFO] - Backing up the original image - 2026/02/Mesa-de-trabajo-1@300x-5-updraft-pre-smush-original.png 
[2026-02-16 16:02:13 : INFO] - Successfully optimized the image - /home3/partumde/partumdesign.com.mx/wp-content/uploads/2026/02/Mesa-de-trabajo-1@300x-5.png.El archivo se ha comprimido de 68.12 KB a 30.50 KB, ahorrando un 55.22 por ciento, usando WP-Optimize 
[2026-02-16 16:02:13 : INFO] - Completed processing task with ID : 30, and type 'smush' 
[2026-02-16 16:02:13 : INFO] - Processing task with ID : 31, and type 'smush' 
[2026-02-16 16:02:13 : INFO] - Re_Smush_It_Task with attachment ID : 2169, auto created on : February 16, 2026 03:57:50 
[2026-02-16 16:02:13 : INFO] - File: imgi_1_logo.fw_.png, Compression quality: 92 
[2026-02-16 16:02:14 : INFO] - Backing up the original image - 2026/02/imgi_1_logo.fw_-updraft-pre-smush-original.png 
[2026-02-16 16:02:16 : INFO] - Successfully optimized the image - /home3/partumde/partumdesign.com.mx/wp-content/uploads/2026/02/imgi_1_logo.fw_.png.El archivo se ha comprimido de 48.13 KB a 17.51 KB, ahorrando un 63.63 por ciento, usando WP-Optimize 
[2026-02-16 16:02:16 : INFO] - Completed processing task with ID : 31, and type 'smush' 
[2026-02-16 16:02:16 : INFO] - Processing task with ID : 32, and type 'smush' 
[2026-02-16 16:02:16 : INFO] - Re_Smush_It_Task with attachment ID : 2170, auto created on : February 16, 2026 03:57:51 
[2026-02-16 16:02:16 : INFO] - File: imgi_68_sunlux_logo_naranja.png, Compression quality: 92 
[2026-02-16 16:02:17 : INFO] - Backing up the original image - 2026/02/imgi_68_sunlux_logo_naranja-updraft-pre-smush-original.png 
[2026-02-16 16:02:18 : INFO] - Successfully optimized the image - /home3/partumde/partumdesign.com.mx/wp-content/uploads/2026/02/imgi_68_sunlux_logo_naranja.png.El archivo se ha comprimido de 19.47 KB a 5.55 KB, ahorrando un 71.49 por ciento, usando WP-Optimize 
[2026-02-16 16:02:18 : INFO] - Completed processing task with ID : 32, and type 'smush' 
[2026-02-16 16:02:18 : INFO] - Processing task with ID : 33, and type 'smush' 
[2026-02-16 16:02:18 : INFO] - Re_Smush_It_Task with attachment ID : 2171, auto created on : February 16, 2026 03:57:51 
[2026-02-16 16:02:18 : INFO] - File: imgi_3_Logotipo-Golden-Republic.gif, Compression quality: 92 
[2026-02-16 16:02:20 : INFO] - Backing up the original image - 2026/02/imgi_3_Logotipo-Golden-Republic-updraft-pre-smush-original.gif 
[2026-02-16 16:02:23 : INFO] - Successfully optimized the image - /home3/partumde/partumdesign.com.mx/wp-content/uploads/2026/02/imgi_3_Logotipo-Golden-Republic.gif.El archivo se ha comprimido de 21.48 KB a 21.48 KB, ahorrando un 0 por ciento, usando WP-Optimize 
[2026-02-16 16:02:23 : INFO] - Completed processing task with ID : 33, and type 'smush' 
[2026-02-16 16:02:23 : INFO] - Lock option (updraft_lock_smush, wp_options) released 
[2026-02-16 16:02:23 : INFO] - Successfully processed the queue (smush). 14 tasks were processed out of 14. 
[2026-02-16 16:02:23 : INFO] - Lock option (updraft_lock_smush, wp_options) was deleted from the database 
[2026-02-16 16:02:23 : INFO] - Cleaning up tasks of type (smush). A total of 14 tasks will be deleted. 
[2026-02-16 17:45:07 : INFO] - Re_Smush_It_Task with attachment ID : 2174, auto created on : February 16, 2026 05:45:07 
[2026-02-16 17:50:18 : INFO] - A total of 1 tasks of type smush found and will be processed in this iteration 
[2026-02-16 17:50:18 : DEBUG] - Lock option (updraft_lock_smush, wp_options) was created in the database 
[2026-02-16 17:50:18 : INFO] - Lock (updraft_lock_smush, wp_options) acquired after initialising the database 
[2026-02-16 17:50:18 : INFO] - Processing task with ID : 34, and type 'smush' 
[2026-02-16 17:50:18 : INFO] - Re_Smush_It_Task with attachment ID : 2174, auto created on : February 16, 2026 05:45:07 
[2026-02-16 17:50:18 : INFO] - File: LOGO-1@300x-e1771264010756.png, Compression quality: 92 
[2026-02-16 17:50:21 : INFO] - Backing up the original image - 2026/02/LOGO-1@300x-e1771264010756-updraft-pre-smush-original.png 
[2026-02-16 17:50:31 : INFO] - Successfully optimized the image - /home3/partumde/partumdesign.com.mx/wp-content/uploads/2026/02/LOGO-1@300x-e1771264010756.png.El archivo se ha comprimido de 76.32 KB a 32.95 KB, ahorrando un 56.83 por ciento, usando WP-Optimize 
[2026-02-16 17:50:31 : INFO] - Completed processing task with ID : 34, and type 'smush' 
[2026-02-16 17:50:31 : INFO] - Lock option (updraft_lock_smush, wp_options) released 
[2026-02-16 17:50:31 : INFO] - Successfully processed the queue (smush). 1 tasks were processed out of 1. 
[2026-02-16 17:50:31 : INFO] - Lock option (updraft_lock_smush, wp_options) was deleted from the database 
[2026-02-16 17:50:31 : INFO] - Cleaning up tasks of type (smush). A total of 1 tasks will be deleted. 
[2026-02-19 05:06:06 : INFO] - Re_Smush_It_Task with attachment ID : 2210, auto created on : February 19, 2026 05:06:06 
[2026-02-19 05:07:37 : INFO] - Re_Smush_It_Task with attachment ID : 2211, auto created on : February 19, 2026 05:07:37 
[2026-02-19 05:09:05 : INFO] - Re_Smush_It_Task with attachment ID : 2212, auto created on : February 19, 2026 05:09:05 
[2026-02-19 05:11:43 : INFO] - A total of 3 tasks of type smush found and will be processed in this iteration 
[2026-02-19 05:11:43 : DEBUG] - Lock option (updraft_lock_smush, wp_options) was created in the database 
[2026-02-19 05:11:43 : INFO] - Lock (updraft_lock_smush, wp_options) acquired after initialising the database 
[2026-02-19 05:11:43 : INFO] - Processing task with ID : 35, and type 'smush' 
[2026-02-19 05:11:43 : INFO] - Re_Smush_It_Task with attachment ID : 2210, auto created on : February 19, 2026 05:06:06 
[2026-02-19 05:11:43 : INFO] - File: Gemini_Generated_Image_ekjd9pekjd9pekjd.png, Compression quality: 92 
[2026-02-19 05:11:48 : INFO] - Backing up the original image - 2026/02/Gemini_Generated_Image_ekjd9pekjd9pekjd-updraft-pre-smush-original.png 
[2026-02-19 05:11:56 : INFO] - Successfully optimized the image - /home3/partumde/partumdesign.com.mx/wp-content/uploads/2026/02/Gemini_Generated_Image_ekjd9pekjd9pekjd.png.El archivo se ha comprimido de 3.41 MB a 1.36 MB, ahorrando un 60.02 por ciento, usando WP-Optimize 
[2026-02-19 05:11:56 : INFO] - Completed processing task with ID : 35, and type 'smush' 
[2026-02-19 05:11:56 : INFO] - Processing task with ID : 36, and type 'smush' 
[2026-02-19 05:11:56 : INFO] - Re_Smush_It_Task with attachment ID : 2211, auto created on : February 19, 2026 05:07:37 
[2026-02-19 05:11:56 : INFO] - File: Gemini_Generated_Image_ekjd9pekjd9pekjd-1.png, Compression quality: 92 
[2026-02-19 05:12:01 : INFO] - Backing up the original image - 2026/02/Gemini_Generated_Image_ekjd9pekjd9pekjd-1-updraft-pre-smush-original.png 
[2026-02-19 05:12:09 : INFO] - Successfully optimized the image - /home3/partumde/partumdesign.com.mx/wp-content/uploads/2026/02/Gemini_Generated_Image_ekjd9pekjd9pekjd-1-e1771477924633.png.El archivo se ha comprimido de 3.41 MB a 1.61 MB, ahorrando un 52.76 por ciento, usando WP-Optimize 
[2026-02-19 05:12:09 : INFO] - Completed processing task with ID : 36, and type 'smush' 
[2026-02-19 05:12:09 : INFO] - Processing task with ID : 37, and type 'smush' 
[2026-02-19 05:12:09 : INFO] - Re_Smush_It_Task with attachment ID : 2212, auto created on : February 19, 2026 05:09:05 
[2026-02-19 05:12:09 : INFO] - File: fer.png, Compression quality: 92 
[2026-02-19 05:12:11 : INFO] - Backing up the original image - 2026/02/fer-updraft-pre-smush-original.png 
[2026-02-19 05:12:16 : INFO] - Successfully optimized the image - /home3/partumde/partumdesign.com.mx/wp-content/uploads/2026/02/fer.png.El archivo se ha comprimido de 598.75 KB a 210.95 KB, ahorrando un 64.77 por ciento, usando WP-Optimize 
[2026-02-19 05:12:16 : INFO] - Completed processing task with ID : 37, and type 'smush' 
[2026-02-19 05:12:16 : INFO] - Lock option (updraft_lock_smush, wp_options) released 
[2026-02-19 05:12:16 : INFO] - Successfully processed the queue (smush). 3 tasks were processed out of 3. 
[2026-02-19 05:12:16 : INFO] - Lock option (updraft_lock_smush, wp_options) was deleted from the database 
[2026-02-19 05:12:16 : INFO] - Cleaning up tasks of type (smush). A total of 3 tasks will be deleted. 
[2026-02-19 05:16:59 : INFO] - Re_Smush_It_Task with attachment ID : 2213, auto created on : February 19, 2026 05:16:59 
[2026-02-19 05:22:20 : INFO] - A total of 1 tasks of type smush found and will be processed in this iteration 
[2026-02-19 05:22:20 : DEBUG] - Lock option (updraft_lock_smush, wp_options) was created in the database 
[2026-02-19 05:22:20 : INFO] - Lock (updraft_lock_smush, wp_options) acquired after initialising the database 
[2026-02-19 05:22:20 : INFO] - Processing task with ID : 38, and type 'smush' 
[2026-02-19 05:22:20 : INFO] - Re_Smush_It_Task with attachment ID : 2213, auto created on : February 19, 2026 05:16:59 
[2026-02-19 05:22:20 : INFO] - File: cintia.png, Compression quality: 92 
[2026-02-19 05:22:22 : INFO] - Backing up the original image - 2026/02/cintia-updraft-pre-smush-original.png 
[2026-02-19 05:22:27 : INFO] - Successfully optimized the image - /home3/partumde/partumdesign.com.mx/wp-content/uploads/2026/02/cintia.png.El archivo se ha comprimido de 413.48 KB a 152.85 KB, ahorrando un 63.03 por ciento, usando WP-Optimize 
[2026-02-19 05:22:27 : INFO] - Completed processing task with ID : 38, and type 'smush' 
[2026-02-19 05:22:27 : INFO] - Lock option (updraft_lock_smush, wp_options) released 
[2026-02-19 05:22:27 : INFO] - Successfully processed the queue (smush). 1 tasks were processed out of 1. 
[2026-02-19 05:22:27 : INFO] - Lock option (updraft_lock_smush, wp_options) was deleted from the database 
[2026-02-19 05:22:27 : INFO] - Cleaning up tasks of type (smush). A total of 1 tasks will be deleted. 
[2026-02-19 16:08:28 : INFO] - Re_Smush_It_Task with attachment ID : 2253, auto created on : February 19, 2026 04:08:28 
[2026-02-19 16:13:30 : INFO] - A total of 1 tasks of type smush found and will be processed in this iteration 
[2026-02-19 16:13:30 : DEBUG] - Lock option (updraft_lock_smush, wp_options) was created in the database 
[2026-02-19 16:13:30 : INFO] - Lock (updraft_lock_smush, wp_options) acquired after initialising the database 
[2026-02-19 16:13:30 : INFO] - Processing task with ID : 39, and type 'smush' 
[2026-02-19 16:13:30 : INFO] - Re_Smush_It_Task with attachment ID : 2253, auto created on : February 19, 2026 04:08:28 
[2026-02-19 16:13:30 : INFO] - File: 15303.jpg, Compression quality: 92 
[2026-02-19 16:13:32 : INFO] - Backing up the original image - 2026/02/15303-updraft-pre-smush-original.jpg 
[2026-02-19 16:13:42 : INFO] - Successfully optimized the image - /home3/partumde/partumdesign.com.mx/wp-content/uploads/2026/02/15303.jpg.El archivo se ha comprimido de 430.41 KB a 405.63 KB, ahorrando un 5.76 por ciento, usando WP-Optimize 
[2026-02-19 16:13:42 : INFO] - Completed processing task with ID : 39, and type 'smush' 
[2026-02-19 16:13:42 : INFO] - Lock option (updraft_lock_smush, wp_options) released 
[2026-02-19 16:13:42 : INFO] - Successfully processed the queue (smush). 1 tasks were processed out of 1. 
[2026-02-19 16:13:42 : INFO] - Lock option (updraft_lock_smush, wp_options) was deleted from the database 
[2026-02-19 16:13:42 : INFO] - Cleaning up tasks of type (smush). A total of 1 tasks will be deleted. 
[2026-02-19 16:14:05 : INFO] - Re_Smush_It_Task with attachment ID : 2255, auto created on : February 19, 2026 04:14:04 
[2026-02-19 16:19:28 : INFO] - Re_Smush_It_Task with attachment ID : 2256, auto created on : February 19, 2026 04:19:28 
[2026-02-19 16:23:40 : INFO] - A total of 2 tasks of type smush found and will be processed in this iteration 
[2026-02-19 16:23:40 : DEBUG] - Lock option (updraft_lock_smush, wp_options) was created in the database 
[2026-02-19 16:23:40 : INFO] - Lock (updraft_lock_smush, wp_options) acquired after initialising the database 
[2026-02-19 16:23:40 : INFO] - Processing task with ID : 40, and type 'smush' 
[2026-02-19 16:23:40 : INFO] - Re_Smush_It_Task with attachment ID : 2255, auto created on : February 19, 2026 04:14:04 
[2026-02-19 16:23:40 : INFO] - File: 3074848-e1771517754735.jpg, Compression quality: 92 
[2026-02-19 16:23:42 : INFO] - Backing up the original image - 2026/02/3074848-e1771517754735-updraft-pre-smush-original.jpg 
[2026-02-19 16:23:51 : INFO] - Successfully optimized the image - /home3/partumde/partumdesign.com.mx/wp-content/uploads/2026/02/3074848-e1771517754735.jpg.El archivo se ha comprimido de 272.83 KB a 259.81 KB, ahorrando un 4.77 por ciento, usando WP-Optimize 
[2026-02-19 16:23:51 : INFO] - Completed processing task with ID : 40, and type 'smush' 
[2026-02-19 16:23:51 : INFO] - Processing task with ID : 41, and type 'smush' 
[2026-02-19 16:23:51 : INFO] - Re_Smush_It_Task with attachment ID : 2256, auto created on : February 19, 2026 04:19:28 
[2026-02-19 16:23:51 : INFO] - File: actor-front-camera-audition.jpg, Compression quality: 92 
[2026-02-19 16:23:54 : INFO] - Backing up the original image - 2026/02/actor-front-camera-audition-updraft-pre-smush-original.jpg 
[2026-02-19 16:24:04 : INFO] - Successfully optimized the image - /home3/partumde/partumdesign.com.mx/wp-content/uploads/2026/02/actor-front-camera-audition.jpg.El archivo se ha comprimido de 365.28 KB a 347.36 KB, ahorrando un 4.91 por ciento, usando WP-Optimize 
[2026-02-19 16:24:04 : INFO] - Completed processing task with ID : 41, and type 'smush' 
[2026-02-19 16:24:04 : INFO] - Lock option (updraft_lock_smush, wp_options) released 
[2026-02-19 16:24:04 : INFO] - Successfully processed the queue (smush). 2 tasks were processed out of 2. 
[2026-02-19 16:24:04 : INFO] - Lock option (updraft_lock_smush, wp_options) was deleted from the database 
[2026-02-19 16:24:04 : INFO] - Cleaning up tasks of type (smush). A total of 2 tasks will be deleted. 
[2026-02-19 16:35:48 : INFO] - Re_Smush_It_Task with attachment ID : 2265, auto created on : February 19, 2026 04:35:48 
[2026-02-19 16:36:12 : INFO] - Re_Smush_It_Task with attachment ID : 2266, auto created on : February 19, 2026 04:36:12 
[2026-02-19 16:37:41 : INFO] - Re_Smush_It_Task with attachment ID : 2267, auto created on : February 19, 2026 04:37:41 
[2026-02-19 16:39:11 : INFO] - Re_Smush_It_Task with attachment ID : 2269, auto created on : February 19, 2026 04:39:11 
[2026-02-19 16:40:22 : INFO] - Re_Smush_It_Task with attachment ID : 2270, auto created on : February 19, 2026 04:40:22 
[2026-02-19 16:41:09 : INFO] - A total of 5 tasks of type smush found and will be processed in this iteration 
[2026-02-19 16:41:09 : DEBUG] - Lock option (updraft_lock_smush, wp_options) was created in the database 
[2026-02-19 16:41:09 : INFO] - Lock (updraft_lock_smush, wp_options) acquired after initialising the database 
[2026-02-19 16:41:09 : INFO] - Processing task with ID : 42, and type 'smush' 
[2026-02-19 16:41:09 : INFO] - Re_Smush_It_Task with attachment ID : 2265, auto created on : February 19, 2026 04:35:48 
[2026-02-19 16:41:09 : INFO] - File: freepik__me-puedes-generar-esta-fotografia-con-camisa-blanc__70259.jpeg, Compression quality: 92 
[2026-02-19 16:41:12 : INFO] - Backing up the original image - 2026/02/freepik__me-puedes-generar-esta-fotografia-con-camisa-blanc__70259-updraft-pre-smush-original.jpeg 
[2026-02-19 16:41:18 : INFO] - Successfully optimized the image - /home3/partumde/partumdesign.com.mx/wp-content/uploads/2026/02/freepik__me-puedes-generar-esta-fotografia-con-camisa-blanc__70259.jpeg.El archivo se ha comprimido de 931.48 KB a 651.21 KB, ahorrando un 30.09 por ciento, usando WP-Optimize 
[2026-02-19 16:41:18 : INFO] - Completed processing task with ID : 42, and type 'smush' 
[2026-02-19 16:41:18 : INFO] - Processing task with ID : 43, and type 'smush' 
[2026-02-19 16:41:18 : INFO] - Task with ID 43 and type (smush) failed with error code exceeded_max_filesize - /home3/partumde/partumdesign.com.mx/wp-content/uploads/2026/02/Mesa-de-trabajo-1.jpg - cannot be optimized, file size is above service provider limit 
[2026-02-19 16:41:18 : INFO] - Processing task with ID : 44, and type 'smush' 
[2026-02-19 16:41:18 : INFO] - Task with ID 44 and type (smush) failed with error code exceeded_max_filesize - /home3/partumde/partumdesign.com.mx/wp-content/uploads/2026/02/Mesa-de-trabajo-1-copia.jpg - cannot be optimized, file size is above service provider limit 
[2026-02-19 16:41:18 : INFO] - Processing task with ID : 45, and type 'smush' 
[2026-02-19 16:41:18 : INFO] - Task with ID 45 and type (smush) failed with error code exceeded_max_filesize - /home3/partumde/partumdesign.com.mx/wp-content/uploads/2026/02/Mesa-de-trabajo-1-.jpg - cannot be optimized, file size is above service provider limit 
[2026-02-19 16:41:18 : INFO] - Processing task with ID : 46, and type 'smush' 
[2026-02-19 16:41:18 : INFO] - Task with ID 46 and type (smush) failed with error code exceeded_max_filesize - /home3/partumde/partumdesign.com.mx/wp-content/uploads/2026/02/IMG_6442-1.jpg - cannot be optimized, file size is above service provider limit 
[2026-02-19 16:41:18 : INFO] - Lock option (updraft_lock_smush, wp_options) released 
[2026-02-19 16:41:18 : INFO] - Successfully processed the queue (smush). 5 tasks were processed out of 5. 
[2026-02-19 16:41:18 : INFO] - Lock option (updraft_lock_smush, wp_options) was deleted from the database 
[2026-02-19 16:41:18 : INFO] - Cleaning up tasks of type (smush). A total of 1 tasks will be deleted. 
[2026-02-19 16:41:29 : INFO] - Re_Smush_It_Task with attachment ID : 2271, auto created on : February 19, 2026 04:41:29 
[2026-02-19 16:51:17 : INFO] - A total of 1 tasks of type smush found and will be processed in this iteration 
[2026-02-19 16:51:17 : DEBUG] - Lock option (updraft_lock_smush, wp_options) was created in the database 
[2026-02-19 16:51:17 : INFO] - Lock (updraft_lock_smush, wp_options) acquired after initialising the database 
[2026-02-19 16:51:17 : INFO] - Processing task with ID : 47, and type 'smush' 
[2026-02-19 16:51:17 : INFO] - Re_Smush_It_Task with attachment ID : 2271, auto created on : February 19, 2026 04:41:29 
[2026-02-19 16:51:17 : INFO] - File: freepik__me-puedes-generar-esta-fotografia-con-camisa-blanc__70262.png, Compression quality: 92 
[2026-02-19 16:51:20 : INFO] - Backing up the original image - 2026/02/freepik__me-puedes-generar-esta-fotografia-con-camisa-blanc__70262-updraft-pre-smush-original.png 
[2026-02-19 16:51:25 : INFO] - Successfully optimized the image - /home3/partumde/partumdesign.com.mx/wp-content/uploads/2026/02/freepik__me-puedes-generar-esta-fotografia-con-camisa-blanc__70262.png.El archivo se ha comprimido de 1.32 MB a 225.45 KB, ahorrando un 83.26 por ciento, usando WP-Optimize 
[2026-02-19 16:51:25 : INFO] - Completed processing task with ID : 47, and type 'smush' 
[2026-02-19 16:51:25 : INFO] - Lock option (updraft_lock_smush, wp_options) released 
[2026-02-19 16:51:25 : INFO] - Successfully processed the queue (smush). 1 tasks were processed out of 1. 
[2026-02-19 16:51:25 : INFO] - Lock option (updraft_lock_smush, wp_options) was deleted from the database 
[2026-02-19 16:51:25 : INFO] - Cleaning up tasks of type (smush). A total of 1 tasks will be deleted. 
[2026-02-19 17:09:37 : INFO] - Re_Smush_It_Task with attachment ID : 2284, auto created on : February 19, 2026 05:09:37 
[2026-02-19 17:09:38 : INFO] - Re_Smush_It_Task with attachment ID : 2285, auto created on : February 19, 2026 05:09:38 
[2026-02-19 17:09:38 : INFO] - Re_Smush_It_Task with attachment ID : 2286, auto created on : February 19, 2026 05:09:38 
[2026-02-19 17:09:38 : INFO] - Re_Smush_It_Task with attachment ID : 2287, auto created on : February 19, 2026 05:09:38 
[2026-02-19 17:09:38 : INFO] - Re_Smush_It_Task with attachment ID : 2288, auto created on : February 19, 2026 05:09:38 
[2026-02-19 17:09:39 : INFO] - Re_Smush_It_Task with attachment ID : 2289, auto created on : February 19, 2026 05:09:38 
[2026-02-19 17:09:39 : INFO] - Re_Smush_It_Task with attachment ID : 2290, auto created on : February 19, 2026 05:09:39 
[2026-02-19 17:09:39 : INFO] - Re_Smush_It_Task with attachment ID : 2291, auto created on : February 19, 2026 05:09:39 
[2026-02-19 17:09:39 : INFO] - Re_Smush_It_Task with attachment ID : 2292, auto created on : February 19, 2026 05:09:39 
[2026-02-19 17:09:40 : INFO] - Re_Smush_It_Task with attachment ID : 2293, auto created on : February 19, 2026 05:09:40 
[2026-02-19 17:09:40 : INFO] - Re_Smush_It_Task with attachment ID : 2294, auto created on : February 19, 2026 05:09:40 
[2026-02-19 17:09:40 : INFO] - Re_Smush_It_Task with attachment ID : 2295, auto created on : February 19, 2026 05:09:40 
[2026-02-19 17:14:41 : INFO] - A total of 12 tasks of type smush found and will be processed in this iteration 
[2026-02-19 17:14:41 : DEBUG] - Lock option (updraft_lock_smush, wp_options) was created in the database 
[2026-02-19 17:14:41 : INFO] - Lock (updraft_lock_smush, wp_options) acquired after initialising the database 
[2026-02-19 17:14:41 : INFO] - Processing task with ID : 48, and type 'smush' 
[2026-02-19 17:14:41 : INFO] - Re_Smush_It_Task with attachment ID : 2284, auto created on : February 19, 2026 05:09:37 
[2026-02-19 17:14:41 : INFO] - File: gs-logo-slider-1.png, Compression quality: 92 
[2026-02-19 17:14:43 : INFO] - Backing up the original image - 2026/02/gs-logo-slider-1-updraft-pre-smush-original.png 
[2026-02-19 17:14:44 : INFO] - Successfully optimized the image - /home3/partumde/partumdesign.com.mx/wp-content/uploads/2026/02/gs-logo-slider-1.png.El archivo se ha comprimido de 12.58 KB a 4.12 KB, ahorrando un 67.25 por ciento, usando WP-Optimize 
[2026-02-19 17:14:44 : INFO] - Completed processing task with ID : 48, and type 'smush' 
[2026-02-19 17:14:44 : INFO] - Processing task with ID : 49, and type 'smush' 
[2026-02-19 17:14:44 : INFO] - Re_Smush_It_Task with attachment ID : 2285, auto created on : February 19, 2026 05:09:38 
[2026-02-19 17:14:44 : INFO] - File: gs-logo-slider-2.png, Compression quality: 92 
[2026-02-19 17:14:45 : INFO] - Backing up the original image - 2026/02/gs-logo-slider-2-updraft-pre-smush-original.png 
[2026-02-19 17:14:47 : INFO] - Successfully optimized the image - /home3/partumde/partumdesign.com.mx/wp-content/uploads/2026/02/gs-logo-slider-2.png.El archivo se ha comprimido de 12.18 KB a 5.39 KB, ahorrando un 55.7 por ciento, usando WP-Optimize 
[2026-02-19 17:14:47 : INFO] - Completed processing task with ID : 49, and type 'smush' 
[2026-02-19 17:14:47 : INFO] - Processing task with ID : 50, and type 'smush' 
[2026-02-19 17:14:47 : INFO] - Re_Smush_It_Task with attachment ID : 2286, auto created on : February 19, 2026 05:09:38 
[2026-02-19 17:14:47 : INFO] - File: gs-logo-slider-3.png, Compression quality: 92 
[2026-02-19 17:14:48 : INFO] - Backing up the original image - 2026/02/gs-logo-slider-3-updraft-pre-smush-original.png 
[2026-02-19 17:14:50 : INFO] - Successfully optimized the image - /home3/partumde/partumdesign.com.mx/wp-content/uploads/2026/02/gs-logo-slider-3.png.El archivo se ha comprimido de 6.64 KB a 3.82 KB, ahorrando un 42.49 por ciento, usando WP-Optimize 
[2026-02-19 17:14:50 : INFO] - Completed processing task with ID : 50, and type 'smush' 
[2026-02-19 17:14:50 : INFO] - Processing task with ID : 51, and type 'smush' 
[2026-02-19 17:14:50 : INFO] - Re_Smush_It_Task with attachment ID : 2287, auto created on : February 19, 2026 05:09:38 
[2026-02-19 17:14:50 : INFO] - File: gs-logo-slider-4.png, Compression quality: 92 
[2026-02-19 17:14:51 : INFO] - Backing up the original image - 2026/02/gs-logo-slider-4-updraft-pre-smush-original.png 
[2026-02-19 17:14:52 : INFO] - Successfully optimized the image - /home3/partumde/partumdesign.com.mx/wp-content/uploads/2026/02/gs-logo-slider-4.png.El archivo se ha comprimido de 13.02 KB a 5.61 KB, ahorrando un 56.91 por ciento, usando WP-Optimize 
[2026-02-19 17:14:52 : INFO] - Completed processing task with ID : 51, and type 'smush' 
[2026-02-19 17:14:52 : INFO] - Processing task with ID : 52, and type 'smush' 
[2026-02-19 17:14:52 : INFO] - Re_Smush_It_Task with attachment ID : 2288, auto created on : February 19, 2026 05:09:38 
[2026-02-19 17:14:52 : INFO] - File: gs-logo-slider-5.png, Compression quality: 92 
[2026-02-19 17:14:53 : INFO] - Backing up the original image - 2026/02/gs-logo-slider-5-updraft-pre-smush-original.png 
[2026-02-19 17:14:55 : INFO] - Successfully optimized the image - /home3/partumde/partumdesign.com.mx/wp-content/uploads/2026/02/gs-logo-slider-5.png.El archivo se ha comprimido de 10.96 KB a 4.95 KB, ahorrando un 54.87 por ciento, usando WP-Optimize 
[2026-02-19 17:14:55 : INFO] - Completed processing task with ID : 52, and type 'smush' 
[2026-02-19 17:14:55 : INFO] - Processing task with ID : 53, and type 'smush' 
[2026-02-19 17:14:55 : INFO] - Re_Smush_It_Task with attachment ID : 2289, auto created on : February 19, 2026 05:09:38 
[2026-02-19 17:14:55 : INFO] - File: gs-logo-slider-6.png, Compression quality: 92 
[2026-02-19 17:14:56 : INFO] - Backing up the original image - 2026/02/gs-logo-slider-6-updraft-pre-smush-original.png 
[2026-02-19 17:14:58 : INFO] - Successfully optimized the image - /home3/partumde/partumdesign.com.mx/wp-content/uploads/2026/02/gs-logo-slider-6.png.El archivo se ha comprimido de 12.31 KB a 5.45 KB, ahorrando un 55.74 por ciento, usando WP-Optimize 
[2026-02-19 17:14:58 : INFO] - Completed processing task with ID : 53, and type 'smush' 
[2026-02-19 17:14:58 : INFO] - Processing task with ID : 54, and type 'smush' 
[2026-02-19 17:14:58 : INFO] - Re_Smush_It_Task with attachment ID : 2290, auto created on : February 19, 2026 05:09:39 
[2026-02-19 17:14:58 : INFO] - File: gs-logo-slider-7.png, Compression quality: 92 
[2026-02-19 17:14:59 : INFO] - Backing up the original image - 2026/02/gs-logo-slider-7-updraft-pre-smush-original.png 
[2026-02-19 17:15:00 : INFO] - Successfully optimized the image - /home3/partumde/partumdesign.com.mx/wp-content/uploads/2026/02/gs-logo-slider-7.png.El archivo se ha comprimido de 6.82 KB a 3.65 KB, ahorrando un 46.53 por ciento, usando WP-Optimize 
[2026-02-19 17:15:00 : INFO] - Completed processing task with ID : 54, and type 'smush' 
[2026-02-19 17:15:00 : INFO] - Processing task with ID : 55, and type 'smush' 
[2026-02-19 17:15:00 : INFO] - Re_Smush_It_Task with attachment ID : 2291, auto created on : February 19, 2026 05:09:39 
[2026-02-19 17:15:00 : INFO] - File: gs-logo-slider-8.png, Compression quality: 92 
[2026-02-19 17:15:01 : INFO] - Backing up the original image - 2026/02/gs-logo-slider-8-updraft-pre-smush-original.png 
[2026-02-19 17:15:03 : INFO] - Successfully optimized the image - /home3/partumde/partumdesign.com.mx/wp-content/uploads/2026/02/gs-logo-slider-8.png.El archivo se ha comprimido de 17.37 KB a 7.32 KB, ahorrando un 57.85 por ciento, usando WP-Optimize 
[2026-02-19 17:15:03 : INFO] - Completed processing task with ID : 55, and type 'smush' 
[2026-02-19 17:15:03 : INFO] - Processing task with ID : 56, and type 'smush' 
[2026-02-19 17:15:03 : INFO] - Re_Smush_It_Task with attachment ID : 2292, auto created on : February 19, 2026 05:09:39 
[2026-02-19 17:15:03 : INFO] - File: gs-logo-slider-9.png, Compression quality: 92 
[2026-02-19 17:15:04 : INFO] - Backing up the original image - 2026/02/gs-logo-slider-9-updraft-pre-smush-original.png 
[2026-02-19 17:15:06 : INFO] - Successfully optimized the image - /home3/partumde/partumdesign.com.mx/wp-content/uploads/2026/02/gs-logo-slider-9.png.El archivo se ha comprimido de 12.81 KB a 5.04 KB, ahorrando un 60.65 por ciento, usando WP-Optimize 
[2026-02-19 17:15:06 : INFO] - Completed processing task with ID : 56, and type 'smush' 
[2026-02-19 17:15:06 : INFO] - Processing task with ID : 57, and type 'smush' 
[2026-02-19 17:15:06 : INFO] - Re_Smush_It_Task with attachment ID : 2293, auto created on : February 19, 2026 05:09:40 
[2026-02-19 17:15:06 : INFO] - File: gs-logo-slider-10.png, Compression quality: 92 
[2026-02-19 17:15:07 : INFO] - Backing up the original image - 2026/02/gs-logo-slider-10-updraft-pre-smush-original.png 
[2026-02-19 17:15:09 : INFO] - Successfully optimized the image - /home3/partumde/partumdesign.com.mx/wp-content/uploads/2026/02/gs-logo-slider-10.png.El archivo se ha comprimido de 9.14 KB a 4.53 KB, ahorrando un 50.43 por ciento, usando WP-Optimize 
[2026-02-19 17:15:09 : INFO] - Completed processing task with ID : 57, and type 'smush' 
[2026-02-19 17:15:09 : INFO] - Processing task with ID : 58, and type 'smush' 
[2026-02-19 17:15:09 : INFO] - Re_Smush_It_Task with attachment ID : 2294, auto created on : February 19, 2026 05:09:40 
[2026-02-19 17:15:09 : INFO] - File: gs-logo-slider-11.png, Compression quality: 92 
[2026-02-19 17:15:09 : INFO] - Backing up the original image - 2026/02/gs-logo-slider-11-updraft-pre-smush-original.png 
[2026-02-19 17:15:11 : INFO] - Successfully optimized the image - /home3/partumde/partumdesign.com.mx/wp-content/uploads/2026/02/gs-logo-slider-11.png.El archivo se ha comprimido de 9.49 KB a 4.74 KB, ahorrando un 50.1 por ciento, usando WP-Optimize 
[2026-02-19 17:15:11 : INFO] - Completed processing task with ID : 58, and type 'smush' 
[2026-02-19 17:15:11 : INFO] - Processing task with ID : 59, and type 'smush' 
[2026-02-19 17:15:11 : INFO] - Re_Smush_It_Task with attachment ID : 2295, auto created on : February 19, 2026 05:09:40 
[2026-02-19 17:15:11 : INFO] - File: gs-logo-slider-12.png, Compression quality: 92 
[2026-02-19 17:15:12 : INFO] - Backing up the original image - 2026/02/gs-logo-slider-12-updraft-pre-smush-original.png 
[2026-02-19 17:15:14 : INFO] - Successfully optimized the image - /home3/partumde/partumdesign.com.mx/wp-content/uploads/2026/02/gs-logo-slider-12.png.El archivo se ha comprimido de 11.71 KB a 4.79 KB, ahorrando un 59.1 por ciento, usando WP-Optimize 
[2026-02-19 17:15:14 : INFO] - Completed processing task with ID : 59, and type 'smush' 
[2026-02-19 17:15:14 : INFO] - Lock option (updraft_lock_smush, wp_options) released 
[2026-02-19 17:15:14 : INFO] - Successfully processed the queue (smush). 12 tasks were processed out of 12. 
[2026-02-19 17:15:14 : INFO] - Lock option (updraft_lock_smush, wp_options) was deleted from the database 
[2026-02-19 17:15:14 : INFO] - Cleaning up tasks of type (smush). A total of 12 tasks will be deleted. 
[2026-02-20 07:03:41 : INFO] - Re_Smush_It_Task with attachment ID : 2437, auto created on : February 20, 2026 07:03:41 
[2026-02-20 07:08:43 : INFO] - A total of 1 tasks of type smush found and will be processed in this iteration 
[2026-02-20 07:08:43 : DEBUG] - Lock option (updraft_lock_smush, wp_options) was created in the database 
[2026-02-20 07:08:43 : INFO] - Lock (updraft_lock_smush, wp_options) acquired after initialising the database 
[2026-02-20 07:08:43 : INFO] - Processing task with ID : 60, and type 'smush' 
[2026-02-20 07:08:43 : INFO] - Re_Smush_It_Task with attachment ID : 2437, auto created on : February 20, 2026 07:03:41 
[2026-02-20 07:08:43 : INFO] - File: 3074390-e1771571212278.jpg, Compression quality: 92 
[2026-02-20 07:08:46 : INFO] - Backing up the original image - 2026/02/3074390-e1771571212278-updraft-pre-smush-original.jpg 
[2026-02-20 07:08:55 : INFO] - Successfully optimized the image - /home3/partumde/partumdesign.com.mx/wp-content/uploads/2026/02/3074390-e1771571212278.jpg.El archivo se ha comprimido de 317.96 KB a 284.55 KB, ahorrando un 10.51 por ciento, usando WP-Optimize 
[2026-02-20 07:08:55 : INFO] - Completed processing task with ID : 60, and type 'smush' 
[2026-02-20 07:08:55 : INFO] - Lock option (updraft_lock_smush, wp_options) released 
[2026-02-20 07:08:55 : INFO] - Successfully processed the queue (smush). 1 tasks were processed out of 1. 
[2026-02-20 07:08:55 : INFO] - Lock option (updraft_lock_smush, wp_options) was deleted from the database 
[2026-02-20 07:08:55 : INFO] - Cleaning up tasks of type (smush). A total of 1 tasks will be deleted. 
[2026-02-20 07:10:07 : INFO] - Re_Smush_It_Task with attachment ID : 2438, auto created on : February 20, 2026 07:10:07 
[2026-02-20 07:11:10 : INFO] - Re_Smush_It_Task with attachment ID : 2439, auto created on : February 20, 2026 07:11:10 
[2026-02-20 07:18:45 : INFO] - A total of 2 tasks of type smush found and will be processed in this iteration 
[2026-02-20 07:18:45 : DEBUG] - Lock option (updraft_lock_smush, wp_options) was created in the database 
[2026-02-20 07:18:45 : INFO] - Lock (updraft_lock_smush, wp_options) acquired after initialising the database 
[2026-02-20 07:18:45 : INFO] - Processing task with ID : 61, and type 'smush' 
[2026-02-20 07:18:45 : INFO] - Re_Smush_It_Task with attachment ID : 2438, auto created on : February 20, 2026 07:10:07 
[2026-02-20 07:18:45 : INFO] - File: 3074390-1.jpg, Compression quality: 92 
[2026-02-20 07:18:48 : INFO] - Backing up the original image - 2026/02/3074390-1-updraft-pre-smush-original.jpg 
[2026-02-20 07:18:57 : INFO] - Successfully optimized the image - /home3/partumde/partumdesign.com.mx/wp-content/uploads/2026/02/3074390-1.jpg.El archivo se ha comprimido de 333.93 KB a 294.12 KB, ahorrando un 11.92 por ciento, usando WP-Optimize 
[2026-02-20 07:18:57 : INFO] - Completed processing task with ID : 61, and type 'smush' 
[2026-02-20 07:18:57 : INFO] - Processing task with ID : 62, and type 'smush' 
[2026-02-20 07:18:57 : INFO] - Re_Smush_It_Task with attachment ID : 2439, auto created on : February 20, 2026 07:11:10 
[2026-02-20 07:18:57 : INFO] - File: 7799000-e1771571513959.jpg, Compression quality: 92 
[2026-02-20 07:19:00 : INFO] - Backing up the original image - 2026/02/7799000-e1771571513959-updraft-pre-smush-original.jpg 
[2026-02-20 07:19:07 : INFO] - Successfully optimized the image - /home3/partumde/partumdesign.com.mx/wp-content/uploads/2026/02/7799000-e1771571513959.jpg.El archivo se ha comprimido de 306.14 KB a 296.33 KB, ahorrando un 3.2 por ciento, usando WP-Optimize 
[2026-02-20 07:19:07 : INFO] - Completed processing task with ID : 62, and type 'smush' 
[2026-02-20 07:19:07 : INFO] - Lock option (updraft_lock_smush, wp_options) released 
[2026-02-20 07:19:07 : INFO] - Successfully processed the queue (smush). 2 tasks were processed out of 2. 
[2026-02-20 07:19:07 : INFO] - Lock option (updraft_lock_smush, wp_options) was deleted from the database 
[2026-02-20 07:19:07 : INFO] - Cleaning up tasks of type (smush). A total of 2 tasks will be deleted. 
[2026-02-20 08:32:18 : INFO] - Re_Smush_It_Task with attachment ID : 2492, auto created on : February 20, 2026 08:32:18 
[2026-02-20 08:32:47 : INFO] - Re_Smush_It_Task with attachment ID : 2493, auto created on : February 20, 2026 08:32:47 
[2026-02-20 08:37:25 : INFO] - A total of 2 tasks of type smush found and will be processed in this iteration 
[2026-02-20 08:37:25 : DEBUG] - Lock option (updraft_lock_smush, wp_options) was created in the database 
[2026-02-20 08:37:25 : INFO] - Lock (updraft_lock_smush, wp_options) acquired after initialising the database 
[2026-02-20 08:37:25 : INFO] - Processing task with ID : 63, and type 'smush' 
[2026-02-20 08:37:25 : INFO] - Re_Smush_It_Task with attachment ID : 2492, auto created on : February 20, 2026 08:32:18 
[2026-02-20 08:37:25 : INFO] - File: freepik__equirectangular-del-plat-con-pantalla-verde-trpode__7066.png, Compression quality: 92 
[2026-02-20 08:37:28 : INFO] - Backing up the original image - 2026/02/freepik__equirectangular-del-plat-con-pantalla-verde-trpode__7066-updraft-pre-smush-original.png 
[2026-02-20 08:37:33 : INFO] - Successfully optimized the image - /home3/partumde/partumdesign.com.mx/wp-content/uploads/2026/02/freepik__equirectangular-del-plat-con-pantalla-verde-trpode__7066.png.El archivo se ha comprimido de 1.26 MB a 426.53 KB, ahorrando un 66.94 por ciento, usando WP-Optimize 
[2026-02-20 08:37:33 : INFO] - Completed processing task with ID : 63, and type 'smush' 
[2026-02-20 08:37:33 : INFO] - Processing task with ID : 64, and type 'smush' 
[2026-02-20 08:37:33 : INFO] - Re_Smush_It_Task with attachment ID : 2493, auto created on : February 20, 2026 08:32:47 
[2026-02-20 08:37:33 : INFO] - File: freepik__equirectangular-del-plat-con-pantalla-verde-trpode__7066-1.png, Compression quality: 92 
[2026-02-20 08:37:36 : INFO] - Backing up the original image - 2026/02/freepik__equirectangular-del-plat-con-pantalla-verde-trpode__7066-1-updraft-pre-smush-original.png 
[2026-02-20 08:37:41 : INFO] - Successfully optimized the image - /home3/partumde/partumdesign.com.mx/wp-content/uploads/2026/02/freepik__equirectangular-del-plat-con-pantalla-verde-trpode__7066-1.png.El archivo se ha comprimido de 1.26 MB a 426.53 KB, ahorrando un 66.94 por ciento, usando WP-Optimize 
[2026-02-20 08:37:41 : INFO] - Completed processing task with ID : 64, and type 'smush' 
[2026-02-20 08:37:41 : INFO] - Lock option (updraft_lock_smush, wp_options) released 
[2026-02-20 08:37:41 : INFO] - Successfully processed the queue (smush). 2 tasks were processed out of 2. 
[2026-02-20 08:37:41 : INFO] - Lock option (updraft_lock_smush, wp_options) was deleted from the database 
[2026-02-20 08:37:41 : INFO] - Cleaning up tasks of type (smush). A total of 2 tasks will be deleted. 
[2026-02-20 09:46:40 : INFO] - Re_Smush_It_Task with attachment ID : 2531, auto created on : February 20, 2026 09:46:40 
[2026-02-20 09:48:09 : INFO] - Re_Smush_It_Task with attachment ID : 2532, auto created on : February 20, 2026 09:48:09 
[2026-02-20 09:51:44 : INFO] - A total of 2 tasks of type smush found and will be processed in this iteration 
[2026-02-20 09:51:44 : DEBUG] - Lock option (updraft_lock_smush, wp_options) was created in the database 
[2026-02-20 09:51:44 : INFO] - Lock (updraft_lock_smush, wp_options) acquired after initialising the database 
[2026-02-20 09:51:44 : INFO] - Processing task with ID : 65, and type 'smush' 
[2026-02-20 09:51:44 : INFO] - Re_Smush_It_Task with attachment ID : 2531, auto created on : February 20, 2026 09:46:40 
[2026-02-20 09:51:44 : INFO] - File: studio-with-camera-lamps-person-with-speaker.jpg, Compression quality: 92 
[2026-02-20 09:51:47 : INFO] - Backing up the original image - 2026/02/studio-with-camera-lamps-person-with-speaker-updraft-pre-smush-original.jpg 
[2026-02-20 09:51:56 : INFO] - Successfully optimized the image - /home3/partumde/partumdesign.com.mx/wp-content/uploads/2026/02/studio-with-camera-lamps-person-with-speaker.jpg.El archivo se ha comprimido de 514.13 KB a 499.48 KB, ahorrando un 2.85 por ciento, usando WP-Optimize 
[2026-02-20 09:51:56 : INFO] - Completed processing task with ID : 65, and type 'smush' 
[2026-02-20 09:51:56 : INFO] - Processing task with ID : 66, and type 'smush' 
[2026-02-20 09:51:56 : INFO] - Re_Smush_It_Task with attachment ID : 2532, auto created on : February 20, 2026 09:48:09 
[2026-02-20 09:51:56 : INFO] - File: Gemini_Generated_Image_lmtqzilmtqzilmtq-1.png, Compression quality: 92 
[2026-02-20 09:51:59 : INFO] - Backing up the original image - 2026/02/Gemini_Generated_Image_lmtqzilmtqzilmtq-1-updraft-pre-smush-original.png 
[2026-02-20 09:52:06 : INFO] - Successfully optimized the image - /home3/partumde/partumdesign.com.mx/wp-content/uploads/2026/02/Gemini_Generated_Image_lmtqzilmtqzilmtq-1.png.El archivo se ha comprimido de 1.65 MB a 455.09 KB, ahorrando un 73.08 por ciento, usando WP-Optimize 
[2026-02-20 09:52:06 : INFO] - Completed processing task with ID : 66, and type 'smush' 
[2026-02-20 09:52:06 : INFO] - Lock option (updraft_lock_smush, wp_options) released 
[2026-02-20 09:52:06 : INFO] - Successfully processed the queue (smush). 2 tasks were processed out of 2. 
[2026-02-20 09:52:06 : INFO] - Lock option (updraft_lock_smush, wp_options) was deleted from the database 
[2026-02-20 09:52:06 : INFO] - Cleaning up tasks of type (smush). A total of 2 tasks will be deleted. 
[2026-02-20 22:45:27 : INFO] - Re_Smush_It_Task with attachment ID : 2825, auto created on : February 20, 2026 10:45:27 
[2026-02-20 22:50:27 : INFO] - A total of 1 tasks of type smush found and will be processed in this iteration 
[2026-02-20 22:50:27 : DEBUG] - Lock option (updraft_lock_smush, wp_options) was created in the database 
[2026-02-20 22:50:27 : INFO] - Lock (updraft_lock_smush, wp_options) acquired after initialising the database 
[2026-02-20 22:50:27 : INFO] - Processing task with ID : 67, and type 'smush' 
[2026-02-20 22:50:27 : INFO] - Re_Smush_It_Task with attachment ID : 2825, auto created on : February 20, 2026 10:45:27 
[2026-02-20 22:50:27 : INFO] - File: Portada-Manual-rusticasa-e1543509409988.jpg, Compression quality: 92 
[2026-02-20 22:50:29 : INFO] - Backing up the original image - 2026/02/Portada-Manual-rusticasa-e1543509409988-updraft-pre-smush-original.jpg 
[2026-02-20 22:50:33 : INFO] - Successfully optimized the image - /home3/partumde/partumdesign.com.mx/wp-content/uploads/2026/02/Portada-Manual-rusticasa-e1543509409988.jpg.El archivo se ha comprimido de 89.28 KB a 89.28 KB, ahorrando un 0 por ciento, usando WP-Optimize 
[2026-02-20 22:50:33 : INFO] - Completed processing task with ID : 67, and type 'smush' 
[2026-02-20 22:50:33 : INFO] - Lock option (updraft_lock_smush, wp_options) released 
[2026-02-20 22:50:33 : INFO] - Successfully processed the queue (smush). 1 tasks were processed out of 1. 
[2026-02-20 22:50:33 : INFO] - Lock option (updraft_lock_smush, wp_options) was deleted from the database 
[2026-02-20 22:50:33 : INFO] - Cleaning up tasks of type (smush). A total of 1 tasks will be deleted. 
[2026-02-21 00:11:53 : INFO] - Re_Smush_It_Task with attachment ID : 2833, auto created on : February 21, 2026 12:11:53 
[2026-02-21 00:18:15 : INFO] - A total of 1 tasks of type smush found and will be processed in this iteration 
[2026-02-21 00:18:15 : DEBUG] - Lock option (updraft_lock_smush, wp_options) was created in the database 
[2026-02-21 00:18:15 : INFO] - Lock (updraft_lock_smush, wp_options) acquired after initialising the database 
[2026-02-21 00:18:15 : INFO] - Processing task with ID : 68, and type 'smush' 
[2026-02-21 00:18:15 : INFO] - Re_Smush_It_Task with attachment ID : 2833, auto created on : February 21, 2026 12:11:53 
[2026-02-21 00:18:15 : INFO] - File: Elementor-post-screenshot_1647_2026-02-21-00-11-53_264ba56c.png, Compression quality: 92 
[2026-02-21 00:18:16 : INFO] - Backing up the original image - elementor/screenshots/Elementor-post-screenshot_1647_2026-02-21-00-11-53_264ba56c-updraft-pre-smush-original.png 
[2026-02-21 00:18:16 : INFO] - Successfully optimized the image - /home3/partumde/partumdesign.com.mx/wp-content/uploads/elementor/screenshots/Elementor-post-screenshot_1647_2026-02-21-00-11-53_264ba56c.png.El archivo se ha comprimido de 29.36 KB a 8.02 KB, ahorrando un 72.68 por ciento, usando WP-Optimize 
[2026-02-21 00:18:16 : INFO] - Completed processing task with ID : 68, and type 'smush' 
[2026-02-21 00:18:16 : INFO] - Lock option (updraft_lock_smush, wp_options) released 
[2026-02-21 00:18:16 : INFO] - Successfully processed the queue (smush). 1 tasks were processed out of 1. 
[2026-02-21 00:18:16 : INFO] - Lock option (updraft_lock_smush, wp_options) was deleted from the database 
[2026-02-21 00:18:16 : INFO] - Cleaning up tasks of type (smush). A total of 1 tasks will be deleted. 
[2026-02-22 01:00:46 : INFO] - Re_Smush_It_Task with attachment ID : 2905, auto created on : February 22, 2026 01:00:46 
[2026-02-22 01:05:46 : INFO] - A total of 1 tasks of type smush found and will be processed in this iteration 
[2026-02-22 01:05:46 : DEBUG] - Lock option (updraft_lock_smush, wp_options) was created in the database 
[2026-02-22 01:05:46 : INFO] - Lock (updraft_lock_smush, wp_options) acquired after initialising the database 
[2026-02-22 01:05:46 : INFO] - Processing task with ID : 47, and type 'smush' 
[2026-02-22 01:05:46 : INFO] - Re_Smush_It_Task with attachment ID : 2905, auto created on : February 22, 2026 01:00:46 
[2026-02-22 01:05:46 : INFO] - File: Elementor-post-screenshot_1647_2026-02-22-01-00-46_3803d954.png, Compression quality: 92 
[2026-02-22 01:05:47 : INFO] - Backing up the original image - elementor/screenshots/Elementor-post-screenshot_1647_2026-02-22-01-00-46_3803d954-updraft-pre-smush-original.png 
[2026-02-22 01:05:47 : INFO] - Successfully optimized the image - /home3/partumde/partumdesign.com.mx/wp-content/uploads/elementor/screenshots/Elementor-post-screenshot_1647_2026-02-22-01-00-46_3803d954.png.El archivo se ha comprimido de 647 bytes a 98 bytes, ahorrando un 84.85 por ciento, usando WP-Optimize 
[2026-02-22 01:05:47 : INFO] - Completed processing task with ID : 47, and type 'smush' 
[2026-02-22 01:05:47 : INFO] - Lock option (updraft_lock_smush, wp_options) released 
[2026-02-22 01:05:47 : INFO] - Successfully processed the queue (smush). 1 tasks were processed out of 1. 
[2026-02-22 01:05:47 : INFO] - Lock option (updraft_lock_smush, wp_options) was deleted from the database 
[2026-02-22 01:05:47 : INFO] - Cleaning up tasks of type (smush). A total of 1 tasks will be deleted. 
[2026-02-23 13:52:38 : INFO] - Re_Smush_It_Task with attachment ID : 3147, auto created on : February 23, 2026 01:52:38 
[2026-02-23 14:02:56 : INFO] - Re_Smush_It_Task with attachment ID : 3151, auto created on : February 23, 2026 02:02:56 
[2026-02-23 14:08:03 : INFO] - A total of 2 tasks of type smush found and will be processed in this iteration 
[2026-02-23 14:08:03 : DEBUG] - Lock option (updraft_lock_smush, wp_options) was created in the database 
[2026-02-23 14:08:03 : INFO] - Lock (updraft_lock_smush, wp_options) acquired after initialising the database 
[2026-02-23 14:08:03 : INFO] - Processing task with ID : 48, and type 'smush' 
[2026-02-23 14:08:03 : INFO] - Task with ID 48 and type (smush) failed with error code invalid_file_path - The linked attachment ID does not have a valid file path 
[2026-02-23 14:08:03 : INFO] - Processing task with ID : 49, and type 'smush' 
[2026-02-23 14:08:03 : INFO] - Re_Smush_It_Task with attachment ID : 3151, auto created on : February 23, 2026 02:02:56 
[2026-02-23 14:08:03 : INFO] - File: Elementor-post-screenshot_1664_2026-02-23-14-02-56_71eb14c9.png, Compression quality: 92 
[2026-02-23 14:08:04 : INFO] - Backing up the original image - elementor/screenshots/Elementor-post-screenshot_1664_2026-02-23-14-02-56_71eb14c9-updraft-pre-smush-original.png 
[2026-02-23 14:08:04 : INFO] - Successfully optimized the image - /home3/partumde/partumdesign.com.mx/wp-content/uploads/elementor/screenshots/Elementor-post-screenshot_1664_2026-02-23-14-02-56_71eb14c9.png.El archivo se ha comprimido de 117.06 KB a 31.25 KB, ahorrando un 73.3 por ciento, usando WP-Optimize 
[2026-02-23 14:08:04 : INFO] - Completed processing task with ID : 49, and type 'smush' 
[2026-02-23 14:08:04 : INFO] - Lock option (updraft_lock_smush, wp_options) released 
[2026-02-23 14:08:04 : INFO] - Successfully processed the queue (smush). 2 tasks were processed out of 2. 
[2026-02-23 14:08:04 : INFO] - Lock option (updraft_lock_smush, wp_options) was deleted from the database 
[2026-02-23 14:08:04 : INFO] - Cleaning up tasks of type (smush). A total of 1 tasks will be deleted. 
[2026-02-23 20:57:03 : INFO] - Re_Smush_It_Task with attachment ID : 3159, auto created on : February 23, 2026 08:57:03 
[2026-02-23 21:11:48 : INFO] - A total of 1 tasks of type smush found and will be processed in this iteration 
[2026-02-23 21:11:48 : DEBUG] - Lock option (updraft_lock_smush, wp_options) was created in the database 
[2026-02-23 21:11:48 : INFO] - Lock (updraft_lock_smush, wp_options) acquired after initialising the database 
[2026-02-23 21:11:48 : INFO] - Processing task with ID : 50, and type 'smush' 
[2026-02-23 21:11:48 : INFO] - Re_Smush_It_Task with attachment ID : 3159, auto created on : February 23, 2026 08:57:03 
[2026-02-23 21:11:48 : INFO] - File: Elementor-post-screenshot_1647_2026-02-23-20-57-03_125b0136.png, Compression quality: 92 
[2026-02-23 21:11:49 : INFO] - Backing up the original image - elementor/screenshots/Elementor-post-screenshot_1647_2026-02-23-20-57-03_125b0136-updraft-pre-smush-original.png 
[2026-02-23 21:11:49 : INFO] - Successfully optimized the image - /home3/partumde/partumdesign.com.mx/wp-content/uploads/elementor/screenshots/Elementor-post-screenshot_1647_2026-02-23-20-57-03_125b0136.png.El archivo se ha comprimido de 647 bytes a 98 bytes, ahorrando un 84.85 por ciento, usando WP-Optimize 
[2026-02-23 21:11:49 : INFO] - Completed processing task with ID : 50, and type 'smush' 
[2026-02-23 21:11:49 : INFO] - Lock option (updraft_lock_smush, wp_options) released 
[2026-02-23 21:11:49 : INFO] - Successfully processed the queue (smush). 1 tasks were processed out of 1. 
[2026-02-23 21:11:49 : INFO] - Lock option (updraft_lock_smush, wp_options) was deleted from the database 
[2026-02-23 21:11:49 : INFO] - Cleaning up tasks of type (smush). A total of 1 tasks will be deleted. 
[2026-02-24 17:11:41 : INFO] - Re_Smush_It_Task with attachment ID : 3161, auto created on : February 24, 2026 05:11:41 
[2026-02-24 17:19:02 : INFO] - A total of 1 tasks of type smush found and will be processed in this iteration 
[2026-02-24 17:19:02 : DEBUG] - Lock option (updraft_lock_smush, wp_options) was created in the database 
[2026-02-24 17:19:02 : INFO] - Lock (updraft_lock_smush, wp_options) acquired after initialising the database 
[2026-02-24 17:19:02 : INFO] - Processing task with ID : 51, and type 'smush' 
[2026-02-24 17:19:02 : INFO] - Task with ID 51 and type (smush) failed with error code invalid_file_path - The linked attachment ID does not have a valid file path 
[2026-02-24 17:19:02 : INFO] - Lock option (updraft_lock_smush, wp_options) released 
[2026-02-24 17:19:02 : INFO] - Successfully processed the queue (smush). 1 tasks were processed out of 1. 
[2026-02-24 17:19:02 : INFO] - Lock option (updraft_lock_smush, wp_options) was deleted from the database 
[2026-02-25 01:48:10 : INFO] - Re_Smush_It_Task with attachment ID : 3299, auto created on : February 25, 2026 01:48:10 
[2026-02-25 01:53:52 : INFO] - A total of 1 tasks of type smush found and will be processed in this iteration 
[2026-02-25 01:53:52 : DEBUG] - Lock option (updraft_lock_smush, wp_options) was created in the database 
[2026-02-25 01:53:52 : INFO] - Lock (updraft_lock_smush, wp_options) acquired after initialising the database 
[2026-02-25 01:53:52 : INFO] - Processing task with ID : 52, and type 'smush' 
[2026-02-25 01:53:52 : INFO] - Re_Smush_It_Task with attachment ID : 3299, auto created on : February 25, 2026 01:48:10 
[2026-02-25 01:53:52 : INFO] - File: Elementor-post-screenshot_1647_2026-02-25-01-48-10_39deb700.png, Compression quality: 92 
[2026-02-25 01:53:53 : INFO] - Backing up the original image - elementor/screenshots/Elementor-post-screenshot_1647_2026-02-25-01-48-10_39deb700-updraft-pre-smush-original.png 
[2026-02-25 01:53:53 : INFO] - Successfully optimized the image - /home3/partumde/partumdesign.com.mx/wp-content/uploads/elementor/screenshots/Elementor-post-screenshot_1647_2026-02-25-01-48-10_39deb700.png.El archivo se ha comprimido de 13.00 KB a 2.16 KB, ahorrando un 83.37 por ciento, usando WP-Optimize 
[2026-02-25 01:53:53 : INFO] - Completed processing task with ID : 52, and type 'smush' 
[2026-02-25 01:53:53 : INFO] - Lock option (updraft_lock_smush, wp_options) released 
[2026-02-25 01:53:53 : INFO] - Successfully processed the queue (smush). 1 tasks were processed out of 1. 
[2026-02-25 01:53:53 : INFO] - Lock option (updraft_lock_smush, wp_options) was deleted from the database 
[2026-02-25 01:53:53 : INFO] - Cleaning up tasks of type (smush). A total of 1 tasks will be deleted. 
